Respondent ID,Did you participate in any of the Wellness Month activities or checkups?,"If no, please indicate the reason(s) for not participating: (Select all that apply)",Reason for not participating in wellness activities - Lack of time,Reason for not participating in wellness activities - Not interested,Reason for not participating in wellness activities - Scheduling conflicts,Reason for not participating in wellness activities - Other (please specify),Which wellness checkups or activities did you participate in? (Select all that apply),Wellness Activities participated in - General health checkup,Wellness Activities participated in - Dental checkup,Wellness Activities participated in - Eye examination,Wellness Activities participated in - Mental health counseling,Wellness Activities participated in - Nutritional counseling,Wellness Activities participated in - Other (please specify),How would you score the organization and communication of Wellness Month activities?,How satisfied were you with the following aspects of the wellness checkups and activities?,How satisfied were you with wellness activity - Professionalism of healthcare providers,How satisfied were you with wellness activity - Quality of the services provided,How satisfied were you with wellness activity - Variety of services offered,How satisfied were you with wellness activity - Convenience of service locations,How satisfied were you with wellness activity - Duration of appointments,How would you score your overall experience during Wellness Month?,Did you receive any useful advice or recommendations from the wellness checkups?,"Advice Implementation - If yes, did you implement any of the advice or recommendations?",Do you agree that participating in Wellness Month has had a positive impact on your health and wellbeing?,What additional wellness services or activities would you like to see offered in future Wellness Months?,Do you have any suggestions for improving the current Wellness Month initiative?,Any other comments or feedback about Wellness Month?,How long have you been with the organization?
118668788952.0,No,,Lack of time,,,,,,,,,,,,,,,,,,,,,,,,,
118668476122.0,No,,Lack of time,,Scheduling conflicts,,None of the above,,,,,,,Poor,Neutral,Neutral,Neutral,Neutral,Neutral,Neutral,Neutral,No,No,Neutral,,BMI is usually used with Caucasians. I'm not sure it accurately gives information on someone's health.,,More than 5 years
118667617442.0,No,Not aware of the activities,,,,,None of the above,,,,,,,Very poor,Neutral,Satisfied,Neutral,Neutral,Disatisfied,Disatisfied,Neutral,Yes,No,Neutral,,,,
118667957570.0,,,,,,,,,,,,,,,,,,,,,,,,,,,,
118667925907.0,Yes,,,,,,,General health checkup,Dental checkup,Eye examination,,Nutritional counseling,,Very Good,Very Satisfied,Satisfied,Satisfied,Satisfied,Satisfied,Satisfied,Very Good,Yes,Yes,Strongly agree,,,,More than 5 years
118667806560.0,No,,Lack of time,,,,None of the above,,,,,,,Good,Satisfied,Satisfied,Satisfied,Satisfied,Satisfied,Satisfied,Poor,No,No,Agree,,,,1 - 3 years
118667747740.0,Yes,,,,,,,General health checkup,,,,,,Good,Satisfied,Satisfied,Satisfied,Satisfied,Satisfied,Satisfied,Very Good,Yes,Yes,Strongly agree,,,,3 - 5 years
118667663941.0,Yes,,,,,,,General health checkup,Dental checkup,Eye examination,,Nutritional counseling,,Very Good,Very Satisfied,Satisfied,Very Satisfied,Very Satisfied,Very Satisfied,Very Satisfied,Very Good,Yes,Yes,Strongly agree,,,AON MiNET team to improve their services in terms of giving appointments for counselling then cancelling it the last minute when you show up with the patient. I feel they lack professionalism. Most of the time they have trainees as counsellors and I am not very comfortable to share my issues,More than 5 years
118667655125.0,Yes,,,,,,,General health checkup,Dental checkup,Eye examination,,,,Very Good,Satisfied,Satisfied,Satisfied,Satisfied,Satisfied,Satisfied,Good,Yes,Yes,Strongly agree,,,,More than 5 years
118667606602.0,Yes,,,,,,,General health checkup,,Eye examination,,,,Very Good,Satisfied,Satisfied,Satisfied,Satisfied,Satisfied,Satisfied,Good,Yes,Yes,Agree,Ok for now,no,no,More than 5 years
118667613558.0,No,Not aware of the activities,Lack of time,,Scheduling conflicts,,None of the above,,,,,,,Average,Neutral,Neutral,Neutral,Neutral,Disatisfied,Neutral,Neutral,No,No,Neutral,GYM,NO,NO,More than 5 years
118667622364.0,Yes,,,,,,,General health checkup,Dental checkup,,,,,Average,Neutral,Disatisfied,Neutral,Neutral,Disatisfied,Neutral,Neutral,Yes,Yes,Strongly agree,emphasis on financial wellbeing is more critical in these times hence more forums can be schedules for colleagues,"the wellness ambassadors within the various teams need to be more visible and empowered with activities they can take their teams through during the wellness month, this can be on a weekly basis where its made mandatory for teams to have morning hurdles to discuss about wellness.",,More than 5 years
118667607640.0,Yes,,,,,,,General health checkup,,,Mental health counseling,,,Very Good,Satisfied,Satisfied,Satisfied,Satisfied,Neutral,Neutral,Good,Yes,Yes,Strongly agree,Ok,Ok,Can have a sub-department that deals with employee wellness fulltime.,1 - 3 years
118667605998.0,Yes,,,,,,,General health checkup,Dental checkup,Eye examination,,,,Very Good,Satisfied,Satisfied,Very Satisfied,Satisfied,Satisfied,Satisfied,Good,Yes,Yes,Strongly agree,"Please increase limits allocated to annual wellness in our insurance. The annual sh.40,000 is not enough.",,,More than 5 years
118667595938.0,No,,Lack of time,,Scheduling conflicts,,None of the above,,,,,,,Good,,,,,,,,,,,,,,
118667373047.0,Yes,,,,,,,General health checkup,,,,,,Very Good,Satisfied,Very Satisfied,Satisfied,Neutral,Disatisfied,Neutral,Good,Yes,Yes,Strongly agree,Breast cancer screening,,,More than 5 years
118667277118.0,,,,,,,,,,,,,,,,,,,,,,,,,,,,
118666774122.0,No,,,,Scheduling conflicts,,,,,,,,,,,,,,,,,,,,,,,
118664303993.0,Yes,Not aware of the activities,,,Scheduling conflicts,,None of the above,,,,,,,Average,Satisfied,Satisfied,Satisfied,Satisfied,Satisfied,Satisfied,Good,Yes,No,Agree,No,No,,
118666254582.0,Yes,,,,,,,,Dental checkup,,,,,Very Good,Very Satisfied,Very Satisfied,Very Satisfied,Satisfied,Satisfied,Very Satisfied,Very Good,Yes,Yes,Agree,,,,1 - 3 years
118665373457.0,Yes,,,,Scheduling conflicts,,,,,,,,,,,,,,,,,,,,,,,
118666222173.0,Yes,,,,,,,General health checkup,Dental checkup,Eye examination,,,,Good,Satisfied,Satisfied,Satisfied,Disatisfied,Satisfied,Satisfied,Good,Yes,Yes,Agree,mental health,Being open to more providers,,More than 5 years
118666208782.0,Yes,Not aware of the activities,,,,,,,,,,,,,,,,,,,,,,,,,,
118666189384.0,Yes,,,,,,,General health checkup,Dental checkup,Eye examination,,,,Good,Satisfied,Satisfied,Satisfied,Satisfied,Satisfied,Satisfied,Good,Yes,Yes,Strongly agree,General fitness activities for colleagues at the Sport Club grounds,Keep Up with updates to colleagues,Has been useful and helpful,More than 5 years
118666123026.0,Yes,,,,,,,General health checkup,Dental checkup,Eye examination,,,,Very Good,Disatisfied,Very Satisfied,Very Satisfied,Very Satisfied,Very Satisfied,Very Satisfied,Very Good,Yes,Yes,Strongly agree,happiness,supportive,increase more vendors eg avenue hospital,More than 5 years
118666115544.0,No,Not aware of the activities,,,,,None of the above,,,,,,,Average,Satisfied,Satisfied,Satisfied,Satisfied,Satisfied,Satisfied,Good,No,No,Neutral,Communicate well in advance and organize wellness activities at branch level,Involve upcountry branch colleagues in the activities,nil,More than 5 years
118666113614.0,,,,,,,,,,,,,,,,,,,,,,,,,,,,
118666103849.0,No,,,,Scheduling conflicts,,,General health checkup,Dental checkup,Eye examination,,Nutritional counseling,,Good,Satisfied,Satisfied,Satisfied,Satisfied,Satisfied,Satisfied,Good,Yes,Yes,Strongly agree,Satisfied with what is offered,,,More than 5 years
118666082077.0,Yes,,,,,,,General health checkup,,,,,,Good,Satisfied,Satisfied,Satisfied,Satisfied,Satisfied,Satisfied,Good,Yes,Yes,Strongly agree,spouse and children checkups,maybe to be done twice a year,this is very good gesture from employer,More than 5 years
118666077699.0,,,,,,,,,,,,,,,,,,,,,,,,,,,,
118666054598.0,Yes,,,,,,,General health checkup,Dental checkup,Eye examination,,,,Very Good,Satisfied,Satisfied,Satisfied,Satisfied,Satisfied,Satisfied,Good,Yes,Yes,Agree,"pap smear, breast examination",Have a private room in a nearby health facility for pap smear and breast examination,no,More than 5 years
118666068959.0,No,Not aware of the activities,,,,,,,,,,,,,,,,,,,,,,,,,,
118666065401.0,Yes,,,,,,,General health checkup,,,,,,Very Good,Satisfied,Satisfied,Satisfied,Satisfied,Neutral,Satisfied,Very Good,Yes,Yes,Agree,Testing of blood group and educating colleagues on the importance of knowing their blood group. ,Timeframe to be extended and location at the branch is limting.,none,More than 5 years
118666064264.0,Yes,,,,,,,General health checkup,,,,,,Very Good,Very Satisfied,Very Satisfied,Very Satisfied,Very Satisfied,Very Satisfied,Very Satisfied,Very Good,Yes,Yes,Strongly agree,continue with good work,all is well,let it continue ,More than 5 years
118666062217.0,Yes,,,,,,,General health checkup,Dental checkup,Eye examination,,Nutritional counseling,,Average,Very Satisfied,Very Satisfied,Very Satisfied,Very Satisfied,Very Satisfied,Very Satisfied,Very Good,Yes,Yes,Strongly agree,happy with what is provided ,The build up to the wellness check week should start early enough to enable staff to be aware of it and to attend,It is a great program ,1 - 3 years
118666057826.0,No,Not aware of the activities,,,,,,,,Eye examination,Mental health counseling,,,Average,Neutral,Satisfied,Satisfied,Satisfied,Neutral,Neutral,Neutral,Yes,Yes,Agree,Comprehensive check up,,,More than 5 years
118666056207.0,No,,,,Scheduling conflicts,,None of the above,,,,,,,Average,Neutral,Neutral,Neutral,Neutral,Neutral,Neutral,Neutral,No,No,Neutral,,,,More than 5 years
118666055838.0,Yes,,,,,,,General health checkup,Dental checkup,Eye examination,,,,Very Good,,,,,,,,,,,,,,
118666054456.0,No,,,,,i had done a wellness checkup just before ours was launched,None of the above,,,,,,,Good,,,,,,,,,,,,,,
118666054307.0,No,,,,Scheduling conflicts,,,,,,,,,,,,,,,,,,,,,,,
118666052344.0,Yes,,,,,,,General health checkup,Dental checkup,Eye examination,,Nutritional counseling,,Good,Very Satisfied,Satisfied,Satisfied,Satisfied,Very Satisfied,Satisfied,Very Good,Yes,Yes,Strongly agree,variety of service providers e.g for optical checks. Poor quality  spectacles and frames were the only ones offered,SMS could be sent to staff as an addition to the emailers,healthy lifestyle rewards for the year not offered,More than 5 years
118666049520.0,No,Not aware of the activities,Lack of time,,,,,General health checkup,Dental checkup,Eye examination,,Nutritional counseling,,Very Good,Very Satisfied,Very Satisfied,Very Satisfied,Very Satisfied,Very Satisfied,Very Satisfied,Very Good,Yes,Yes,Strongly agree,na,,NO,3 - 5 years
118666048549.0,No,,Lack of time,,,,None of the above,,,,,,,Good,,,,,,,,,,,,,,
118666043999.0,No,Not aware of the activities,,,,,None of the above,,,,,,,Average,,,,,,,,,,,,,,
118665432146.0,Yes,,,,,,,General health checkup,,,,,,Very Good,Very Satisfied,Very Satisfied,Very Satisfied,Very Satisfied,Very Satisfied,Very Satisfied,Very Good,Yes,Yes,Strongly agree,cancer sreening,no,good,More than 5 years
118666041181.0,Yes,,,,,,,General health checkup,,,,,,Good,Satisfied,Satisfied,Satisfied,Satisfied,Satisfied,Satisfied,Good,Yes,Yes,Agree,I think it has been okay and i have done the checks that need to be done.,,,More than 5 years
118666041307.0,Yes,,,,,,,General health checkup,Dental checkup,Eye examination,,,,Very Good,Very Satisfied,Satisfied,Satisfied,Satisfied,Very Satisfied,Very Satisfied,Good,Yes,No,Strongly agree,Cancer screening,,,1 - 3 years
118666040238.0,No,,Lack of time,,Scheduling conflicts,,None of the above,,,,,,,Average,Neutral,Neutral,Neutral,Neutral,Neutral,Neutral,Neutral,No,No,Neutral,Cancer marker checks - blood tests  Follow up calls by doctors,Create awareness well in advance and have running programms,,Less than 1 year
118666040235.0,Yes,,,,,,,General health checkup,,,,,,Very Good,Very Satisfied,Very Satisfied,Very Satisfied,Very Satisfied,Very Satisfied,Very Satisfied,Very Good,Yes,Yes,Agree,,,,More than 5 years
118666033515.0,No,,Lack of time,,,,,General health checkup,,Eye examination,,,,Good,Very Satisfied,Satisfied,Satisfied,Satisfied,Neutral,Neutral,Good,Yes,Yes,Strongly agree,30 minutes aerobics in branch set up,allow local nutritionist /health practitioner locally to give us a talk regularly,thanks team for caring for us,More than 5 years
118666033498.0,,,,,,,,,,,,,,,,,,,,,,,,,,,,
118666028363.0,Yes,,,,,na,,General health checkup,Dental checkup,Eye examination,,,,Very Good,Satisfied,Satisfied,Neutral,Satisfied,Satisfied,Satisfied,Good,Yes,Yes,Strongly agree,So far i am satisfied with the current services,Should include a counsellor for mental health,"It has been a very good exercise for me and all colleagues, and I have realized that I should carry out annual health check for my own personal good.",More than 5 years
118666030751.0,,,,,,,,,,,,,,,,,,,,,,,,,,,,
118665409236.0,No,,,,Scheduling conflicts,,,General health checkup,,,,,,Good,Neutral,Neutral,Neutral,Neutral,Neutral,Neutral,Good,Yes,Yes,Agree,nil,,,3 - 5 years
118666029384.0,Yes,,,,,,,General health checkup,Dental checkup,Eye examination,,Nutritional counseling,,Good,Very Satisfied,Satisfied,Satisfied,Very Satisfied,Very Satisfied,Neutral,Very Good,Yes,Yes,Agree,,,the location for example brnch isnot a good place to take a test like hiv ,More than 5 years
118666027613.0,Yes,,,,,,,General health checkup,,,,,,Very Good,Very Satisfied,Very Satisfied,Very Satisfied,Very Satisfied,Very Satisfied,Very Satisfied,Very Good,Yes,Yes,Strongly agree,Went for my check up in AAR. the allocation per family- can it be increased,All good. Just colleagues to own up their health and check how they are doing.,thank you for this,More than 5 years
118666027313.0,No,,,,Scheduling conflicts,,,,,,,,,,,,,,,,,,,,,,,
118666025960.0,Yes,,,,,,,General health checkup,,Eye examination,Mental health counseling,,,Good,Very Satisfied,Satisfied,Neutral,Neutral,Satisfied,Satisfied,Good,Yes,Yes,Strongly agree,Helpful supplements,should be more frequent,none,More than 5 years
118666023668.0,No,,,,,am a new employee,None of the above,,,,,,,Good,Very Satisfied,Very Satisfied,Very Satisfied,Very Satisfied,Very Satisfied,Very Satisfied,Very Good,Yes,Yes,Strongly agree,marriage advice,no really,no,Less than 1 year
118666024486.0,Yes,,,,,,,General health checkup,,,,,,Good,Satisfied,Neutral,Neutral,Neutral,Satisfied,Satisfied,Good,Yes,Yes,Agree,,,,
118666022343.0,No,,,,Scheduling conflicts,,,,,,,,,,,,,,,,,,,,,,,
118666020175.0,Yes,,,,,,,General health checkup,Dental checkup,Eye examination,,,,Good,Satisfied,Satisfied,Satisfied,Satisfied,Satisfied,Satisfied,Good,Yes,No,Agree,,,,More than 5 years
118665440522.0,Yes,,,,,,,General health checkup,,,,,,Very Good,Satisfied,Satisfied,Satisfied,Satisfied,Satisfied,Satisfied,Very Good,Yes,Yes,Strongly agree,,,,1 - 3 years
118665742266.0,No,,Lack of time,,Scheduling conflicts,,None of the above,,,,,,,Average,Neutral,Satisfied,Satisfied,Neutral,Neutral,Neutral,Neutral,No,No,Neutral,More detailed communication of what wellness month entails and which services/ activities are available to colleagues,"More detailed communication of when, where and how colleagues can plug in",,More than 5 years
118665734182.0,No,,,,Scheduling conflicts,,None of the above,,,,,,,Average,Neutral,Satisfied,Satisfied,Neutral,Disatisfied,Disatisfied,Neutral,No,No,Agree,Full body check up,increase time and visibility,none,More than 5 years
118665684634.0,Yes,,,,,,,General health checkup,Dental checkup,Eye examination,,,,Very Good,Satisfied,Disatisfied,Neutral,Satisfied,Satisfied,Satisfied,Good,No,No,Agree,,,,
118665466258.0,No,,,,Scheduling conflicts,,None of the above,,,,,,,Very Good,,,,,,,,,,,,,,
118665649446.0,Yes,,,,,,,General health checkup,,,,Nutritional counseling,,Very Good,Neutral,Satisfied,Very Satisfied,Disatisfied,Satisfied,Neutral,Very Good,Yes,Yes,Strongly agree,,no,no,3 - 5 years
118665582124.0,No,,Lack of time,,,,None of the above,,,,,,,Good,Satisfied,Very Satisfied,Very Satisfied,Satisfied,Disatisfied,Satisfied,Good,Yes,Yes,Agree,"increase frequency, add locations","increase frequency, add locations",,More than 5 years
118665580313.0,Yes,,,,,,,General health checkup,Dental checkup,Eye examination,,,,Very Good,Satisfied,Very Satisfied,Very Satisfied,Very Satisfied,Very Satisfied,Very Satisfied,Very Good,Yes,Yes,Strongly agree,,,,More than 5 years
118665549759.0,No,,,,,I felt that the check up involved so many health providers and therefore disjointed ,None of the above,,,,,,,Average,Disatisfied,Satisfied,Disatisfied,Disatisfied,Satisfied,Disatisfied,Poor,No,No,Disagree,"It doesn't make sense having many practitioners in one place with meagre machines in the name of check up. We need full comprehensive check up in a renowned facility with all machines and devices including scan machines that can scan the whole body and give a full diagnosis of what is right and what is not.for instance MRI, PSA, cancer screening etc.","Stop having disjointed services. If I have a dental referral in one hospital, an eye referral in another, a scam in another, it makes it tideous. A person should just be able to visit one hospital and have the full package done",N/a,1 - 3 years
118665541873.0,Yes,,,,,,,General health checkup,,Eye examination,,,,Very Good,Very Satisfied,Very Satisfied,Very Satisfied,Very Satisfied,Very Satisfied,Very Satisfied,Very Good,Yes,Yes,Strongly agree,,,,More than 5 years
118664335310.0,Yes,,,,,,,General health checkup,Dental checkup,Eye examination,Mental health counseling,Nutritional counseling,,Good,Very Satisfied,Very Satisfied,Very Satisfied,Satisfied,Very Satisfied,Very Satisfied,Very Good,Yes,Yes,Strongly agree,1.Financial health  2.Physical fitness,Not at the moment,,More than 5 years
118665534708.0,Yes,,,,,,,General health checkup,Dental checkup,Eye examination,,Nutritional counseling,,Very Good,Very Satisfied,Very Satisfied,Very Satisfied,Very Satisfied,Very Satisfied,Very Satisfied,Very Good,Yes,Yes,Strongly agree,Physio checks to be added,Good enough,Continuous awareness would be encouraged,More than 5 years
118665513065.0,Yes,,,,,,,General health checkup,,Eye examination,,,,Good,Very Satisfied,Very Satisfied,Very Satisfied,Very Satisfied,Satisfied,Satisfied,Very Good,Yes,Yes,Strongly agree,follow-up sessions at designated facilities to measure progress for specific markers,none,none,More than 5 years
118665510313.0,Yes,,,,,,,General health checkup,Dental checkup,Eye examination,,Nutritional counseling,,Very Good,Satisfied,Satisfied,Satisfied,Satisfied,Satisfied,Satisfied,Very Good,Yes,Yes,Strongly agree,Dealing with loss,create more awareness,,More than 5 years
118665506608.0,No,,,,Scheduling conflicts,,None of the above,,,,,,,Poor,Neutral,Neutral,Neutral,Neutral,Neutral,Neutral,Neutral,No,No,Neutral,,,,1 - 3 years
118665487120.0,No,,,,Scheduling conflicts,,None of the above,,,,,,,Average,Disatisfied,Neutral,Neutral,Neutral,Neutral,Neutral,Neutral,Yes,No,Agree,Breaking from a busy schedule ,Health breaks - mandatory,N/A ,1 - 3 years
118663719568.0,Yes,,,,,,,General health checkup,Dental checkup,Eye examination,,,,Very Good,Neutral,Satisfied,Satisfied,Satisfied,Satisfied,Satisfied,Very Good,Yes,Yes,Strongly agree,Menopause challenges,,None.,1 - 3 years
118665483948.0,Yes,,,,,,,General health checkup,Dental checkup,Eye examination,,,,Very Good,Very Satisfied,Satisfied,Very Satisfied,Satisfied,Very Satisfied,Satisfied,Very Good,Yes,Yes,Strongly agree,,,,3 - 5 years
118665464834.0,Yes,,,,,,,General health checkup,Dental checkup,Eye examination,,Nutritional counseling,,Very Good,Very Satisfied,Very Satisfied,Very Satisfied,Satisfied,Neutral,Very Satisfied,Very Good,Yes,Yes,Strongly agree,,none,ok,More than 5 years
118665475916.0,,,,,,,,,,,,,,,,,,,,,,,,,,,,
118665468475.0,Yes,,,,,,,,Dental checkup,Eye examination,Mental health counseling,,,Average,Very Disatisfied,Satisfied,Satisfied,Satisfied,Very Satisfied,Very Satisfied,Good,Yes,Yes,Strongly agree,,,,More than 5 years
118665463739.0,Yes,,,,,,,General health checkup,Dental checkup,Eye examination,,Nutritional counseling,,Very Good,Very Satisfied,Satisfied,Very Satisfied,Satisfied,Satisfied,Satisfied,Very Good,Yes,Yes,Strongly agree,thorugh checkups to be done twice a year,thorugh checkups to be done twice a year,,1 - 3 years
118665447351.0,Yes,,,,,,,General health checkup,Dental checkup,Eye examination,,,,Very Good,Satisfied,Satisfied,Satisfied,Satisfied,Satisfied,Satisfied,Good,Yes,Yes,Strongly agree,,no,no,More than 5 years
118665455631.0,No,,,,Scheduling conflicts,,None of the above,,,,,,,Good,,,,,,,,,,,,,,
118665389429.0,Yes,,,,,,,,Dental checkup,,,,,Good,,,,,,,,,,,,,,
118665446848.0,No,,,,Scheduling conflicts,,None of the above,,,,,,,Average,Neutral,Neutral,Neutral,Neutral,Neutral,Neutral,Good,No,No,Agree,Will attend the next one and go from there,,nil,More than 5 years
118665447965.0,Yes,,,,,,,General health checkup,Dental checkup,Eye examination,,,,Very Good,Very Satisfied,Very Satisfied,Very Satisfied,Very Satisfied,Very Satisfied,Very Satisfied,Very Good,Yes,Yes,Strongly agree,,,,More than 5 years
118665434396.0,Yes,,,,,,,General health checkup,,,,,,Very Good,Very Satisfied,Very Satisfied,Very Satisfied,Very Satisfied,Very Satisfied,Very Satisfied,Very Good,Yes,Yes,Strongly agree,ok,.,.,More than 5 years
118665430777.0,Yes,,,,,,,General health checkup,,,,,,Average,Very Disatisfied,Satisfied,Satisfied,Satisfied,Neutral,Very Satisfied,Good,Yes,Yes,Agree,nutrition and dietary,make it easy for bookings especially for customer facing staff who work 9-4 during operating hours,they should continue,1 - 3 years
118665420814.0,Yes,,,,,,,General health checkup,Dental checkup,Eye examination,,Nutritional counseling,,Very Good,Very Satisfied,Very Satisfied,Very Satisfied,Very Satisfied,Very Satisfied,Very Satisfied,Very Good,Yes,Yes,Strongly agree,Thyroid checks especially for the ladies to confirm if hormone levels are in order,,1. Cholesterol checks should yield a report on not just the Total Cholesterol level but break it down to LDL and HDL results - to determine what needs to be adjusted in form of diet and exercise.  2. Ruaraka Sports Club is far. Could we pay Aga Khan High School to use their basketball and open fields after school hours 5-7pm?,More than 5 years
118665398340.0,Yes,,,,,,,General health checkup,Dental checkup,Eye examination,,Nutritional counseling,,Very Good,Very Satisfied,Very Satisfied,Very Satisfied,Very Satisfied,Very Satisfied,Very Satisfied,Very Good,Yes,Yes,Strongly agree,MAMMOGRAM TESTS,"since most HQ colleagues are WFH, the next wellness fare to be carried out with partners stationed across various branches/ towns within Nairobi, to increase uptake, especially for the colleagues who cannot be present for the checkups at the Hq.",Keep up the good work.   ,More than 5 years
118665418680.0,Yes,,,,,,None of the above,,,,,,,Average,Neutral,Neutral,Neutral,Neutral,Neutral,Neutral,Neutral,No,No,Neutral,,,,1 - 3 years
118665415142.0,Yes,,,,,,,General health checkup,Dental checkup,Eye examination,,,,Very Good,Satisfied,Very Satisfied,Very Satisfied,Very Satisfied,Satisfied,Satisfied,Very Good,Yes,Yes,Strongly agree,,should be done on a saturday to give ample time instead of being done in the evening ,I appreciate Absa for giving us the opportunity to access wellness services,1 - 3 years
118665415425.0,Yes,,,,,,,General health checkup,,,,,,Average,Satisfied,Satisfied,Satisfied,Satisfied,Satisfied,Satisfied,Good,Yes,Yes,Agree,mental,,,More than 5 years
118665412836.0,Yes,,,,,,,General health checkup,Dental checkup,,,,,Good,Satisfied,Satisfied,Satisfied,Neutral,Neutral,Satisfied,Good,Yes,Yes,Agree,fittness / excises advisors,,,More than 5 years
118665396455.0,Yes,,,,,,,General health checkup,,,,,,Very Good,Satisfied,Satisfied,Satisfied,Neutral,Very Satisfied,Satisfied,Good,Yes,Yes,Strongly agree,Support to purchase items that support health lifestyles- sporting wear & gear ,"Relaxation Zones:    Set up relaxation zones with comfortable seating, calming music, and plants to provide a space for participants to unwind.",OK,More than 5 years
118665397390.0,Yes,,,,,,,General health checkup,,,,,,Good,Neutral,Neutral,Neutral,Neutral,Neutral,Neutral,Good,Yes,Yes,Agree,TRAINING ON PHYSICAL FITNESS AND WOR LIFE BALANCE,SHOULD BE DONE TWICE A YEAR,GREAT ACTIVITY,1 - 3 years
118665382908.0,No,,,,,NOT INFORMED THAT MSPs ARE ELIGIBLE,None of the above,,,,,,,Average,Neutral,Neutral,Neutral,Neutral,Neutral,Neutral,Neutral,No,No,Neutral,"I did not attend, so I have no idea","I did not attend, so I have no idea",,1 - 3 years
118665401871.0,,,,,,,,,,,,,,,,,,,,,,,,,,,,
118665401335.0,,,,,,,,,,,,,,,,,,,,,,,,,,,,
118665395576.0,No,Not aware of the activities,,,,,None of the above,,,,,,,Good,Neutral,Neutral,Neutral,Neutral,Neutral,Neutral,Neutral,No,No,Neutral,create awareness first it seems am not aware of any monthly wellness in upcountry branches.,none,none,More than 5 years
118665394712.0,Yes,,,,,,,General health checkup,Dental checkup,Eye examination,,Nutritional counseling,,Very Good,Very Satisfied,Very Satisfied,Very Satisfied,Very Satisfied,Very Satisfied,Very Satisfied,Very Good,Yes,Yes,Agree,,,,
118665355897.0,No,Not aware of the activities,,,,,,General health checkup,,,Mental health counseling,,,Good,Satisfied,Satisfied,Satisfied,Satisfied,Neutral,Satisfied,Very Good,Yes,Yes,Agree,,,,More than 5 years
118665392556.0,Yes,,,,,,,General health checkup,Dental checkup,Eye examination,Mental health counseling,Nutritional counseling,,Very Good,Very Satisfied,Very Satisfied,Very Satisfied,Very Satisfied,Very Satisfied,Very Satisfied,Very Good,Yes,Yes,Strongly agree,More of Mental wellness,,"DENTAL LET US DO, END TO END. GOING TO THE CLINICS IT IS TAKING TOO LONG.",More than 5 years
118665393315.0,Yes,,,,,,,General health checkup,,,,,,Very Good,Very Satisfied,Very Satisfied,Very Satisfied,Very Satisfied,Very Satisfied,Very Satisfied,Very Good,Yes,Yes,Strongly agree,OK,NO,NO,More than 5 years
118665392065.0,Yes,,,,,,,,Dental checkup,Eye examination,,,,Very Good,Satisfied,Neutral,Satisfied,Very Satisfied,Satisfied,Neutral,Good,Yes,Yes,Strongly agree,Eye specialist to advice more on eyes management and prevention from poor eyesight,Involve also variety/area practioners,none,More than 5 years
118665394300.0,,,,,,,,,,,,,,,,,,,,,,,,,,,,
118665390620.0,Yes,,,,,,,General health checkup,Dental checkup,Eye examination,,Nutritional counseling,,Very Good,Very Satisfied,Very Satisfied,Very Satisfied,Very Satisfied,Very Satisfied,Very Satisfied,Very Good,Yes,Yes,Strongly agree,"wellness programme extended to our families, where we have a wellness family week lets say like at Absa sports club.",none ,none ,More than 5 years
118665391312.0,No,,Lack of time,,,,None of the above,,,,,,,Good,Neutral,Neutral,Neutral,Neutral,Neutral,Neutral,Neutral,No,No,Strongly agree,,,,3 - 5 years
118665376049.0,No,Not aware of the activities,,,,,,General health checkup,Dental checkup,Eye examination,,,,Average,Satisfied,Very Satisfied,Satisfied,Neutral,Very Satisfied,Neutral,Good,Yes,Yes,Agree,general body checkups,"the time taken queuing is a bit long, that can be reduced by increasing the number of medical personnel",I commend the bank for the initiative on wellness and taking it to another level. Grateful ,3 - 5 years
118665385360.0,Yes,,,,,,,General health checkup,Dental checkup,Eye examination,,,,Average,Satisfied,Satisfied,Neutral,Neutral,Satisfied,Very Disatisfied,Neutral,Yes,Yes,Neutral,Fertility consultation & dermatology,Increase cover for Lead Generators. ,"INCREASE INCREASE INCREASE MEDICAL COVER FOR LEAD GENERATORS ARE WE ARE THE ONES GOING OUT THERE, GETTING THE CLIENTS WHO BRING IN THE MONEY TO OAY FOR PERMANENT STAFF MEDICAL COVERS!!!!!!! INCREASE MEDICAL COVER!!!!!!!!! HOW CAN 10K BE LIMIT OF SOMEONE WITH TWO KIDS!!!!!!!",1 - 3 years
118665386851.0,Yes,,,,,,,General health checkup,,,,,,Good,Neutral,Neutral,Neutral,Neutral,Neutral,Neutral,Good,Yes,Yes,Agree,,,,1 - 3 years
118665385027.0,Yes,,,,,,,General health checkup,,Eye examination,,Nutritional counseling,,Very Good,Satisfied,Satisfied,Satisfied,Satisfied,Satisfied,Satisfied,Very Good,Yes,Yes,Agree,Mental health,The timings limiting for small branches,Engage more especially mental health.  staff and their families are suffering in silence,More than 5 years
118665382077.0,No,,,,,The check-ups are part of my annual check-up done at the end of the year.,None of the above,,,,,,,Good,Neutral,Neutral,Neutral,Neutral,Neutral,Neutral,Good,,,,,,,
118665386906.0,,,,,,,,,,,,,,,,,,,,,,,,,,,,
118665383660.0,Yes,,,,,,,General health checkup,,Eye examination,,,,Average,Neutral,Satisfied,Satisfied,Satisfied,Satisfied,Satisfied,Good,No,No,Agree,Financial wellness especially of the colleagues having sick people,Doing regular check up within the organization,,1 - 3 years
118665384459.0,Yes,,,,,,,General health checkup,,,,,,Average,Neutral,Satisfied,Satisfied,Neutral,Satisfied,Satisfied,Good,Yes,Yes,Agree,none,no,no,1 - 3 years
118665384437.0,No,Not aware of the activities,,,,,,,,,,,,,,,,,,,,,,,,,,
118665377585.0,Yes,,,,,,,,,,,,via Strava and steps pedometer,Very Good,Satisfied,Satisfied,Satisfied,Satisfied,Satisfied,Satisfied,Very Good,Yes,Yes,Strongly agree,free mental wellness tips,no,no,More than 5 years
118663693730.0,Yes,,,,,,,General health checkup,Dental checkup,,,,,Good,Neutral,Disatisfied,Satisfied,Very Satisfied,Very Satisfied,Satisfied,Good,Yes,Yes,Strongly agree,MORE ON HEALTHY DIETS,NO,NO,More than 5 years
118665380162.0,Yes,,,,,i participated,,General health checkup,Dental checkup,Eye examination,,Nutritional counseling,,Very Good,Disatisfied,Satisfied,Satisfied,Satisfied,Satisfied,Neutral,Good,No,No,Neutral,cervical cancer test,"Proper communication of results should be implemented,one should suggest how they wany to receive the results",no,More than 5 years
118665381241.0,Yes,,,,,,,General health checkup,,,,,,Good,Satisfied,Satisfied,Satisfied,Satisfied,Satisfied,Satisfied,Good,Yes,Yes,Agree,,,,More than 5 years
118665363282.0,Yes,,,,,,,General health checkup,Dental checkup,Eye examination,,Nutritional counseling,,Very Good,Satisfied,Satisfied,Satisfied,Very Satisfied,Very Satisfied,Very Satisfied,Good,Yes,Yes,Strongly agree,,,,More than 5 years
118665362990.0,No,,,,Scheduling conflicts,,None of the above,,,,,,,Average,Neutral,Neutral,Neutral,Neutral,Neutral,Neutral,Neutral,No,No,Strongly disagree,"The exercise has become a tick box event and the service providers especially Omega Optics inflate their prices, provide different products than what was agreed, the dentist cleaning exposes teeth to sensitivity,the papsmear was negative for every one who tried it in our office so begs the issue of genuinity.If these issues can be fixed,I would not mind participating and additionally leave it open for our families as well to participate. I would also appreciate them checking proactively for other diseases,not just cholestrol-we could have organ health-liver,kidney,etc.Then rotate the providers. And have the providers employees be proffesionals in the field.Not just human capital.",We can have a Q&A of what topics are relevant to colleagues.Incude also mental health sessions-not just bytes of info.,Given in point 12,More than 5 years
118665378817.0,Yes,,,,,,,General health checkup,,Eye examination,,Nutritional counseling,,Very Good,Very Satisfied,Very Satisfied,Very Satisfied,Very Satisfied,Very Satisfied,Very Satisfied,Very Good,Yes,Yes,Strongly agree,ok,none,none,More than 5 years
118665366904.0,Yes,,,,,Participated,,General health checkup,Dental checkup,Eye examination,,,,Very Good,Satisfied,Satisfied,Neutral,Satisfied,Very Satisfied,Satisfied,Good,Yes,Yes,Strongly agree,Mental Health,- In case someone is suffering from some condition; the medical team should do a follow up to see if the patient situation is improving or not.,"- Generally, very good initiative by employer and we appreciate.",1 - 3 years
118665378503.0,Yes,,,,,,,General health checkup,Dental checkup,Eye examination,,Nutritional counseling,,Very Good,Satisfied,Satisfied,Neutral,Satisfied,Very Satisfied,Satisfied,Good,Yes,Yes,Agree,mental wellness,,,More than 5 years
118665377833.0,Yes,,,,,,,General health checkup,Dental checkup,,,,,Very Good,,,,,,,,,,,,,,
118665378053.0,No,,,,Scheduling conflicts,,None of the above,,,,,,,Good,Neutral,Neutral,Neutral,Neutral,Neutral,Neutral,Good,No,No,Agree,,,,
118665363512.0,Yes,,,,,,,General health checkup,Dental checkup,Eye examination,,,,Average,,,,,,,,,,,,,,
118665378216.0,,,,,,,,,,,,,,,,,,,,,,,,,,,,
118665378179.0,,,,,,,,,,,,,,,,,,,,,,,,,,,,
118665375238.0,Yes,Not aware of the activities,,,,,,General health checkup,Dental checkup,Eye examination,Mental health counseling,Nutritional counseling,,Average,Neutral,Neutral,Neutral,Neutral,Neutral,Neutral,Good,No,No,Neutral,Okay ,,K,More than 5 years
118665374907.0,Yes,,,,,,,General health checkup,,,,,,Good,Satisfied,Satisfied,Satisfied,Satisfied,Satisfied,Satisfied,Good,Yes,Yes,Agree,WOMEN HEALTH,,,More than 5 years
118665374937.0,Yes,,,,,,,General health checkup,,,,,,Good,Satisfied,Satisfied,Satisfied,Neutral,Very Satisfied,Satisfied,Good,Yes,Yes,Agree,,TO START EARLY IN THE DAY,NONE,More than 5 years
118665372670.0,Yes,,,,,,,,,Eye examination,,,,Good,Satisfied,Very Satisfied,Satisfied,Very Satisfied,Satisfied,Very Satisfied,Good,Yes,Yes,Strongly agree,its ok as it is,,,More than 5 years
118665374879.0,,,,,,,,,,,,,,,,,,,,,,,,,,,,
118665372188.0,No,,,,Scheduling conflicts,,,,Dental checkup,Eye examination,,,,Good,Satisfied,Satisfied,Very Satisfied,Very Satisfied,Satisfied,Satisfied,Good,Yes,Yes,Strongly agree,,NO,NO,More than 5 years
118665371064.0,Yes,,,,,na,,General health checkup,Dental checkup,Eye examination,,Nutritional counseling,,Very Good,Satisfied,Satisfied,Satisfied,Satisfied,Satisfied,Neutral,Good,Yes,Yes,Strongly agree,skin wellness,no,none,More than 5 years
118665369627.0,No,,,,Scheduling conflicts,,None of the above,,,,,,,Average,,,,,,,,,,,,,,
118665369772.0,Yes,,,,,,,General health checkup,,,,,,Very Good,Very Satisfied,Very Satisfied,Very Satisfied,Very Satisfied,Very Satisfied,Very Satisfied,Very Good,Yes,Yes,Strongly agree,Lifestyle disease testing like cancer and diabetes,,Very good initiative and keep it up,More than 5 years
118665370628.0,Yes,,,,,,,General health checkup,,,,,,Very Good,Very Satisfied,Very Satisfied,Very Satisfied,Very Satisfied,Very Satisfied,Very Satisfied,Very Good,Yes,Yes,Strongly agree,,,,More than 5 years
118665364763.0,Yes,,,,,,,General health checkup,,,,,,Good,Satisfied,Satisfied,Satisfied,Satisfied,Satisfied,Satisfied,Good,Yes,Yes,Agree,Increase the Cost limit to allow for more comprehensive checks currently not covered because of the cost limit of annual checkups.    ,"For wellness challenges, can we factor in a way to measure colleagues who go to the gym as opposed to just walking and calculating steps",Great Initiative to keep Colleagues aware of the importance of taking care of their health,More than 5 years
118665364038.0,Yes,,,,,,,General health checkup,Dental checkup,Eye examination,,,,Good,Neutral,Neutral,Satisfied,Satisfied,Satisfied,Neutral,Good,Yes,Yes,Agree,anonymous mental wellness sessions.,anonymous mental wellness sessions.,,More than 5 years
118665367375.0,Yes,,,,,,,,,,Mental health counseling,,,Average,Neutral,Satisfied,Neutral,Neutral,Disatisfied,Disatisfied,Neutral,Yes,Yes,Neutral,PHYSICAL ENGAGEMENT,NO,NO,1 - 3 years
118665366708.0,Yes,,,,,,,,,Eye examination,,,,Good,Satisfied,Neutral,Neutral,Neutral,Neutral,Neutral,Neutral,Yes,Yes,Agree,-Issues to with back problems ,More awareness,,More than 5 years
118665365831.0,Yes,,,,,,,General health checkup,Dental checkup,Eye examination,,Nutritional counseling,,Very Good,Very Satisfied,Very Satisfied,Very Satisfied,Satisfied,Satisfied,Very Satisfied,Very Good,Yes,Yes,Strongly agree,MENTAL HEALTH,INCLUDE HEALTH TALK ,VERY SATISFIED,More than 5 years
118665367892.0,No,Not aware of the activities,,,,,None of the above,,,,,,,Average,,,,,,,,,,,,,,
118665366101.0,Yes,,,,,na,,General health checkup,Dental checkup,Eye examination,,Nutritional counseling,,Very Good,Satisfied,Very Satisfied,Satisfied,Satisfied,Satisfied,Satisfied,Very Good,Yes,Yes,Strongly agree,na,none,none,1 - 3 years
118665366480.0,Yes,,,,,,,General health checkup,Dental checkup,Eye examination,Mental health counseling,Nutritional counseling,,Good,Very Satisfied,Very Satisfied,Very Satisfied,Very Satisfied,Satisfied,Very Satisfied,Very Good,Yes,No,Neutral,Vary the wellness activities to avoid monotony of tests/results.,Share tips for mental health at the workplace.  Implement a no-meetings day once in a while.,Thank you for the initiative.,More than 5 years
118665367291.0,No,,,,Scheduling conflicts,,None of the above,,,,,,,Very Good,,,,,,,,,,,,,,
118665366067.0,No,,,Not interested,,,None of the above,,,,,,,Poor,Disatisfied,Disatisfied,Disatisfied,Disatisfied,Disatisfied,Disatisfied,Poor,No,No,Disagree,,No,No,More than 5 years
118665364743.0,Yes,,,,,,,General health checkup,,,,,,Average,Neutral,Neutral,Neutral,Neutral,Neutral,Neutral,Neutral,No,No,Neutral,,,,More than 5 years
118665365718.0,No,,,,Scheduling conflicts,,None of the above,,,,,,,Very Good,,,,,,,,,,,,,,
118665364422.0,No,Not aware of the activities,,,,,None of the above,,,,,,,Average,Neutral,Disatisfied,Neutral,Neutral,Neutral,Neutral,Neutral,No,No,Neutral,,,,More than 5 years
118665363963.0,No,,,,Scheduling conflicts,,None of the above,,,,,,,Average,Neutral,Neutral,Neutral,Neutral,Neutral,Neutral,Neutral,No,No,Neutral,better communication,make it regional,none,More than 5 years
118665364223.0,Yes,,,,,,,General health checkup,,,,,,Very Good,Satisfied,Satisfied,Satisfied,Satisfied,Satisfied,Satisfied,Good,Yes,Yes,Strongly agree,,,,1 - 3 years
118665364551.0,Yes,,,,,,,General health checkup,Dental checkup,Eye examination,,Nutritional counseling,,Very Good,Very Satisfied,Very Satisfied,Very Satisfied,Very Satisfied,Very Satisfied,Very Satisfied,Very Good,Yes,Yes,Strongly agree,gym classes in branches,,,3 - 5 years
118665365202.0,,,,,,,,,,,,,,,,,,,,,,,,,,,,
118665362866.0,Yes,,,,,,,General health checkup,Dental checkup,Eye examination,,,,Average,Satisfied,Satisfied,Satisfied,Satisfied,Neutral,Neutral,Good,Yes,Yes,Agree,Overcoming addictions.,Include sub-ordinate staff,to be done bi-annually.,1 - 3 years
118665363129.0,Yes,,,,,,,General health checkup,Dental checkup,Eye examination,,,,Good,Satisfied,Satisfied,Satisfied,Neutral,Neutral,Satisfied,Good,Yes,Yes,Strongly agree,,,,
118665362635.0,No,Not aware of the activities,,,,,None of the above,,,,,,,Poor,Neutral,Neutral,Neutral,Neutral,Neutral,Neutral,Neutral,No,No,Neutral,,,,
118665362146.0,Yes,,,,,,,General health checkup,,,,,,Very Good,Very Satisfied,Very Satisfied,Very Satisfied,Very Satisfied,Very Satisfied,Very Satisfied,Very Good,Yes,Yes,Strongly agree,ok,none,none,More than 5 years
118665362152.0,Yes,,,,,,,General health checkup,,,,,,Very Good,Very Satisfied,Very Satisfied,Very Satisfied,Very Satisfied,Very Satisfied,Very Satisfied,Very Good,Yes,Yes,Strongly agree,reading materials ,none,none,More than 5 years
118665359503.0,Yes,,,,,,,General health checkup,Dental checkup,Eye examination,,,,Very Good,Satisfied,Very Satisfied,Very Satisfied,Satisfied,Satisfied,Satisfied,Good,Yes,Yes,Strongly agree,Cancer screening,,none,More than 5 years
118665361375.0,No,,,,Scheduling conflicts,,,,,,,,,,,,,,,,,,,,,,,
118665360559.0,Yes,,,,,,,General health checkup,Dental checkup,Eye examination,Mental health counseling,Nutritional counseling,,Very Good,Very Disatisfied,Very Disatisfied,Very Disatisfied,Very Disatisfied,Very Disatisfied,Very Disatisfied,Very Good,Yes,Yes,Strongly agree,,,,More than 5 years
118665359432.0,Yes,,,,,,,General health checkup,,,,,,Very Good,Very Satisfied,Very Satisfied,Very Satisfied,Very Satisfied,Very Satisfied,Very Satisfied,Very Good,Yes,Yes,Strongly agree,NONE,NONE,"THE WELLNESS ACTIVITY IS A NOBLE ACTIVITY, WE APPRECIATE",1 - 3 years
118665360460.0,Yes,,,,,,,General health checkup,,Eye examination,,,,Good,,,,,,,,,,,,,,
118664365530.0,No,Not aware of the activities,,,,,None of the above,,,,,,,Average,Neutral,Neutral,Neutral,Neutral,Neutral,Neutral,Neutral,No,No,Neutral,,,,More than 5 years
118665358782.0,Yes,,,,,,,General health checkup,,,,,,Very Good,Satisfied,Satisfied,Satisfied,Satisfied,Satisfied,Satisfied,Good,Yes,Yes,Strongly agree,,,OKAY SO FAR,More than 5 years
118665358783.0,Yes,,,,,,,General health checkup,Dental checkup,Eye examination,,,,Good,Satisfied,Disatisfied,Neutral,Neutral,Very Satisfied,Very Satisfied,Very Good,Yes,Yes,Strongly agree,,,,More than 5 years
118665360239.0,,,,,,,,,,,,,,,,,,,,,,,,,,,,
118665355582.0,Yes,,,,,,,General health checkup,,Eye examination,,Nutritional counseling,,Good,Satisfied,Satisfied,Neutral,Satisfied,Satisfied,Neutral,Good,Yes,Yes,Agree,,,,
118665358887.0,Yes,,,,,,,General health checkup,Dental checkup,Eye examination,,Nutritional counseling,,Good,Satisfied,Neutral,Neutral,Satisfied,Satisfied,Satisfied,Good,Yes,Yes,Agree,,,,More than 5 years
118665358701.0,No,Not aware of the activities,,,,,,General health checkup,,,,,,Average,Satisfied,Satisfied,Satisfied,Satisfied,Satisfied,Satisfied,Good,Yes,No,Neutral,,,,
118665356724.0,Yes,,,,,,,General health checkup,Dental checkup,Eye examination,,Nutritional counseling,,Good,Satisfied,Satisfied,Satisfied,Neutral,Satisfied,Neutral,Good,Yes,Yes,Strongly agree,,Colleague awareness through  whatsapp and kayas,,1 - 3 years
118665356919.0,Yes,,,,,,,General health checkup,Dental checkup,Eye examination,,Nutritional counseling,,Very Good,Very Satisfied,Very Satisfied,Very Satisfied,Satisfied,Very Satisfied,Neutral,Good,Yes,Yes,Strongly agree,,,,More than 5 years
118665356424.0,Yes,,,,,,,General health checkup,Dental checkup,Eye examination,Mental health counseling,Nutritional counseling,HIV check and counselling,Very Good,Very Satisfied,Very Satisfied,Very Satisfied,Very Satisfied,Very Satisfied,Very Satisfied,Very Good,Yes,Yes,Strongly agree,Nothing comes to mind,Stretch time a little. Evening is a challenge for ops colleagues.,"for optical, consider Optica.",More than 5 years
118665356290.0,Yes,,,,,,,General health checkup,,Eye examination,,,,Very Good,Very Satisfied,Very Satisfied,Very Satisfied,Very Satisfied,Very Satisfied,Very Satisfied,Very Good,Yes,Yes,Strongly agree,covering of blood pressure machines,so far so good keep up the good work,"keep up the promptness of assisting colleagues even when some of you are on leave, they still get time ",More than 5 years
118665358244.0,Yes,,,,,,,General health checkup,,,,,,Good,Satisfied,Satisfied,Satisfied,Satisfied,Satisfied,Satisfied,Good,Yes,Yes,Agree,,,,
118665357794.0,Yes,,,,,,,General health checkup,,,,,,Very Good,Very Satisfied,Very Satisfied,Very Satisfied,Satisfied,Very Satisfied,Very Satisfied,Very Good,Yes,Yes,Strongly agree,NIA,NONE,NONE,More than 5 years
118665355350.0,No,,,,Scheduling conflicts,,None of the above,,,,,,,Good,Neutral,Neutral,Neutral,Neutral,Neutral,Neutral,Neutral,No,No,Neutral,,change timing and accommodate shift branches,none,More than 5 years
118665355836.0,Yes,,,,,,,General health checkup,,,,,,Good,Satisfied,Satisfied,Satisfied,Satisfied,Very Satisfied,Satisfied,Good,Yes,Yes,Strongly agree,"CANCER SCREENIG, breast exam and cervical exam,   ","let it be early in the year, january when card still has cash","Good initiative, keep it up thanks",More than 5 years
118665355682.0,Yes,,,,,,,,,Eye examination,,,,Good,Neutral,Satisfied,Neutral,Neutral,Neutral,Neutral,Good,Yes,Yes,Agree,counselling for those with medical conditions,care calls by the service provider after their services,"inclusivity will be key for disabled colleagues like recognizing them,rewarding and encouraging them",More than 5 years
118665357498.0,Yes,,,,,,,General health checkup,,,,,,Very Good,Satisfied,Very Satisfied,Very Satisfied,Very Satisfied,Very Satisfied,Satisfied,Good,Yes,Yes,Agree,ok,,,More than 5 years
118665356741.0,Yes,,,,,,,General health checkup,,,,,,Average,Satisfied,Satisfied,Satisfied,Satisfied,Satisfied,Satisfied,Good,Yes,Yes,Strongly agree,Follow up counselling after HIV diagnosis.  ,,,More than 5 years
118665356303.0,No,,Lack of time,,,,None of the above,,,,,,,Average,Neutral,Neutral,Neutral,Neutral,Neutral,Neutral,Neutral,No,No,Neutral,diabetes machines,more frequent visit and checkup,good job keep it up,Less than 1 year
118665355432.0,Yes,,,,,,,General health checkup,,,,,,Good,Very Satisfied,Very Satisfied,Very Satisfied,Satisfied,Satisfied,Satisfied,Good,Yes,Yes,Strongly agree,Cancer wellness services-Try to cover all types ,None for now,Appreciate Absa for the support given on wellness including mental ,More than 5 years
118665355688.0,Yes,,,,,,,General health checkup,,,,,,Good,Satisfied,Satisfied,Very Satisfied,Very Satisfied,Very Satisfied,Very Satisfied,Good,Yes,Yes,Strongly agree,,,,More than 5 years
118665355769.0,Yes,,,,,,,General health checkup,,,,,,Good,Satisfied,Very Satisfied,Neutral,Satisfied,Satisfied,Satisfied,Good,Yes,Yes,Agree,,,,More than 5 years
118665356627.0,Yes,,,,,,,General health checkup,,Eye examination,,Nutritional counseling,,Very Good,Very Satisfied,Very Satisfied,Very Satisfied,Satisfied,Very Satisfied,Very Satisfied,Very Good,Yes,Yes,Strongly agree,none,none,,More than 5 years
118665356315.0,No,Not aware of the activities,,,,,None of the above,,,,,,,Average,Neutral,Neutral,Neutral,Neutral,Neutral,Neutral,Neutral,No,No,Disagree,,,,Less than 1 year
118665356251.0,Yes,,,,,,,,,,Mental health counseling,,,Good,Neutral,Satisfied,Satisfied,Satisfied,Satisfied,Satisfied,Good,Yes,Yes,Agree,,,,More than 5 years
118665357676.0,,,,,,,,,,,,,,,,,,,,,,,,,,,,
118665355189.0,Yes,,,,,,,General health checkup,Dental checkup,Eye examination,,Nutritional counseling,,Very Good,Very Satisfied,Very Satisfied,Very Satisfied,Very Satisfied,Very Satisfied,Very Satisfied,Very Good,Yes,Yes,Strongly agree,"Tests for liver, kidneys and heart health.",,,More than 5 years
118665356482.0,No,Not aware of the activities,,,,,None of the above,,,,,,,Average,Neutral,Neutral,Neutral,Neutral,Neutral,Neutral,Neutral,Yes,Yes,Neutral,,,,
118665356404.0,Yes,,,,,,,General health checkup,Dental checkup,,,Nutritional counseling,,Poor,Satisfied,Satisfied,Satisfied,Satisfied,Satisfied,Satisfied,Good,Yes,Yes,Agree,"Mental services, cancer screening",,,More than 5 years
118665355455.0,Yes,,,,,,,General health checkup,,,,,,Very Good,Very Satisfied,Very Satisfied,Very Satisfied,Very Satisfied,Very Satisfied,Very Satisfied,Very Good,Yes,Yes,Strongly agree,MORE SENSITIZATION TO CREATE AWARENESS.,TO INCORPORATE CSR DURING WELLNESS TO CATER FOR THE AFFECTED IN THE SOCIETY.,TO KEEP UP THE GOOD WORK.,1 - 3 years
118665357447.0,,,,,,,,,,,,,,,,,,,,,,,,,,,,
118665355473.0,Yes,,,,,,,General health checkup,,,,,,Very Good,Very Satisfied,Very Satisfied,Very Satisfied,Very Satisfied,Very Satisfied,Very Satisfied,Very Good,Yes,Yes,Strongly agree,ok,,ok,More than 5 years
118665355823.0,Yes,,,,,,,General health checkup,Dental checkup,,,,,Very Good,Satisfied,Satisfied,Satisfied,Satisfied,Satisfied,Satisfied,Very Good,Yes,Yes,Strongly agree,,,,More than 5 years
118665356030.0,Yes,,,,,,,General health checkup,,,,,,Good,Satisfied,Satisfied,Satisfied,Satisfied,Satisfied,Satisfied,Good,,,,,,,
118665356051.0,No,,Lack of time,,Scheduling conflicts,,None of the above,,,,,,,Poor,,,,,,,,,,,,,,
118665355351.0,No,Not aware of the activities,,,,,,General health checkup,Dental checkup,Eye examination,,,,Average,Neutral,Neutral,Neutral,Neutral,Neutral,Neutral,Neutral,Yes,Yes,Neutral,,,,Less than 1 year
118665355453.0,Yes,,,,,,,General health checkup,,,,,,Very Good,Satisfied,Very Satisfied,Satisfied,Very Satisfied,Very Satisfied,Satisfied,Very Good,Yes,Yes,Agree,,,,More than 5 years
118665355276.0,Yes,,,,,,,General health checkup,,Eye examination,,,,Very Good,Very Satisfied,Very Satisfied,Very Satisfied,Very Satisfied,Very Satisfied,Very Satisfied,Very Good,Yes,Yes,Strongly agree,,,,More than 5 years
118665314896.0,Yes,,,,,,,,Dental checkup,,,,,Good,,,,,,,,,,,,,,
118665300991.0,Yes,,,,,,,General health checkup,,,,,,Good,Satisfied,Satisfied,Satisfied,Neutral,Very Satisfied,Satisfied,Good,Yes,Yes,Agree,To widen scope for check up. ,Take into consideration the colleagues working from home. ,,More than 5 years
118665287197.0,Yes,,,,,,,General health checkup,,,,,,Very Good,Very Satisfied,Satisfied,Very Satisfied,Very Satisfied,Very Satisfied,Very Satisfied,Very Good,Yes,Yes,Strongly agree,Should be every quarter process,,,More than 5 years
118665278384.0,Yes,,,,,,,General health checkup,,,,,,Good,Satisfied,Satisfied,Satisfied,Satisfied,Neutral,Satisfied,Good,Yes,Yes,Agree,The coverage is good,none,none,More than 5 years
118665269458.0,No,,,,Scheduling conflicts,,None of the above,,,,,,,Good,,,,,,,,,,,,,,
118665259186.0,Yes,,,,,,,General health checkup,Dental checkup,,,,,Good,Satisfied,Satisfied,Satisfied,Satisfied,Satisfied,Satisfied,Good,Yes,Yes,Agree,"I wish the Dental/Optical amount would be combined so that you can use the amount as one. In most instances, you exhaust one and never use the other.",no,Its a good initiative and let's keep doing it.,More than 5 years
118665254875.0,Yes,,,,,,,,,,Mental health counseling,,,Very poor,Neutral,Disatisfied,Very Disatisfied,Disatisfied,Satisfied,Disatisfied,Poor,No,No,Disagree,A GYM subscription for all colleagues would be good. It is a selfcare mechanism that will help colleagues deal with their mental issues,,,More than 5 years
118665242956.0,Yes,,,,,,,,Dental checkup,Eye examination,,,,Average,Satisfied,Satisfied,Satisfied,Neutral,Neutral,Neutral,Neutral,Yes,Yes,Neutral,Full body checkup at a subsidized rate,mental health awareness should be on the frontline,work life balance should be encouraged/reinforced,More than 5 years
118665225062.0,No,,Lack of time,,Scheduling conflicts,,None of the above,,,,,,,Very Good,Very Satisfied,Very Satisfied,Very Satisfied,Very Satisfied,Very Satisfied,Very Satisfied,Very Good,No,No,Neutral,,,,
118665223609.0,Yes,,,,,,,General health checkup,Dental checkup,Eye examination,,,,Very poor,Neutral,Neutral,Neutral,Neutral,Neutral,Neutral,Neutral,Yes,Yes,Strongly agree,,,,More than 5 years
118665188876.0,No,Not aware of the activities,,,,,None of the above,,,,,,,Average,Neutral,Satisfied,Satisfied,Satisfied,Neutral,Neutral,Neutral,No,No,Neutral,"mental health, ",flyers around the office. ,designated checkup places for staff,Less than 1 year
118664791840.0,Yes,,,,,,,General health checkup,,Eye examination,,Nutritional counseling,,Very Good,Satisfied,Satisfied,Satisfied,Satisfied,Satisfied,Satisfied,Good,Yes,Yes,Strongly agree,Financial Wellness Programs  Wellness Challenges and Initiatives  Health Education Workshops  Stress Management Programs,These checks should occur twice a year,"Good job, Keep it up",More than 5 years
118664765223.0,Yes,,,,,,,General health checkup,Dental checkup,Eye examination,,Nutritional counseling,,Good,Satisfied,Satisfied,Satisfied,Satisfied,Satisfied,Satisfied,Good,Yes,Yes,Agree,include cancer screening,,,More than 5 years
118664723078.0,,,,,,,,,,,,,,,,,,,,,,,,,,,,
118664582829.0,Yes,,,,,,,General health checkup,,,,,,Good,Satisfied,Satisfied,Satisfied,Satisfied,Satisfied,Satisfied,Good,Yes,Yes,Agree,Onboarding of Health and fitness centres with good rates for colleagues in most parts of the country for ease of accessibility ,Send reminders to colleagues of ongoing activites via email and through the different bank whatsapp chat groups,,More than 5 years
118664555530.0,Yes,,,,,,,,Dental checkup,Eye examination,,Nutritional counseling,,Average,Very Satisfied,Satisfied,Satisfied,Neutral,Very Satisfied,Very Satisfied,Good,Yes,Yes,Agree,mental awareness and counselling,include more check up at subsdised rate,none,More than 5 years
118663695920.0,Yes,,,,,,,General health checkup,Dental checkup,Eye examination,,Nutritional counseling,,Good,Very Satisfied,Very Satisfied,Satisfied,Very Satisfied,Very Satisfied,Very Satisfied,Very Good,Yes,Yes,Strongly agree,Full body check ups ,Can we have it twice a year i.e. mid-year and end year,We truly appreciate the thought towards taking care of employee wellness,More than 5 years
118664504461.0,Yes,Not aware of the activities,,,,,None of the above,,,,,,,Good,Satisfied,Satisfied,Satisfied,Satisfied,Satisfied,Satisfied,Good,Yes,Yes,Strongly agree,All were covered.,More visibility.,None.,More than 5 years
118664498184.0,No,,Lack of time,,,,None of the above,,,,,,,Good,Neutral,Satisfied,Satisfied,Satisfied,Neutral,Neutral,Good,Yes,Yes,Neutral,,,,More than 5 years
118664498820.0,Yes,,,,,,,,Dental checkup,,,,,Good,,,,,,,,,,,,,,
118664489201.0,Yes,,,,,,,General health checkup,,,,Nutritional counseling,,Good,Very Satisfied,Satisfied,Satisfied,Satisfied,Satisfied,Satisfied,Good,Yes,Yes,Agree,,,,
118664487366.0,Yes,,,,,,,,,,,,,,,,,,,,,,,,,,,
118664483305.0,Yes,,,,,,,General health checkup,,,Mental health counseling,,,Good,Satisfied,Satisfied,Satisfied,Satisfied,Satisfied,Satisfied,Good,Yes,Yes,Agree,MENTAL WELL BEING TO BE DONE MORE OFTEN,BY INVOLVING ALL STAFF BECAUSE MOST OF THE TIME THE BRANCH STAFF DO MISS OUT,,More than 5 years
118664471071.0,No,,,,Scheduling conflicts,,,,Dental checkup,Eye examination,,,,Good,Satisfied,Satisfied,Satisfied,Satisfied,Satisfied,Satisfied,Good,Yes,Yes,Agree,Cancer screening,no,thanks,More than 5 years
118664452973.0,Yes,,,,,,,General health checkup,Dental checkup,Eye examination,,Nutritional counseling,,Very Good,Satisfied,Satisfied,Satisfied,Satisfied,Satisfied,Satisfied,Very Good,Yes,Yes,Strongly agree,Extend the wellness to the nuclear family.,None for now,,More than 5 years
118664453566.0,No,Not aware of the activities,,,,,None of the above,,,,,,,Poor,Disatisfied,Disatisfied,Disatisfied,Disatisfied,Disatisfied,Disatisfied,Poor,No,No,Disagree,Better communication when it is happening,Adequately communicate,Please communicate with team beforehand and adequately,Less than 1 year
118664446514.0,Yes,,,,,,,General health checkup,Dental checkup,Eye examination,,Nutritional counseling,,Good,Satisfied,Neutral,Neutral,Neutral,Disatisfied,Neutral,Neutral,Yes,Yes,Agree,IT SHOULD BE FREE OF CHARGE,NO,,More than 5 years
118664416908.0,No,,,,Scheduling conflicts,,,General health checkup,,,,,,Very poor,Disatisfied,Very Disatisfied,Neutral,Satisfied,Very Satisfied,Very Satisfied,Poor,No,No,Disagree,send us professionals not trainees who don't understand their work but are for money.    the services are not standard,bring proffesionals,no,More than 5 years
118664424327.0,No,,Lack of time,,,,,General health checkup,Dental checkup,,,Nutritional counseling,,Good,Satisfied,Satisfied,Satisfied,Satisfied,Satisfied,Satisfied,Good,Yes,Yes,Agree,NONE,NONE,NONE,More than 5 years
118664402940.0,No,,,,Scheduling conflicts,,,,,,Mental health counseling,,,Very Good,Very Satisfied,Very Satisfied,Very Satisfied,Very Satisfied,Very Satisfied,Very Satisfied,Very Good,Yes,Yes,Strongly agree,Men forums ,No,No,Less than 1 year
118664390121.0,No,Not aware of the activities,,,,,None of the above,,,,,,,Good,Neutral,Neutral,Neutral,Neutral,Neutral,Neutral,Neutral,,,,,,,
118664390424.0,,,,,,,,,,,,,,,,,,,,,,,,,,,,
118664316214.0,No,,,,Scheduling conflicts,,None of the above,,,,,,,Average,,,,,,,,,,,,,,
118664374766.0,No,,Lack of time,,,,None of the above,,,,,,,Good,Neutral,Satisfied,Satisfied,Satisfied,Neutral,Neutral,Good,Yes,Yes,Agree,Mental health awareness,frequent chcekups,,More than 5 years
118664373541.0,No,Not aware of the activities,,,,,,General health checkup,,,,,,Good,Neutral,Satisfied,Satisfied,Satisfied,Satisfied,Satisfied,Good,Yes,Yes,Agree,none,none,none,More than 5 years
118664368952.0,Yes,,,,,,,General health checkup,,,,,,Good,Satisfied,Satisfied,Very Satisfied,Neutral,Satisfied,Satisfied,Good,Yes,Yes,Strongly agree,Improve on the amount allocated for the checks. ,having separate days for both gender and improve on communication. you can also motivate staff by award. ,Timely test arrest complications and better management of the medical charges,More than 5 years
118664370903.0,Yes,,,,,,,General health checkup,,,,Nutritional counseling,,Average,Satisfied,Satisfied,Satisfied,Satisfied,Satisfied,Satisfied,Good,Yes,Yes,Agree,,,,More than 5 years
118664370637.0,Yes,,,,,,,General health checkup,Dental checkup,Eye examination,,Nutritional counseling,,Good,Very Satisfied,Satisfied,Satisfied,Satisfied,Satisfied,Satisfied,Good,Yes,Yes,Agree,ok,ok,ok,More than 5 years
118664371342.0,,,,,,,,,,,,,,,,,,,,,,,,,,,,
118664367381.0,Yes,,,,,,,General health checkup,Dental checkup,Eye examination,,,,Very Good,Very Satisfied,Very Satisfied,Very Satisfied,Very Satisfied,Very Satisfied,Very Satisfied,Good,Yes,Yes,Strongly agree,include anti glare specs on the cover,,,More than 5 years
118664369068.0,,,,,,,,,,,,,,,,,,,,,,,,,,,,
118664355987.0,Yes,,,,,,,General health checkup,,,,,,Very Good,Satisfied,Satisfied,Satisfied,Satisfied,Satisfied,Satisfied,Good,Yes,Yes,Strongly agree,none,none,ok,More than 5 years
118664360888.0,,,,,,,,,,,,,,,,,,,,,,,,,,,,
118664359942.0,Yes,,,,,,,General health checkup,,,,,,Poor,Neutral,Neutral,Disatisfied,Neutral,Disatisfied,Neutral,Neutral,Yes,No,Neutral,,,,
118664358141.0,Yes,,,,,,,General health checkup,,,,,,Good,Satisfied,Satisfied,Satisfied,Satisfied,Satisfied,Satisfied,Good,Yes,Yes,Strongly agree,gynecology services and nutrition,none,none,More than 5 years
118664356642.0,Yes,,,,,,,General health checkup,Dental checkup,Eye examination,,Nutritional counseling,,Good,Satisfied,Satisfied,Neutral,Satisfied,Satisfied,Satisfied,Good,Yes,Yes,Agree,ok,ok,ok,More than 5 years
118664351557.0,Yes,,,,,,,General health checkup,Dental checkup,Eye examination,,,VCT,Good,Satisfied,Satisfied,Satisfied,Neutral,Neutral,Neutral,Good,Yes,No,Agree,NONE,NONE,NONE,1 - 3 years
118664350739.0,No,,Lack of time,,Scheduling conflicts,,,,,,,,,,,,,,,,,,,,,,,
118664329921.0,No,,,,Scheduling conflicts,,None of the above,,,,,,,Average,Satisfied,Very Satisfied,Very Satisfied,Very Satisfied,Very Satisfied,Very Satisfied,Good,Yes,No,Strongly agree,,,,
118664349845.0,Yes,,,,,,,General health checkup,,,,,,Average,,,,,,,,,,,,,,
118664343477.0,No,,,,,medical card was not active then,,General health checkup,Dental checkup,Eye examination,,,,Good,Satisfied,Satisfied,Neutral,Satisfied,Disatisfied,Disatisfied,Good,Yes,Yes,Strongly agree,none ,employer to make sure all employees are accomodated and well communicated,none,More than 5 years
118664345346.0,No,Not aware of the activities,,,,,,,Dental checkup,,,,,Average,Neutral,Neutral,Neutral,Neutral,Disatisfied,Satisfied,Poor,Yes,No,Neutral,,,,
118664345235.0,Yes,,,,,,,General health checkup,Dental checkup,Eye examination,,Nutritional counseling,,Very Good,Very Satisfied,Neutral,Satisfied,Neutral,Satisfied,Neutral,Good,No,No,Agree,Cancer Screening,,,More than 5 years
118664342371.0,No,,,,Scheduling conflicts,,None of the above,,,,,,,Good,Neutral,Neutral,Neutral,Neutral,Neutral,Neutral,Neutral,No,No,Neutral,,,,More than 5 years
118664342585.0,,,,,,,,,,,,,,,,,,,,,,,,,,,,
118664340869.0,Yes,,,,,,,General health checkup,Dental checkup,Eye examination,,,,Average,Satisfied,Satisfied,Neutral,Neutral,Disatisfied,Disatisfied,Good,Yes,No,Agree,,,-usually rushed due to time limitations.  -some intrusive checks cannot be performed due to space and privacy limitations.,More than 5 years
118664339276.0,Yes,,,,,,,General health checkup,Dental checkup,Eye examination,Mental health counseling,Nutritional counseling,,Average,Very Satisfied,Satisfied,Satisfied,Satisfied,Satisfied,Satisfied,Neutral,Yes,Yes,Strongly agree,Not just on wellness months; there's need to sensitize staff on the annual wellness checks and also reward those who participate.,More robust communication. Personally I wasn't aware of the wellness month; my responses are based on the general awareness and participation in the annual checks.,Communicate better and create hype among all staff.,More than 5 years
118664336252.0,No,,,,,i had another one just before the internal one,,General health checkup,Dental checkup,,,,,Good,Neutral,Satisfied,Satisfied,Neutral,Satisfied,Satisfied,Good,Yes,Yes,Strongly agree,,,,1 - 3 years
118664336177.0,Yes,,,,,,,General health checkup,,,,,,Good,Very Satisfied,Very Satisfied,Very Satisfied,Satisfied,Satisfied,Satisfied,Good,Yes,Yes,Agree,include facilities and charges for wellness services,,,1 - 3 years
118664335749.0,Yes,,,,,yes,,General health checkup,,,,,,Average,Satisfied,Neutral,Neutral,Neutral,Disatisfied,Satisfied,Good,Yes,Yes,Agree,yes,yes,ok,More than 5 years
118664334495.0,Yes,,,,,,,General health checkup,Dental checkup,Eye examination,,Nutritional counseling,,Good,Satisfied,Very Satisfied,Very Satisfied,Very Satisfied,Neutral,Disatisfied,Good,Yes,Yes,Strongly agree,Time duration for the checkup is normally small hence they rush up.Allocate more time or alternativelt give us option of visiting them  ,Keep up,,More than 5 years
118664331580.0,Yes,,,,,,,General health checkup,Dental checkup,Eye examination,,Nutritional counseling,,Good,Satisfied,Satisfied,Satisfied,Satisfied,Satisfied,Satisfied,Good,Yes,Yes,Agree,good with what is offered.,They are good.,thank you for what you are doing.,More than 5 years
118664330398.0,Yes,,,,,,,General health checkup,,,,,,Very Good,Neutral,Neutral,Neutral,Neutral,Neutral,Neutral,Good,Yes,Yes,Agree,Cover all family members especially teenagers,,,More than 5 years
118664331586.0,No,Not aware of the activities,,,,,None of the above,,,,,,,Average,Neutral,Neutral,Neutral,Neutral,Neutral,Neutral,Neutral,No,No,Neutral,,,,Less than 1 year
118664330333.0,Yes,,,,,,,General health checkup,,,,,,Very Good,Satisfied,Neutral,Neutral,Neutral,Disatisfied,Neutral,Good,Yes,Yes,Agree,Its allinclusive,,,More than 5 years
118664328275.0,Yes,,,,,,,General health checkup,Dental checkup,Eye examination,,,,Good,Satisfied,Satisfied,Satisfied,Neutral,Satisfied,Satisfied,Good,Yes,Yes,Agree,more options under blood work especially A1c,"Include blood donation for those willing, and give incentives",none,More than 5 years
118664321601.0,Yes,,,,,,,General health checkup,,,,,,Average,Very Satisfied,Very Satisfied,Very Satisfied,Satisfied,Very Satisfied,Very Satisfied,Good,Yes,Yes,Strongly agree,Guide especially on time management (work life balance),Be done twice in a year,Make it be felt .organize for activities where people win prizes ,More than 5 years
118664329280.0,Yes,,,,,,,General health checkup,,Eye examination,,,PAP SMEAR,Good,Satisfied,Satisfied,Satisfied,Neutral,Very Satisfied,Satisfied,Good,Yes,Yes,Strongly agree,,,,More than 5 years
118664326659.0,No,Not aware of the activities,,,,,None of the above,,,,,,,Good,Neutral,Disatisfied,Neutral,Neutral,Disatisfied,Neutral,Good,No,Yes,Agree,,,,
118663727169.0,Yes,,,,,,,,,Eye examination,,Nutritional counseling,,Very Good,Very Satisfied,Very Satisfied,Very Satisfied,Very Satisfied,Very Satisfied,Very Satisfied,Good,Yes,Yes,Agree,follow up the provider,hiv status confirmation cert,n,More than 5 years
118664329273.0,No,,,,Scheduling conflicts,,None of the above,,,,,,,Good,Satisfied,Satisfied,Satisfied,Satisfied,Satisfied,Satisfied,Good,No,No,Agree,,,,More than 5 years
118664315449.0,No,,,,Scheduling conflicts,,,General health checkup,,,Mental health counseling,,,Average,Satisfied,Satisfied,Very Satisfied,Neutral,Very Satisfied,Very Disatisfied,Good,Yes,Yes,Agree,frequent calls,frequent calls for check up,calls calls calls to employees,More than 5 years
118664327476.0,Yes,,,,,,,,,Eye examination,,,,Very Good,Very Satisfied,Very Satisfied,Very Satisfied,Very Satisfied,Very Satisfied,Very Satisfied,Very Good,Yes,Yes,Strongly agree,,,,
118664328758.0,Yes,,,,,,,General health checkup,Dental checkup,Eye examination,,,,Good,Neutral,Satisfied,Satisfied,Neutral,Disatisfied,Satisfied,Good,Yes,Yes,Agree,fitness collaborations where we are offered discounts in fitness centers across the country,fitness collaborations where we are offered discounts in fitness centers across the country,ok,More than 5 years
118664327687.0,Yes,,,,,,,General health checkup,,,,,,Good,Satisfied,Satisfied,Satisfied,Neutral,Neutral,Neutral,Neutral,Yes,Yes,Neutral,"Partner with reputable hospitals and service providers, then let colleagues choose the time/place etc",As per 12 above,"For mental wellness, share the contacts regularly and allow colleagues to choose/change counsellors",More than 5 years
118664326290.0,No,Not aware of the activities,,,,,,,,,Mental health counseling,,,Good,Satisfied,Satisfied,Satisfied,Satisfied,Very Satisfied,Neutral,Good,Yes,Yes,Strongly agree,,,,1 - 3 years
118664323669.0,Yes,,,,,,,General health checkup,Dental checkup,Eye examination,,,,Good,Satisfied,Satisfied,Satisfied,Satisfied,Disatisfied,Satisfied,Good,Yes,Yes,Strongly agree,Increase wellness check centers   create more awareness amongst colleagues,Make the checkup rooms in the branches more concussive to enhance privacy of staff.,none,More than 5 years
118664326066.0,Yes,,,,,,,General health checkup,Dental checkup,Eye examination,,Nutritional counseling,,Good,Satisfied,Satisfied,Satisfied,Satisfied,Satisfied,Satisfied,Good,Yes,Yes,Strongly agree,,,,
118664320411.0,No,,,,Scheduling conflicts,,,,,,,,Lets move challenge,Average,Neutral,Neutral,Neutral,Satisfied,Satisfied,Neutral,Good,Yes,No,Agree,More activities with time for them,The tests should be in hospital set ups and staff given time of to attend to it,All info on insurance package not given,More than 5 years
118664319767.0,Yes,,,,,,,,Dental checkup,,,,,Very Good,Very Satisfied,Very Satisfied,Very Satisfied,Very Satisfied,Very Satisfied,Very Satisfied,Very Good,Yes,Yes,Strongly agree,Mental health ,We can have the service providers visiting branches ,"Your concern for colleague wellness is truly exceptional. Thank you so much for giving us the opportunity to enjoy this, it's not taken for granted.",More than 5 years
118664322240.0,No,,,,,"I hadn't joined Absa, I'm new",,General health checkup,Dental checkup,Eye examination,,,,Very Good,Very Satisfied,Satisfied,Satisfied,Very Satisfied,Very Satisfied,Neutral,Very Good,Yes,Yes,Strongly agree,Strength training awareness and its benefits,,Keep up the good work!,Less than 1 year
118664318951.0,Yes,,,,,,,General health checkup,Dental checkup,Eye examination,Mental health counseling,,,Very Good,Very Satisfied,Very Satisfied,Very Satisfied,Very Satisfied,Very Satisfied,Very Satisfied,Good,Yes,Yes,Strongly agree,NUTRITIONAL COUNSELLING,LET IT BE DONE OUTSIDE THE OFFICE ENVIRONS,SATISFIED,More than 5 years
118664321036.0,Yes,,,,,,,,Dental checkup,Eye examination,,,,Good,Very Disatisfied,Very Disatisfied,Very Disatisfied,Disatisfied,Satisfied,Neutral,Good,Yes,Yes,Strongly agree,Prostrate cancer testing,no,no,More than 5 years
118664317339.0,Yes,,,,,,,General health checkup,,,,,,Good,Very Satisfied,Satisfied,Satisfied,Satisfied,Satisfied,Satisfied,Good,Yes,Yes,Strongly agree,"Apart the BP, Cholesterol levels, metabolism etc. we need to have screening of other lifestyle diseases and also have health talks on the pertinent topics",holding the activity away from branches so as to accommodate other family members who may not be comfortable doing the checks at the branch.,NONE,More than 5 years
118664316560.0,Yes,,,,,,,General health checkup,,Eye examination,Mental health counseling,,,Very Good,Satisfied,Very Satisfied,Satisfied,Satisfied,Satisfied,Satisfied,Very Good,Yes,Yes,Strongly agree,Not at the moment,Not at the moment,SO FAR SO GOOD,More than 5 years
118664318699.0,Yes,,,,,.,,General health checkup,Dental checkup,Eye examination,,Nutritional counseling,,Very Good,Very Disatisfied,Very Disatisfied,Very Disatisfied,Very Disatisfied,Very Disatisfied,Very Disatisfied,Very Good,Yes,Yes,Strongly agree,.,,,More than 5 years
118664316512.0,No,,,,,I had exhausted my card limit,,,,Eye examination,,,,Average,Satisfied,Satisfied,Disatisfied,Satisfied,Satisfied,Satisfied,Very Good,Yes,Yes,Strongly agree,,,,
118664318477.0,,,,,,,,,,,,,,,,,,,,,,,,,,,,
118664316290.0,Yes,,,,,I PARTICIPATED,,General health checkup,Dental checkup,Eye examination,Mental health counseling,Nutritional counseling,,Good,Very Satisfied,Very Satisfied,Very Satisfied,Very Satisfied,Very Satisfied,Very Satisfied,Very Good,Yes,Yes,Strongly agree,KEEP IT UP,NO,NONE,More than 5 years
118664315270.0,No,Not aware of the activities,,,,,,,,,,,,,,,,,,,,,,,,,,
118664314966.0,Yes,,,,,,,General health checkup,,,,,,Average,,,,,,,,,,,,,,
118664313693.0,Yes,,,,,,,General health checkup,Dental checkup,Eye examination,,Nutritional counseling,,Very Good,Satisfied,Very Satisfied,Very Satisfied,Satisfied,Very Satisfied,Very Satisfied,Very Good,Yes,Yes,Strongly agree,None at the moment,None at the moment,No,1 - 3 years
118664312727.0,No,,,,Scheduling conflicts,,None of the above,,,,,,,Very Good,Very Satisfied,Very Satisfied,Very Satisfied,Very Satisfied,Very Satisfied,Very Satisfied,Very Good,Yes,Yes,Strongly agree,,,,More than 5 years
118664310539.0,No,Not aware of the activities,,,,,None of the above,,,,,,,Average,Neutral,Neutral,Neutral,Neutral,Neutral,Neutral,Neutral,No,No,Neutral,,hype the activities,im disappointed that i wasn't aware of it and hope to participate fully in the next wellness month.,More than 5 years
118664310120.0,No,Not aware of the activities,,,,,,General health checkup,Dental checkup,Eye examination,,Nutritional counseling,,Average,Satisfied,Satisfied,Neutral,Satisfied,Satisfied,Satisfied,Neutral,Yes,Yes,Agree,none so far,the services are okay,,1 - 3 years
118664313929.0,,,,,,,,,,,,,,,,,,,,,,,,,,,,
118664312594.0,No,Not aware of the activities,,,,,None of the above,,,,,,,Average,Neutral,Neutral,Neutral,Neutral,Neutral,Neutral,Neutral,No,No,Neutral,counselling sessions,more information prior to,none,More than 5 years
118664310747.0,Yes,,,Not interested,,,,General health checkup,,Eye examination,,,,Good,Satisfied,Very Satisfied,Satisfied,Very Satisfied,Very Satisfied,Satisfied,Good,Yes,Yes,Agree,none,none,none,1 - 3 years
118664311539.0,No,Not aware of the activities,,,,,None of the above,,,,,,,Average,Neutral,Neutral,Neutral,Neutral,Neutral,Neutral,Neutral,No,No,Neutral,visting branches,none,none,More than 5 years
118664299061.0,No,,Lack of time,,,,,,,,,,,,,,,,,,,,,,,,,
118664310622.0,Yes,,Lack of time,,,,,General health checkup,,,,,,Good,Very Satisfied,Satisfied,Satisfied,Satisfied,Satisfied,Satisfied,Good,Yes,Yes,Agree,,,,More than 5 years
118664308920.0,Yes,,,,,,,General health checkup,Dental checkup,Eye examination,,,,Good,Neutral,Satisfied,Very Satisfied,Satisfied,Neutral,Neutral,Good,Yes,Yes,Agree,,,,1 - 3 years
118664309600.0,Yes,,,,,,,,,,Mental health counseling,,,Good,Satisfied,Very Satisfied,Very Satisfied,Satisfied,Very Satisfied,Very Satisfied,Very Good,Yes,Yes,Strongly agree,,,,More than 5 years
118664307468.0,Yes,,,,,,,General health checkup,Dental checkup,Eye examination,,,,Very Good,Very Satisfied,Very Satisfied,Satisfied,Satisfied,Very Satisfied,Satisfied,Very Good,Yes,Yes,Strongly agree,"If more checks could be added for free on the colleague part, it will be good. Sometimes we miss the checks to avoid limit utilization.",no,none,More than 5 years
118664308746.0,Yes,,,,,,,General health checkup,,,,,,Very Good,Very Disatisfied,Very Disatisfied,Very Disatisfied,Very Disatisfied,Very Disatisfied,Very Disatisfied,Very Poor,Yes,Yes,Strongly disagree,mental health,no,good activity,More than 5 years
118664307369.0,No,,,,,NEW JOINER,None of the above,,,,,,,Very Good,Very Satisfied,Very Satisfied,Very Satisfied,Very Satisfied,Very Satisfied,Very Satisfied,Very Good,Yes,Yes,Strongly agree,,,,
118664305911.0,Yes,,,,,,,General health checkup,Dental checkup,Eye examination,,Nutritional counseling,,Very Good,Satisfied,Satisfied,Satisfied,Neutral,Satisfied,Satisfied,Good,Yes,Yes,Strongly agree,Mental health,none at the moment,,More than 5 years
118664302749.0,Yes,,,,,,,General health checkup,Dental checkup,Eye examination,,,,Very Good,Very Satisfied,Very Satisfied,Very Satisfied,Satisfied,Satisfied,Satisfied,Very Good,Yes,Yes,Strongly agree,mental awareness,yes,good move and can be encouraged,More than 5 years
118664301433.0,Yes,,,,,,,General health checkup,Dental checkup,Eye examination,,Nutritional counseling,,Good,Satisfied,Neutral,Neutral,Disatisfied,Neutral,Neutral,Good,Yes,Yes,Strongly agree,none,none,none,Less than 1 year
118664292198.0,No,,,,Scheduling conflicts,,,General health checkup,Dental checkup,Eye examination,,,,Good,Neutral,Satisfied,Neutral,Neutral,Neutral,Disatisfied,Neutral,Yes,Yes,Agree,mental health,let the initiative deal with real issues like when a colleague needs help let them be given a listening ear and action taken.,no,More than 5 years
118664287313.0,Yes,,,,,,,General health checkup,,,,,,Good,Neutral,Very Satisfied,Very Satisfied,Disatisfied,Neutral,Satisfied,Good,Yes,Yes,Agree,"Full scope from Mental wellness, physical wellness and social/emotional wellness",Should be available in all major hospitals,,More than 5 years
118664282027.0,,,,,,,,,,,,,,,,,,,,,,,,,,,,
118664276912.0,Yes,,,,,,,General health checkup,Dental checkup,Eye examination,,Nutritional counseling,,Very Good,Very Satisfied,Very Satisfied,Very Satisfied,Satisfied,Satisfied,Very Satisfied,Very Good,Yes,Yes,Strongly agree,"If Logistics allows, the checkup should be twice per year to allow us monitor changes after implementing what was suggested by service providers",Allow checkup to be twice per year.,Excellent initiative from human capital. I always wait eagerly for the wellness month to know my progress ,More than 5 years
118664173688.0,Yes,,,,,,,General health checkup,,,,Nutritional counseling,,Very Good,Very Satisfied,Neutral,Satisfied,Satisfied,Satisfied,Satisfied,Good,Yes,Yes,Agree,Everything is ok,Most staff miss the opportunity for being busy esp in branches,,More than 5 years
118664066535.0,Yes,,,,,,,General health checkup,,,,,,Very Good,Satisfied,Satisfied,Satisfied,Very Satisfied,Satisfied,Satisfied,Very Good,Yes,Yes,Agree,none at the moment,none,no,More than 5 years
118664037945.0,Yes,,,,,,,General health checkup,Dental checkup,Eye examination,Mental health counseling,Nutritional counseling,,Very Good,Very Satisfied,Very Satisfied,Very Satisfied,Very Satisfied,Very Satisfied,Very Satisfied,Very Good,Yes,Yes,Strongly agree,,,,More than 5 years
118663961451.0,No,Not aware of the activities,,,,,,,,,Mental health counseling,,,Good,,,,,,,,,,,,,,
118663885345.0,Yes,,,,,,,General health checkup,,,,,,Good,Satisfied,Satisfied,Satisfied,Neutral,Satisfied,Satisfied,Good,Yes,Yes,Agree,Wellnes activities for the entire family,,,More than 5 years
118663919975.0,No,,,,Scheduling conflicts,,None of the above,,,,,,,Good,Very Satisfied,Very Satisfied,Very Satisfied,Very Satisfied,Very Satisfied,Very Satisfied,Good,Yes,No,Agree,,,,
118663668658.0,No,,Lack of time,,Scheduling conflicts,,None of the above,,,,,,,Average,Neutral,Neutral,Neutral,Neutral,Neutral,Neutral,Poor,No,No,Neutral,Saturday will be best placed due to lack of time,Conduct the activity on a Saturday,,3 - 5 years
118663898901.0,Yes,,,,,,,General health checkup,Dental checkup,Eye examination,,Nutritional counseling,,Very Good,Satisfied,Satisfied,Satisfied,Satisfied,Very Satisfied,Very Satisfied,Good,Yes,Yes,Agree,,,,More than 5 years
118663872100.0,No,,,,,I went for the women wellness checkup instead in a hospital,,General health checkup,,,,,,Very Good,Very Satisfied,Very Satisfied,Very Satisfied,Very Satisfied,Very Satisfied,Very Satisfied,Very Good,Yes,Yes,Strongly agree,Physical activities initiatives (coach) that will be expected to form habits post the month and become a way of life ,As above - the coach could create an app that is easy to use say for exercise or diets.  This can help create habits post the wellness month and better results in subsequent check ups,You are doing a good job.  Keep it up,More than 5 years
118663877938.0,Yes,,,,,,,General health checkup,Dental checkup,Eye examination,,,,Good,Satisfied,Satisfied,Satisfied,Satisfied,Satisfied,Satisfied,Good,Yes,Yes,Agree,Mental assessment routine checks.,,,More than 5 years
118663859908.0,Yes,,,,,,,General health checkup,Dental checkup,Eye examination,,,,Good,Satisfied,Satisfied,Satisfied,Satisfied,Satisfied,Satisfied,Good,Yes,Yes,Agree,,,,More than 5 years
118663846541.0,Yes,,,,,,,General health checkup,,Eye examination,,Nutritional counseling,,Good,Satisfied,Satisfied,Satisfied,Satisfied,Satisfied,Satisfied,Good,Yes,Yes,Agree,Well woman check ups,Yes. Let us have it scheduled at a Hospital for intensive tests.,None for now,More than 5 years
118663837857.0,Yes,,,,,,,General health checkup,Dental checkup,Eye examination,,,,Good,Satisfied,Satisfied,Satisfied,Satisfied,Satisfied,Satisfied,Good,Yes,Yes,Agree,cancer screening,,thank you people function,More than 5 years
118663828673.0,Yes,,,,,,,,,,Mental health counseling,,,Very Good,Satisfied,Very Satisfied,Satisfied,Neutral,Neutral,Satisfied,Good,Yes,Yes,Strongly agree,none,Having wellness become an always on activity,Make intentional discussions and all staff to understand the importance and need for wellness.,More than 5 years
118663823925.0,Yes,,,,,,,General health checkup,,,,,,Good,Satisfied,Satisfied,Satisfied,Satisfied,Satisfied,Satisfied,Good,Yes,Yes,Agree,any other that the team would propose,,,More than 5 years
118663821868.0,No,,,,Scheduling conflicts,,,General health checkup,Dental checkup,Eye examination,Mental health counseling,,,Very Good,Very Satisfied,Very Satisfied,Very Satisfied,Very Satisfied,Very Satisfied,Very Satisfied,Very Good,Yes,Yes,Agree,I think we need to drum mental health more.,,,More than 5 years
118663822573.0,No,Not aware of the activities,,,,,None of the above,,,,,,,Very Good,Neutral,Neutral,Neutral,Neutral,Neutral,Neutral,Neutral,Yes,Yes,Neutral,na,na,na,Less than 1 year
118663815342.0,No,,Lack of time,,,Was on leave,None of the above,,,,,,,Good,,,,,,,,,,,,,,
118663805010.0,No,Not aware of the activities,Lack of time,,Scheduling conflicts,,,,,,Mental health counseling,,,Good,Satisfied,Satisfied,Very Satisfied,Neutral,Neutral,Neutral,Neutral,,,,,,,
118663806143.0,No,,Lack of time,,Scheduling conflicts,,None of the above,,,,,,,Good,,,,,,,,,,,,,,
118663775606.0,Yes,,,,,,,General health checkup,Dental checkup,Eye examination,,,,Good,Satisfied,Neutral,Neutral,Satisfied,Very Satisfied,Satisfied,Good,Yes,Yes,Strongly agree,,,,More than 5 years
118663762547.0,No,Not aware of the activities,,,,,None of the above,,,,,,,Good,,,,,,,,,,,,,,
118663754560.0,Yes,,,,,,,General health checkup,,Eye examination,,,,Good,Satisfied,Satisfied,Satisfied,Satisfied,Satisfied,Neutral,Neutral,Yes,No,Agree,na,na,na,More than 5 years
118663748650.0,Yes,,,,,,,General health checkup,,Eye examination,,Nutritional counseling,,Very Good,Very Satisfied,Very Satisfied,Very Satisfied,Very Satisfied,Very Satisfied,Very Satisfied,Very Good,Yes,Yes,Strongly agree,"Cancer check ups - breast, prostrate, cervical  Blood clot check ups",,none,More than 5 years
118663737095.0,Yes,,,,,,,General health checkup,Dental checkup,Eye examination,,,,Good,Neutral,Neutral,Neutral,Satisfied,Satisfied,Satisfied,Good,Yes,Yes,Strongly agree,,Having wellness champions for the months across the various locations.,,1 - 3 years
118663736074.0,No,,,,Scheduling conflicts,,,,,,Mental health counseling,Nutritional counseling,,Very Good,Very Satisfied,Very Satisfied,Very Satisfied,Very Satisfied,Very Satisfied,Very Satisfied,Very Good,No,No,Strongly agree,,no,no,More than 5 years
118663731871.0,Yes,,,,,,,General health checkup,Dental checkup,,,,,Good,Satisfied,Very Satisfied,Satisfied,Neutral,Neutral,Neutral,Good,Yes,Yes,Agree,Webinars to accomodate remote workers. ,,,More than 5 years
118663734716.0,,,,,,,,,,,,,,,,,,,,,,,,,,,,
118663730720.0,Yes,,,,,,,General health checkup,,Eye examination,,,,Average,Satisfied,Satisfied,Satisfied,Satisfied,Satisfied,Satisfied,Good,Yes,Yes,Agree,preventive ...e.g we are sedentary at work bring back zumba,,,More than 5 years
118663733430.0,No,,,,Scheduling conflicts,,None of the above,,,,,,,Good,,,,,,,,,,,,,,
118663724720.0,No,Not aware of the activities,,,,,,General health checkup,Dental checkup,Eye examination,,Nutritional counseling,,Average,Satisfied,Neutral,Neutral,Satisfied,Neutral,Satisfied,Good,Yes,Yes,Strongly agree,MENTAL WELLNESS,TEAM VISITING BRANCHES SHOULD ALLOCATE MORE TIME I SUGGEST 3 HOURS FOR A TEAM OF 15-20 STAFF .,MENTAL WELLNESS SHOULD BE INCLUDED,More than 5 years
118663691747.0,Yes,,,,,,,General health checkup,Dental checkup,Eye examination,Mental health counseling,,,Good,Very Satisfied,Satisfied,Satisfied,Satisfied,Satisfied,Satisfied,Good,Yes,Yes,Agree,in place activities are ok,no,none,Less than 1 year
118663726183.0,Yes,,,,,,,General health checkup,Dental checkup,Eye examination,,Nutritional counseling,,Good,Satisfied,Satisfied,Satisfied,Neutral,Satisfied,Satisfied,Good,Yes,Yes,Strongly agree,Aerobics/dance sessions at the work places,Early communication to allow proper planning,Great initiative by the business. Kudos and keep upscalling,More than 5 years
118663721586.0,Yes,,,,,,,General health checkup,,,,,,Very Good,Very Satisfied,Very Satisfied,Very Satisfied,Very Satisfied,Very Satisfied,Very Satisfied,Very Good,Yes,Yes,Strongly agree,Mental health,Itis well conduct. Most certified,It is well coordinated,More than 5 years
118663721237.0,Yes,,,,,,,General health checkup,,,,,,Good,Satisfied,Neutral,Neutral,Disatisfied,Satisfied,Neutral,Good,No,Yes,Strongly agree,I would suggest to consider Well Woman or Well Man checkup for over 40years at a subsidized rate. Then most colleagues can take it annually.,Prepare flyers that can we shared in the teams whatsapp groups.,Include more other nutritionist to talk to staff or have ways staff can recommend good health coaches to talk to colleagues,More than 5 years
118663714546.0,No,,Lack of time,,,,,General health checkup,,,,,,Poor,Disatisfied,Disatisfied,Disatisfied,Neutral,Very Disatisfied,Disatisfied,Neutral,No,No,Disagree,none,more activation on wellness,,More than 5 years
118663714178.0,Yes,,,,,,,General health checkup,,,,,,Average,Neutral,Satisfied,Satisfied,Neutral,Disatisfied,Neutral,Neutral,Yes,Yes,Agree,Menopause awareness for ladies,More days and more locations,To be allowed time off to attend,More than 5 years
118663712760.0,No,,,,,Planning to go for the checkup before end of year. ,,,Dental checkup,,,,,Good,Satisfied,Satisfied,Satisfied,Satisfied,Neutral,Neutral,Good,Yes,Yes,Agree,"I only attended dental checkup, hope to attend general checkup before end of the year, however, I had to finance dental cleaning out of pocket? ",,I appreciate the service.,More than 5 years
118663713208.0,Yes,,,,,,,General health checkup,Dental checkup,Eye examination,Mental health counseling,Nutritional counseling,,Good,Satisfied,Satisfied,Satisfied,Neutral,Neutral,Satisfied,Good,Yes,Yes,Agree,,Ensure to send the results for the tests to the participants because there is a lapse here,,1 - 3 years
118663716639.0,Yes,,,,,,,General health checkup,Dental checkup,Eye examination,,,,Average,Disatisfied,Disatisfied,Neutral,Neutral,Neutral,Neutral,Neutral,No,No,Neutral,Mental wellness,Bring experts,,More than 5 years
118663717032.0,,,,,,,,,,,,,,,,,,,,,,,,,,,,
118663705325.0,Yes,,,,,,,General health checkup,Dental checkup,Eye examination,Mental health counseling,Nutritional counseling,all check ups,Very Good,Very Satisfied,Very Satisfied,Very Satisfied,Very Satisfied,Very Satisfied,Very Satisfied,Very Good,Yes,Yes,Strongly agree,Lipid profile,"i'll appreciate if we can contract aghakan hospitals since they have clinics country wide, it wiil be easier to follow/stick to one doctor.",Am satisfied with the service,More than 5 years
118663710974.0,No,,Lack of time,,,,None of the above,,,,,,,Good,Neutral,Neutral,Neutral,Neutral,Neutral,Neutral,Neutral,,,,,,,
118663714908.0,No,,,,Scheduling conflicts,,,,,,,,,,,,,,,,,,,,,,,
118663711723.0,,,,,,,,,,,,,,,,,,,,,,,,,,,,
118663703837.0,Yes,,,,,,,General health checkup,,,,,,Very Good,Very Satisfied,Very Satisfied,Very Satisfied,Very Satisfied,Very Satisfied,Very Satisfied,Very Good,Yes,Yes,Strongly agree,The existing services is adequate enough for me,Not really,I do appreciate and thankful ,More than 5 years
118663705465.0,No,,,,Scheduling conflicts,,,General health checkup,,,,,,Very Good,,,,,,,,,,,,,,
118663702619.0,Yes,,,,,,,General health checkup,Dental checkup,Eye examination,,,,Good,Satisfied,Very Disatisfied,Neutral,Neutral,Satisfied,Neutral,Very Good,No,No,Disagree,Engage proffessional service providers ,Hyping it with well ness activities,,More than 5 years
118663701636.0,Yes,,,,,,,General health checkup,,,,,,Good,Satisfied,Satisfied,Satisfied,Neutral,Satisfied,Satisfied,Good,Yes,Yes,Agree,Change service providers. Some in my opinion are just interested in making sales for their clinic,"Please have more professionals come up, especially Dental, Optical. we have not been checked ears for a long time. Increase limit to have our spouses have comprehensive check up",thank you for good initiative,More than 5 years
118663703906.0,Yes,,,,,,,General health checkup,Dental checkup,Eye examination,,Nutritional counseling,,Very Good,Satisfied,Satisfied,Satisfied,Satisfied,Satisfied,Satisfied,Good,Yes,Yes,Strongly agree,,,,
118663673175.0,Yes,,,,,,,General health checkup,Dental checkup,Eye examination,,Nutritional counseling,,Very Good,Very Satisfied,Very Satisfied,Very Satisfied,Very Satisfied,Very Satisfied,Satisfied,Very Good,Yes,Yes,Agree,GYM at Bishops gate and westend for staff,Focus more on mental health awareness,,More than 5 years
118663697343.0,Yes,,,,,,,General health checkup,,,,,,Average,Neutral,Satisfied,Neutral,Neutral,Satisfied,Neutral,Good,Yes,Yes,Agree,  no comment,no comment,none,More than 5 years
118663694947.0,Yes,,,,,,,General health checkup,,Eye examination,,Nutritional counseling,,Very Good,Satisfied,Very Satisfied,Very Satisfied,Very Satisfied,Very Satisfied,Very Satisfied,Very Good,Yes,Yes,Strongly agree,not any that comes to mind at the moment.,not any that comes to mind at the moment.,thank you for the wellness month.,More than 5 years
118663701297.0,Yes,,,,,,,General health checkup,Dental checkup,Eye examination,Mental health counseling,Nutritional counseling,,Very Good,Very Satisfied,Very Satisfied,Very Satisfied,Very Satisfied,Very Satisfied,Very Satisfied,Very Good,Yes,Yes,Strongly agree,,,,More than 5 years
118663697016.0,Yes,,,,,,,General health checkup,Dental checkup,,,,,Very Good,Very Satisfied,Very Satisfied,Satisfied,Very Satisfied,Very Satisfied,Very Satisfied,Very Good,Yes,Yes,Strongly agree,Pap smear for ladies,Continuous reminders on email before and during the time when the service providers are on site,none,1 - 3 years
118663697419.0,Yes,,,,,,,General health checkup,Dental checkup,Eye examination,,,,Good,Satisfied,Satisfied,Neutral,Neutral,Disatisfied,Satisfied,Good,Yes,Yes,Neutral,,,,
118663697393.0,Yes,,,,Scheduling conflicts,,,General health checkup,Dental checkup,,,,,Average,Disatisfied,Neutral,Very Disatisfied,Disatisfied,Disatisfied,Disatisfied,Poor,No,No,Disagree,privacy,privacy,privacy,More than 5 years
118663693426.0,Yes,,,,,,,,,Eye examination,,,,Very Good,Very Satisfied,Very Satisfied,Very Satisfied,Satisfied,Neutral,Satisfied,Very Good,Yes,Yes,Strongly agree,Exploiting more avenues that can create absolute trust between leaders and staff in disclosing ailments that could be used to determine the staff work within the bank.  Improve on feedback process that is timely when engaging with relevant authority in regard to more information requested by staff. ,Introduction of more players from the medical scene to cover a scope of beyond the common or expected ailements.,none for now,Less than 1 year
118663698191.0,No,,,,Scheduling conflicts,,None of the above,,,,,,,Good,,,,,,,,,,,,,,
118663670262.0,No,,,,Scheduling conflicts,,None of the above,,,,,,,Very Good,Satisfied,Satisfied,Satisfied,Satisfied,Satisfied,Satisfied,Very Good,Yes,Yes,Strongly agree,n/a all are adequately well covered,"If possible, we make this a scheduled monthly exercise. ",none,More than 5 years
118663694140.0,No,,,,,I HAD ALREADY DONE A CHECKUP,None of the above,,,,,,,Average,Neutral,Neutral,Neutral,Neutral,Neutral,Neutral,Neutral,,,,,,,
118663695406.0,No,Not aware of the activities,,,,,,,,,,,,,,,,,,,,,,,,,,
118663690122.0,Yes,,,,,,,,,Eye examination,,,,Good,Satisfied,Satisfied,Satisfied,Satisfied,Satisfied,Satisfied,Good,No,Yes,Agree,ASD and ADHD wellness awareness,"Affordable insured services on Autism Therapy (Occupational/Speech/Hydro, etc.) for kids",,1 - 3 years
118663687055.0,No,,,,Scheduling conflicts,,None of the above,,,,,,,Very Good,Satisfied,Satisfied,Satisfied,Satisfied,Satisfied,Satisfied,Very Good,Yes,Yes,Agree,Variety,Variety,,More than 5 years
118663689937.0,Yes,,,,,,,General health checkup,,Eye examination,,Nutritional counseling,,Good,Satisfied,Satisfied,Satisfied,Satisfied,Satisfied,Satisfied,Good,Yes,Yes,Agree,i am ok with the current ones,no,great initiative,More than 5 years
118663688952.0,Yes,,,,,,,,Dental checkup,Eye examination,,Nutritional counseling,,Good,Satisfied,Satisfied,Satisfied,Neutral,Satisfied,Satisfied,Good,Yes,No,Agree,none,none,none,More than 5 years
118663693363.0,,,,,,,,,,,,,,,,,,,,,,,,,,,,
118663685614.0,Yes,,,,,,,General health checkup,Dental checkup,Eye examination,,,,Average,Satisfied,Neutral,Neutral,Satisfied,Satisfied,Satisfied,Neutral,Yes,Yes,Agree,detailed  and  thorough  checkup,have a clinic closer  to all that  is  well  equipped,ok,More than 5 years
118663688625.0,Yes,,,,,,,General health checkup,,,,,,Good,Satisfied,Satisfied,Satisfied,Satisfied,Satisfied,Satisfied,Good,Yes,Yes,Agree,,,,More than 5 years
118663687185.0,No,Not aware of the activities,,,,,None of the above,,,,,,,Poor,Neutral,Neutral,Neutral,Neutral,Neutral,Neutral,Neutral,No,No,Neutral,cancelling on how to handle toddles and teens,send emails  and reminders,none,More than 5 years
118663683284.0,No,,Lack of time,,,,None of the above,,,,,,,Good,Neutral,Neutral,Neutral,Neutral,Neutral,Neutral,Neutral,Yes,No,Neutral,Teenage guidance ,Inclusion on how to handle teenagers,,More than 5 years
118663686168.0,Yes,,,,,,,General health checkup,,,,,,Very Good,Satisfied,Very Satisfied,Satisfied,Satisfied,Satisfied,Satisfied,Good,Yes,Yes,Strongly agree,Subsidize gym subscription as am struggling with weight.,More women checks to be included.,It should not be part of the outpatient cover. It should be free to encourage participation.,More than 5 years
118663685378.0,Yes,,,,,,,General health checkup,,Eye examination,,,,Good,Satisfied,Satisfied,Satisfied,Satisfied,Disatisfied,Disatisfied,Good,Yes,Yes,Agree,"Discussion on regular supplements, menopause and how to shop for quality food stuff",as above,,More than 5 years
118663685676.0,Yes,,,,,na,,General health checkup,,,,,,Poor,Neutral,Disatisfied,Disatisfied,Satisfied,Very Satisfied,Neutral,Poor,No,No,Neutral,none,professional services,,More than 5 years
118663686293.0,Yes,,,,,,,General health checkup,Dental checkup,,,Nutritional counseling,,Average,Satisfied,Satisfied,Satisfied,Satisfied,Satisfied,Satisfied,Good,Yes,Yes,Agree,,,,More than 5 years
118663687375.0,,,,,,,,,,,,,,,,,,,,,,,,,,,,
118663675967.0,Yes,,,,,,,General health checkup,,,,Nutritional counseling,,Very Good,Satisfied,Satisfied,Satisfied,Satisfied,Satisfied,Satisfied,Good,Yes,Yes,Agree,Introduce branch aerobics,,,More than 5 years
118663684611.0,Yes,,,,,,,General health checkup,Dental checkup,Eye examination,,,,Good,Satisfied,Satisfied,Satisfied,Satisfied,Satisfied,Satisfied,Good,Yes,Yes,Agree,,,,More than 5 years
118663681277.0,Yes,,,,,,,General health checkup,Dental checkup,Eye examination,,,,Good,Satisfied,Satisfied,Satisfied,Neutral,Satisfied,Neutral,Good,Yes,Yes,Strongly agree,more specialist doctors to be included,,,More than 5 years
118663682184.0,Yes,,,,,,,General health checkup,,,,,,Very Good,Satisfied,Satisfied,Satisfied,Satisfied,Satisfied,Satisfied,Good,Yes,Yes,Agree,none,,,More than 5 years
118663681813.0,No,,,,,The previous month I had undergone an intesive wellness check due to an underlying condition and thought that it would be duplicating most of the checks,None of the above,,,,,,,Very Good,,,,,,,,,,,,,,
118663683467.0,No,,,,Scheduling conflicts,,,General health checkup,Dental checkup,Eye examination,,,,Very Good,Very Satisfied,Very Satisfied,Very Satisfied,Very Satisfied,Very Satisfied,Very Satisfied,Very Good,,,,,,,
118663679355.0,Yes,,,,,Ok,,General health checkup,,,,,,Very Good,Satisfied,Satisfied,Satisfied,Satisfied,Satisfied,Satisfied,Good,Yes,Yes,Strongly agree,,,,
118663683116.0,,,,,,,,,,,,,,,,,,,,,,,,,,,,
118663678104.0,No,,,,Scheduling conflicts,,,,Dental checkup,Eye examination,,,,Good,Satisfied,Satisfied,Satisfied,Satisfied,Satisfied,Satisfied,Good,No,Yes,Neutral,,no,no,1 - 3 years
118663680689.0,Yes,,,,,,,General health checkup,,,,,,Good,Very Satisfied,Very Satisfied,Neutral,Neutral,Very Satisfied,Very Satisfied,Good,Yes,Yes,Agree,,,,
118663680284.0,Yes,,,,,,,General health checkup,,Eye examination,,Nutritional counseling,,Good,Satisfied,Satisfied,Satisfied,Satisfied,Satisfied,Satisfied,Good,Yes,Yes,Agree,General counselling,,,More than 5 years
118663678878.0,Yes,,,,,,,General health checkup,Dental checkup,,,Nutritional counseling,,Very Good,Satisfied,Satisfied,Very Satisfied,Very Satisfied,Very Satisfied,Very Satisfied,Very Good,Yes,Yes,Strongly agree,AGE RELATED DISEASES,MARRIEGE BREAKUPS AND HEALINNGS,,More than 5 years
118663668933.0,Yes,,,,,,,General health checkup,,,,,,Very Good,Very Satisfied,Very Satisfied,Very Satisfied,Very Satisfied,Very Satisfied,Satisfied,Very Good,Yes,Yes,Strongly agree,,No,No,More than 5 years
118663679502.0,No,Not aware of the activities,,,,,None of the above,,,,,,,Good,,,,,,,,,,,,,,
118663680628.0,Yes,,,,,,,General health checkup,Dental checkup,Eye examination,,Nutritional counseling,,Very Good,,,,,,,,,,,,,,
118663671295.0,Yes,,,,,,,General health checkup,,,,,,Very Good,Very Disatisfied,Very Disatisfied,Very Disatisfied,Very Disatisfied,Very Disatisfied,Very Disatisfied,Very Good,Yes,Yes,Strongly agree,,,,
118663673597.0,Yes,,,,,,,General health checkup,Dental checkup,Eye examination,,Nutritional counseling,PAP SMEAR ,Very Good,Very Satisfied,Very Satisfied,Very Satisfied,Very Satisfied,Very Satisfied,Very Satisfied,Very Good,Yes,Yes,Strongly agree,weight management programmers but not KAYA-  KAYA is a pillar of time wasting by idle staff working from home.    ,ALL IS WELL- BRAVO! PROUD OF HUMAN CAPITAL TEAM!,I AM HAPPY AND PROUD TO WORK FOR TOP EMPLOYER FOR THREE CONSECUTIVE YEARS!  ,More than 5 years
118663673574.0,No,,,,,I joined Absa recently.,None of the above,,,,,,,Average,Neutral,Neutral,Neutral,Neutral,Neutral,Neutral,Neutral,No,No,Neutral,,,I joined recently hence I cannot provide good feedback on this. I should be able to do this next time.,Less than 1 year
118663678351.0,No,Not aware of the activities,,,,,None of the above,,,,,,,Good,,,,,,,,,,,,,,
118663675833.0,Yes,,,,,,,General health checkup,Dental checkup,Eye examination,,,,Good,Satisfied,Satisfied,Neutral,Satisfied,Satisfied,Satisfied,Good,Yes,Yes,Agree,,,,More than 5 years
118663669106.0,No,,,,Scheduling conflicts,,,,Dental checkup,,,Nutritional counseling,,Good,Satisfied,Very Satisfied,Satisfied,Satisfied,Satisfied,Satisfied,Very Good,Yes,Yes,Strongly agree,Talks on peri-menopause and handling of the same.,Gym membership voucher rewards.,,More than 5 years
118663674424.0,Yes,,,,,,,General health checkup,Dental checkup,Eye examination,,,,Average,Satisfied,Neutral,Neutral,Neutral,Disatisfied,Satisfied,Neutral,Yes,No,Neutral,,,proper planning of venues missed some sections because compulsory checks were at Bishop whereas we were advised were at westend. Had to rush to bishop to avoid missing the compulsory checks thus  missed the rest ,1 - 3 years
118663675149.0,No,,Lack of time,,Scheduling conflicts,,None of the above,,,,,,,Very Good,Very Disatisfied,Satisfied,Satisfied,Neutral,Disatisfied,Neutral,Good,Yes,Yes,Strongly agree,,,,More than 5 years
118663677896.0,,,,,,,,,,,,,,,,,,,,,,,,,,,,
118663673342.0,Yes,,,,,,,General health checkup,Dental checkup,Eye examination,,,,Very Good,Very Satisfied,Very Satisfied,Very Satisfied,Very Satisfied,Very Satisfied,Very Satisfied,Very Good,Yes,Yes,Strongly agree,,,,More than 5 years
118663674044.0,No,Not aware of the activities,,,,,,General health checkup,,,,,,Good,Satisfied,Very Satisfied,Satisfied,Satisfied,Satisfied,Very Satisfied,Good,Yes,Yes,Strongly agree,more pronounced and personalized adverts,"reach out more, take stock of the pravailing health conditions and undertake to help","great idea, foster more",More than 5 years
118663675386.0,No,,,Not interested,,,None of the above,,,,,,,Very Good,Very Satisfied,Very Satisfied,Very Satisfied,Very Satisfied,Very Satisfied,Very Satisfied,Good,No,No,Neutral,,,,Less than 1 year
118663675139.0,Yes,,,,,,,General health checkup,Dental checkup,,,,,Very Good,Satisfied,Very Satisfied,Very Satisfied,Very Satisfied,Very Satisfied,Very Satisfied,Very Good,Yes,Yes,Strongly agree,Consideration to use other service providers - Columbia Africa,Consideration to use other service providers - Columbia Africa,,3 - 5 years
118663676994.0,Yes,,,,,,,,,,,,,,,,,,,,,,,,,,,
118663670293.0,No,Not aware of the activities,,,,,None of the above,,,,,,,Very poor,Disatisfied,Disatisfied,Disatisfied,Very Disatisfied,Disatisfied,Disatisfied,Poor,No,No,Strongly disagree,SMS alert  pop up messages   promotion at Branch level.   Poster and Banners,share SMS messages and emails   use Kaya whatsapp,should have staff health education day presentation ,More than 5 years
118663673966.0,Yes,,,,,,,,Dental checkup,,,,,Very Good,Satisfied,Satisfied,Satisfied,Satisfied,Satisfied,Satisfied,Good,Yes,Yes,Strongly agree,MENTAL HEALTH,TALK MORE ON MENTAL HEALTH,MOST OF ABSA STAFF ARE GOING THROUGH MENTAL HEALTH,More than 5 years
118663674046.0,Yes,,,,,,,General health checkup,Dental checkup,Eye examination,,,,Very Good,Very Satisfied,Very Satisfied,Very Satisfied,Very Satisfied,Very Satisfied,Very Satisfied,Very Good,Yes,Yes,Strongly agree,Include family,,,More than 5 years
118663674543.0,Yes,,,,,,,General health checkup,Dental checkup,Eye examination,,,,Very Good,,,,,,,,,,,,,,
118663673251.0,No,,,,,I prefer to go to my personal physician who has my medical history,None of the above,,,,,,,Very Good,Neutral,Neutral,Neutral,Neutral,Neutral,Neutral,Neutral,No,No,Neutral,,,,
118663670512.0,Yes,,,,,,,General health checkup,,,,,,Very Good,Very Satisfied,Satisfied,Neutral,Very Satisfied,Very Satisfied,Very Satisfied,Good,Yes,Yes,Strongly agree,none,,,1 - 3 years
118663669334.0,Yes,,,,,,,General health checkup,,,,Nutritional counseling,,Good,Satisfied,Satisfied,Satisfied,Satisfied,Satisfied,Neutral,Good,Yes,Yes,Agree,Mental Wellness sessions,"A pressure machine is 4,000 shillings. Why not allow staff to buy one using med card instead of waiting a whole year or when they go to hospitals to check pressure",,More than 5 years
118663673497.0,No,Not aware of the activities,,,,,None of the above,,,,,,,Poor,,,,,,,,,,,,,,
118663672004.0,Yes,,,,,,,General health checkup,Dental checkup,,,,,Good,Very Satisfied,Neutral,Neutral,Neutral,Very Satisfied,Very Satisfied,Good,No,Yes,Neutral,Annual all rounded check up,no,,More than 5 years
118663673023.0,No,,,,,Conducted the medical review in hospital,,,,,,,,,,,,,,,,,,,,,,
118663670132.0,Yes,,,,,,,General health checkup,Dental checkup,Eye examination,,Nutritional counseling,,Good,Satisfied,Satisfied,Satisfied,Satisfied,Satisfied,Neutral,Good,Yes,Yes,Strongly agree,Financial wellness,,,More than 5 years
118663670753.0,No,,,,Scheduling conflicts,,None of the above,,,,,,,Good,Neutral,Neutral,Neutral,Neutral,Neutral,Neutral,Neutral,No,No,Strongly agree,,,,More than 5 years
118663670095.0,Yes,,,,,,,General health checkup,,,Mental health counseling,,,Very Good,Satisfied,Satisfied,Satisfied,Satisfied,Neutral,Disatisfied,Very Good,Yes,Yes,Agree,facilities at the physical working locations for fitness sessions esp for colleagues working late and can do some exercises before going home,None for now,None for now,More than 5 years
118663671227.0,No,Not aware of the activities,,,,,None of the above,,,,,,,Good,Neutral,Neutral,Neutral,Neutral,Neutral,Neutral,Neutral,No,No,Neutral,none,none,Better communication,More than 5 years
118663673009.0,No,Not aware of the activities,,,,,None of the above,,,,,,,Average,,,,,,,,,,,,,,
118663668920.0,Yes,,,,,,,General health checkup,Dental checkup,Eye examination,,,,Average,Satisfied,Satisfied,Neutral,Disatisfied,Disatisfied,Disatisfied,Good,Yes,No,Agree,,,,
118663667735.0,Yes,,,,,,,General health checkup,Dental checkup,Eye examination,,Nutritional counseling,,Average,Satisfied,Disatisfied,Disatisfied,Neutral,Satisfied,Satisfied,Good,Yes,Yes,Strongly agree,Endoscopy /stomach checks because of cancer. This can be allowed on approval basis for those pre-disposed to the cancer gene due to genetics.,,,More than 5 years
118663672787.0,No,,Lack of time,,Scheduling conflicts,,None of the above,,,,,,,Average,,,,,,,,,,,,,,
118663670865.0,Yes,,,,,,,General health checkup,,Eye examination,,Nutritional counseling,,Good,Satisfied,Satisfied,Satisfied,Satisfied,Satisfied,Satisfied,Good,Yes,Yes,Agree,Do follow-up,none for now,,More than 5 years
118663673329.0,,,,,,,,,,,,,,,,,,,,,,,,,,,,
118663668921.0,Yes,,,,,,,General health checkup,,,,,,Very Good,Very Satisfied,Satisfied,Satisfied,Satisfied,Satisfied,Neutral,Very Good,Yes,Yes,Strongly agree,weight management,"Partner with weight loss trainers through healthy eating, to help colleagues in weight loss management and reduce diseases that come with excess weight like obesity",OK,More than 5 years
118663672032.0,No,Not aware of the activities,,,,,None of the above,,,,,,,Average,,,,,,,,,,,,,,
118663671046.0,Yes,,,,,,,,,,Mental health counseling,,,Average,Neutral,Neutral,Neutral,Neutral,Neutral,Neutral,Good,Yes,Yes,Agree,I am okay with the wellness services as is,No,,More than 5 years
118663672616.0,,,,,,,,,,,,,,,,,,,,,,,,,,,,
118663667911.0,Yes,,,,,,,,,,Mental health counseling,,,Good,Neutral,Satisfied,Very Satisfied,Neutral,Satisfied,Satisfied,Good,Yes,Yes,Strongly agree,physiotherapy  teambuilding,no,none,1 - 3 years
118663670318.0,Yes,,,,,,,,,,Mental health counseling,,,Good,Satisfied,Very Satisfied,Very Satisfied,Disatisfied,Disatisfied,Satisfied,Good,Yes,Yes,Strongly agree,,,,1 - 3 years
118663669215.0,Yes,,,,,Na,,General health checkup,Dental checkup,Eye examination,,,,Poor,Neutral,Neutral,Neutral,Neutral,Very Disatisfied,Very Disatisfied,Poor,No,No,Strongly agree,Mental health checkups,Make it personal not in the branches it is very not confidential these are confidential issue why do them at the workplace!,Confidential check on that,More than 5 years
118663667634.0,Yes,,,,,i participated,,General health checkup,Dental checkup,Eye examination,,Nutritional counseling,,Very Good,Satisfied,Satisfied,Satisfied,Satisfied,Very Satisfied,Satisfied,Very Good,Yes,Yes,Strongly agree,With the work from home schedules and also time constrain can we also have it on one Saturday for those who could not make it during the week.,none,Awareness to colleagues and also the timings to enable more staff attend. ,More than 5 years
118663670618.0,Yes,,,,,,,General health checkup,,,,,,Good,Satisfied,Satisfied,Satisfied,Satisfied,Satisfied,Satisfied,Good,No,No,Strongly agree,,,,1 - 3 years
118663667995.0,No,,,,Scheduling conflicts,,,,,,Mental health counseling,,,Very Good,Satisfied,Satisfied,Very Satisfied,Very Satisfied,Neutral,Satisfied,Very Good,Yes,Yes,Strongly agree,Psychiatrist visit,No,,Less than 1 year
118663669906.0,Yes,,,,,,,General health checkup,Dental checkup,Eye examination,,Nutritional counseling,,Very Good,Satisfied,Satisfied,Satisfied,Satisfied,Satisfied,Satisfied,Very Good,Yes,Yes,Strongly agree,,,,More than 5 years
118663667967.0,No,,,,,There was no proper communication of my test results in the previous cycle and I didn't get help,,General health checkup,,,,,,Good,Satisfied,Satisfied,Satisfied,Neutral,Satisfied,Satisfied,Good,Yes,Yes,Agree,ENT SPECIALISTS,NO,Glad about the shift towards mental and  financial wellness,More than 5 years
118663668035.0,No,,,,,was on leave,None of the above,,,,,,,Very Good,Neutral,Neutral,Neutral,Neutral,Neutral,Neutral,Neutral,No,No,Strongly agree,,,,More than 5 years
118663667624.0,Yes,,,,,,,General health checkup,,,,,,Very Good,Very Satisfied,Satisfied,Satisfied,Satisfied,Satisfied,Satisfied,Very Good,Yes,Yes,Strongly agree,None currently,None currently,,More than 5 years
118663668655.0,Yes,,,,,,,General health checkup,,,,,,Average,Very Satisfied,Very Satisfied,Very Satisfied,Very Satisfied,Very Satisfied,Very Satisfied,Very Good,Yes,Yes,Agree,I  PREFER CHECK UPS MOTHNLY,DIFFRENT WELNESS,WE MAKE IT EASY FOR INQUARY,1 - 3 years
118663671182.0,,,,,,,,,,,,,,,,,,,,,,,,,,,,
118663668031.0,Yes,,,,,,,General health checkup,Dental checkup,Eye examination,,Nutritional counseling,,Very Good,Very Satisfied,Very Satisfied,Very Satisfied,Very Satisfied,Very Satisfied,Very Satisfied,Very Good,Yes,Yes,Strongly agree,general,no,none,More than 5 years
118663669760.0,No,Not aware of the activities,,,,,None of the above,,,,,,,Average,,,,,,,,,,,,,,
118663669365.0,No,Not aware of the activities,,,,,None of the above,,,,,,,Very poor,,,,,,,,,,,,,,
118663668123.0,Yes,,,,,,,General health checkup,,,,,,Good,Satisfied,Satisfied,Satisfied,Neutral,Neutral,Satisfied,Good,Yes,Yes,Strongly agree,,,,More than 5 years
118663668466.0,Yes,Not aware of the activities,,,,,,,,,,,,,,,,,,,,,,,,,,
118663668266.0,Yes,,,,,,,General health checkup,Dental checkup,Eye examination,Mental health counseling,,,Very Good,Very Satisfied,Very Satisfied,Very Satisfied,Very Satisfied,Very Satisfied,Very Satisfied,Very Good,Yes,Yes,Strongly agree,,,,More than 5 years
118663668476.0,No,Not aware of the activities,,,,,,General health checkup,,,,,,Good,Satisfied,Neutral,Satisfied,Satisfied,Satisfied,Satisfied,Neutral,Yes,Yes,Agree,,,,Less than 1 year
118663668020.0,Yes,,,,,,,General health checkup,,,,,,Very Good,Satisfied,Satisfied,Satisfied,Satisfied,Neutral,Neutral,Good,Yes,Yes,Agree,,,,More than 5 years
118663669829.0,,,,,,,,,,,,,,,,,,,,,,,,,,,,
118663668336.0,Yes,,,,,,,General health checkup,Dental checkup,Eye examination,,,,Good,,,,,,,,,,,,,,
118663668108.0,Yes,,,,,,,General health checkup,Dental checkup,Eye examination,Mental health counseling,Nutritional counseling,,Good,Satisfied,Satisfied,Satisfied,Satisfied,Satisfied,Satisfied,Good,Yes,Yes,Strongly agree,,,,3 - 5 years
118663668533.0,Yes,,,,,,,General health checkup,Dental checkup,Eye examination,,,,Very Good,Very Satisfied,Very Satisfied,Very Satisfied,Very Satisfied,Very Satisfied,Very Satisfied,Good,Yes,Yes,Strongly agree,,,,1 - 3 years
118663668707.0,Yes,,,,,,,General health checkup,,,,,,Good,,,,,,,,,,,,,,
118663667960.0,Yes,,,,,,,General health checkup,,,,,,Good,Satisfied,Satisfied,Satisfied,Satisfied,Satisfied,Satisfied,Good,Yes,Yes,Agree,,,,
118663668744.0,,,,,,,,,,,,,,,,,,,,,,,,,,,,
118663667522.0,Yes,,,,,,,,,,,,Activity - Walking,Average,,,,,,,,,,,,,,
118663667632.0,No,,Lack of time,,,,None of the above,,,,,,,Very Good,,,,,,,,,,,,,,
118663667951.0,,,,,,,,,,,,,,,,,,,,,,,,,,,,
