Respondent ID,Branch,Function,Consent for care call engagement,Please select your gender,Kindly select age group,"Are you aware of the current EWP, including health and wellness initiatives offered by the organization?",Did you participate in the wellness caravan during the wellness month?,"If No to Question 10, please state your reason for not participating","Reflecting on your experiences in 2025, which personal factors have affected your well-being? (Select all that apply.)",Personal Factors Affecting Wellbeing - Career/Education,Personal Factors Affecting Wellbeing - Work Stressors,Personal Factors Affecting Wellbeing - Work-Life Imbalance,Personal Factors Affecting Wellbeing - Gen-Z Protests,Personal Factors Affecting Wellbeing - Marital Issues,Personal Factors Affecting Wellbeing - Financial Challenges,Personal Factors Affecting Wellbeing - Relationship Difficulties,Personal Factors Affecting Wellbeing - Parenting Challenges,Personal Factors Affecting Wellbeing - Anxiety/Depression,Personal Factors Affecting Wellbeing - Traumatic Experiences,Personal Factors Affecting Wellbeing - Loss & Grief,Personal Factors Affecting Wellbeing - Alcohol/Dependency,Personal Factors Affecting Wellbeing - Chronic Diseases,Personal Factors Affecting Wellbeing - Other,"During the year 2025, have you accessed the Employee Assistance Program counselling services?","If No to Question 13, please state your reason for not participating","Based on the current economic developments, what financial empowerment programs would you like to be implemented in the EWP program?",Financial Empowerment - Debt Management,Financial Empowerment - Retirement Planning,Financial Empowerment - Investment,Financial Empowerment - Financial Planning,Financial Empowerment - Other,Which areas of mental health and wellbeing would you propose to be included in the wellness program to address your needs?,Mental Health/Wellbeing Focus - Lifestyle Diseases,Mental Health/Wellbeing Focus - Addiction/Stigma,Mental Health/Wellbeing Focus - Men/Women Forum,Mental Health/Wellbeing Focus - Relationships/Marriages,Mental Health/Wellbeing Focus - Parenting/Childcare,Mental Health/Wellbeing Focus - Awareness Sessions,Mental Health/Wellbeing Focus - Financial Literacy,Mental Health/Wellbeing Focus - Workplace Relationships,Mental Health/Wellbeing Focus - Teens Program,Mental Health/Wellbeing Focus - Other,What would you recommend to the organization to cultivate a healthy work environment that promotes maximum productivity? Please prioritize your suggestions:,"Embrace teamwork among colleagues through employee engagement forums/ sporting activities, team building","Initiate family visit days to the office- e.g., during customer service week…",Improve social support structures among employees/team members,State any other program…,I am interested in the Mental Health Peer Counselling Training Program,I am interested in being trained as a wellness champion,Did you participate in the 2024 survey?,"If you participated in the 2024 survey , what changes have you observed",Any suggestions to include in our next survey?
118935184951,Absa Headquarters (KE),COO,Yes,Male,35-44,No,No,I was on leave,,Not Selected,Not Selected,Not Selected,Gen-Z protests,Marital issues,Financial challenges,Not Selected,Not Selected,Not Selected,Not Selected,Not Selected,Not Selected,Not Selected,Not Selected,No,I was lost,,Debt management,,Investment,Financial planning,,Anxiety/depression,,Dealing with addiction and related stigma,,Building healthy relationships/marriages,,Increased awareness sessions on mental health issues,,"Building healthy relationships at work (colleagues, team leaders, managers)",,,Urgent,Not Important.,Not Important.,Urgent,,Yes,Yes,Yes,,Change your questions
118935246514,Absa Headquarters (KE),MD Office,Yes,Male,25-34,No,No,,None of the above,Not Selected,Not Selected,Not Selected,Not Selected,Not Selected,Not Selected,Not Selected,Not Selected,Not Selected,Not Selected,Not Selected,Not Selected,Not Selected,Not Selected,No,HAVE BEEN DOING WELL,,,Retirement planning,,,,,,Dealing with addiction and related stigma,,,,,Money matters/Financial coaching and literacy sessions,,,,Important,Urgent,Not Important.,Important,LEAVE  DAYS,Yes,No,Yes,NOT REALLY,NONE
118935491531,Bishops Gate,Sales,Yes,Female,25-34,Yes,Yes,,,"Personal challenges (career growth, education)",Not Selected,Not Selected,Gen-Z protests,Not Selected,Not Selected,Not Selected,Not Selected,Not Selected,Not Selected,Not Selected,Not Selected,Not Selected,Not Selected,Yes,,Personal financial management,,,,Financial planning,,,,,,,Parenting and childcare,,Money matters/Financial coaching and literacy sessions,,,,Important,Important,Important,Important,,Yes,Yes,Yes,NONE,NO
118935946703,Absa Headquarters (KE),production,Yes,Female,25-34,Yes,No,Didnt have the details,None of the above,Not Selected,Not Selected,Not Selected,Not Selected,Not Selected,Not Selected,Not Selected,Not Selected,Not Selected,Not Selected,Not Selected,Not Selected,Not Selected,Not Selected,No,,,,,Investment,,,,,,,,,,Money matters/Financial coaching and literacy sessions,,,,Important,Urgent,Important,Not Important.,,Yes,Yes,No,WAS AWAY FROM THE OFFICE,NONE
118935956214,Diani Branch,Lead Generator (LG),Yes,Female,35-44,Yes,Yes,,,Not Selected,Not Selected,Not Selected,Not Selected,Not Selected,Not Selected,Not Selected,Not Selected,Not Selected,Not Selected,Loss and Grief,Not Selected,Not Selected,Not Selected,No,Unaware of EAP programm,Personal financial management,,Retirement planning,Investment,Financial planning,Savings,,Health and well-being including lifestyle diseases,,,,,,,,,,Urgent,Important,Urgent,Important,,Yes,Yes,No,,email to let people know about the survey
118935969428,Bishops Gate,Collections,Yes,Male,25-34,Yes,No,BUSY SCHEDULE,,Not Selected,Not Selected,Not Selected,Gen-Z protests,Not Selected,Not Selected,Not Selected,Not Selected,Not Selected,Not Selected,Not Selected,Not Selected,Not Selected,Not Selected,No,COPING WELL,,Debt management,,Investment,,,,,,,,,,,,,WORK LIFE INTEGRATION,Important,Urgent,Urgent,Urgent,,Yes,Yes,No,NONE,CONSIDERATION INTERACTIONS WITH EMPLOYEES OFTENLY REGARDING PERSONAL ISSUES
118935983565,Bishops Gate,Customer Service,Yes,Male,25-34,No,No,DIDNT HAVE DETAILS,,"Personal challenges (career growth, education)",Not Selected,Not Selected,Not Selected,Not Selected,Not Selected,Not Selected,Not Selected,Not Selected,Not Selected,Not Selected,Not Selected,Not Selected,Not Selected,No,,,,,Investment,,,,,,,,,,,,,WORK LIFE INTEGRATION,Urgent,Important,Not Important.,Important,,Yes,Yes,No,NONE,NONE
118935989412,Diani Branch,LIFE GUARD,Yes,Male,35-44,No,No,LATE COMMUNICATION,,"Personal challenges (career growth, education)",Not Selected,Not Selected,Not Selected,Not Selected,Not Selected,Not Selected,Not Selected,Not Selected,Not Selected,Not Selected,Not Selected,Not Selected,Not Selected,No,,,,,Investment,,,,Health and well-being including lifestyle diseases,,,,,,,,,,Important,Urgent,Urgent,Urgent,,No,No,Yes,NONE,NONE FOR NOW
118935996036,Kerugoya Branch,Finance,Yes,Male,25-34,Yes,No,He was not employed by then,,"Personal challenges (career growth, education)",Work- and work-related stressors,Not Selected,Not Selected,Not Selected,Not Selected,Not Selected,Not Selected,Not Selected,Not Selected,Not Selected,Not Selected,Not Selected,Not Selected,No,He has no issue that requires counselling,Personal financial management,,,Investment,,,Anxiety/depression,,Dealing with addiction and related stigma,Men Cave/Women Forum,,,Increased awareness sessions on mental health issues,,,,,Urgent,Urgent,,Urgent,,No,No,No,,None fo now
118936009864,Absa Headquarters (KE),SME,Yes,Female,Below 25 Years,No,Yes,,None of the above,Not Selected,Not Selected,Not Selected,Not Selected,Not Selected,Not Selected,Not Selected,Not Selected,Not Selected,Not Selected,Not Selected,Not Selected,Not Selected,Not Selected,No,JOINED THE TEAM RECENTLY,Personal financial management,,,,,,,,,,,,,,,,WORK LIFE INTEGRATION,Important,Important,Not Important.,Important,,Yes,Yes,Yes,NONE,NONE
118936019250,Bishops Gate,MONEY MARKET,Yes,Male,35-44,No,No,NO DETAILS ,None of the above,Not Selected,Not Selected,Not Selected,Not Selected,Not Selected,Not Selected,Not Selected,Not Selected,Not Selected,Not Selected,Not Selected,Not Selected,Not Selected,Not Selected,No,,,,,Investment,,,,Health and well-being including lifestyle diseases,,,,,,,,,,Important,Important,Not Important.,Important,,Yes,Yes,No,NONE,NONE
118936016691,Embu Branch,Sales,Yes,Female,25-34,Yes,No,Was not employed by absa during that time,,"Personal challenges (career growth, education)",Not Selected,Not Selected,Not Selected,Not Selected,Not Selected,Not Selected,Not Selected,Anxiety and depression,Traumatic experiences,Not Selected,Not Selected,Not Selected,Not Selected,No,She doesn't have issues that requires her to see a counselor ,,,,Investment,,,Anxiety/depression,,,,,Parenting and childcare,,Money matters/Financial coaching and literacy sessions,,,,Urgent,Important,Urgent,Important,,Yes,Yes,No,,mental health programs
118936022527,Absa Headquarters (KE),asset management,Yes,Male,25-34,Yes,No,not aware,,"Personal challenges (career growth, education)",Not Selected,Not Selected,Not Selected,Not Selected,Not Selected,Not Selected,Not Selected,Not Selected,Not Selected,Not Selected,Not Selected,Not Selected,Not Selected,No,,,Debt management,,,,,,,,,,,Increased awareness sessions on mental health issues,,,,,Urgent,Urgent,Not Important.,Urgent,,Yes,Yes,No,NONE,NONE
118936033221,Bishops Gate,Operations,Yes,Male,35-44,Yes,No,,,Not Selected,Not Selected,Not Selected,Not Selected,Not Selected,Not Selected,Not Selected,Not Selected,Not Selected,Not Selected,Not Selected,Not Selected,"Chronic Diseases (nuclear family, parents, other extended family members",Not Selected,Yes,,,Debt management,Retirement planning,,,,,,,,,,,,,,WORK LIFE INTEGRATION,Important,Important,Not Important.,Important,,Yes,Yes,Yes,NONE,NONE
118936044603,Absa Headquarters (KE),Finance,Yes,Male,25-34,No,No,NEW TO THE TEAM,,Not Selected,Not Selected,Not Selected,Gen-Z protests,Not Selected,Not Selected,Not Selected,Not Selected,Not Selected,Not Selected,Not Selected,Not Selected,"Chronic Diseases (nuclear family, parents, other extended family members",Not Selected,No,,,,,Investment,,,,,,,,,Increased awareness sessions on mental health issues,,,,,Important,Important,Not Important.,Important,,No,No,Yes,NONE,NONE
118936054270,Bishops Gate,Customer Service,Yes,Male,25-34,No,Yes,,,Not Selected,Not Selected,Not Selected,Not Selected,Not Selected,Not Selected,Not Selected,Not Selected,Not Selected,Not Selected,Loss and Grief,Not Selected,Not Selected,Not Selected,No,NEW TO THE TEAM,,,Retirement planning,,Financial planning,,,,Dealing with addiction and related stigma,,,,Increased awareness sessions on mental health issues,,,,BETTING ADDICTION,Urgent,Important,Important,Urgent,,Yes,Yes,No,NONE,NONE
118936061381,Absa Headquarters (KE),asset management,Yes,Female,25-34,No,No,NEW TO THE TEAM,None of the above,Not Selected,Not Selected,Not Selected,Not Selected,Not Selected,Not Selected,Not Selected,Not Selected,Not Selected,Not Selected,Not Selected,Not Selected,Not Selected,Not Selected,No,,,,,,,NONE,,,,,,,,,,,NONE,Important,Important,Important,Important,,No,No,No,NONE,HOW COMFORTABLE EMPLOYESS ARE WORK PLACE
118936074139,Absa Headquarters (KE),Graduate Trainee,Yes,Female,25-34,Yes,No,NEW TO THE TEAM,None of the above,Not Selected,Not Selected,Not Selected,Not Selected,Not Selected,Not Selected,Not Selected,Not Selected,Not Selected,Not Selected,Not Selected,Not Selected,Not Selected,Not Selected,No,,Personal financial management,,,Investment,,,Anxiety/depression,,,,,,Increased awareness sessions on mental health issues,,,,,Important,Important,Urgent,Important,,No,Yes,Yes,NONE,HOW IS IT WORKING AT ABSA
118936085947,Kericho Branch,Teller/Cashier,Yes,Female,25-34,Yes,No,NEW AT THE TEAM,None of the above,Not Selected,Not Selected,Not Selected,Not Selected,Not Selected,Not Selected,Not Selected,Not Selected,Not Selected,Not Selected,Not Selected,Not Selected,Not Selected,Not Selected,Yes,,,,,,Financial planning,,Anxiety/depression,,,,,,,,,,,Important,Important,Not Important.,Not Important.,,Yes,Yes,No,NONE,FIRST QUESTION ARE YOU HAPPY
118936098052,Two Rivers Mall Branch,Teller/Cashier,Yes,Female,Below 25 Years,No,No,WAS ON CONTRACT,,Not Selected,Not Selected,Not Selected,Not Selected,Not Selected,Financial challenges,Not Selected,Not Selected,Not Selected,Not Selected,Not Selected,Not Selected,Not Selected,Not Selected,No,UNDER CONTRACT,,,,,Financial planning,,Anxiety/depression,,,,,,,,,,,Important,Important,Important,Important,,Yes,Yes,No,NONE,NONE
118936107886,Thika Branch,Teller/Cashier,Yes,Female,25-34,Yes,No,UNDER CONTRACT,None of the above,Not Selected,Not Selected,Not Selected,Not Selected,Not Selected,Not Selected,Not Selected,Not Selected,Not Selected,Not Selected,Not Selected,Not Selected,Not Selected,Not Selected,No,UNDER CONTRACT,,,,,,,,,,,,,,,,,NONE,Important,Important,Important,Important,,Yes,Yes,No,NONE,NONE
118936116230,Bishops Gate,Card Operations,Yes,Male,25-34,No,Yes,,None of the above,Not Selected,Not Selected,Not Selected,Not Selected,Not Selected,Not Selected,Not Selected,Not Selected,Not Selected,Not Selected,Not Selected,Not Selected,Not Selected,Not Selected,No,,,,,Investment,,SACCO,,,,,,,,Money matters/Financial coaching and literacy sessions,,,WORK LIFE INTEGRATION,Important,Important,Important,Important,,Yes,Yes,No,NONE,SOCIAL ECONOMY CONVERSATIONS
118936135282,Bishops Gate,DRIVER,Yes,Male,35-44,Yes,Yes,,,Not Selected,Not Selected,Not Selected,Gen-Z protests,Not Selected,Not Selected,Not Selected,Not Selected,Not Selected,Not Selected,Not Selected,Not Selected,Not Selected,Not Selected,No,ENGAGE THEM IN FUTURE,,,,,,NONE,,,,,,,,,,,NONE,Important,Important,Important,Important,,Yes,Yes,No,NONE,SALARY
118936167004,Absa Headquarters (KE),REINSUREANCE,Yes,Female,25-34,Yes,No,DIDNT HAVE DETAILS,None of the above,Not Selected,Not Selected,Not Selected,Not Selected,Not Selected,Not Selected,Not Selected,Not Selected,Not Selected,Not Selected,Not Selected,Not Selected,Not Selected,Not Selected,No,ENGAGE IN FUTURE,,,,,,SACCO,,,,,Building healthy relationships/marriages,,,,,,,Important,Important,Urgent,Important,,Yes,Yes,No,NONE,EMPLOYEE COMFORTABILITY AT WORKPLACE
118936183086,Absa Headquarters (KE),Business Banking,Yes,Male,35-44,Yes,Yes,,,Not Selected,Not Selected,Not Selected,Gen-Z protests,Not Selected,Not Selected,Not Selected,Not Selected,Not Selected,Not Selected,Not Selected,Not Selected,Not Selected,SAFETY DURING POLITICS,No,ENGAGE IN FUTURE,,,,,Financial planning,,,,,,,,Increased awareness sessions on mental health issues,,"Building healthy relationships at work (colleagues, team leaders, managers)",,,Urgent,Urgent,Not Important.,Important,,Yes,Yes,Yes,COMMUNICATION,SALARY
118936204454,Absa Headquarters (KE),asset management,Yes,Male,35-44,Yes,Yes,,,Not Selected,Not Selected,Not Selected,Not Selected,Marital issues,Not Selected,Not Selected,Not Selected,Not Selected,Not Selected,Not Selected,Not Selected,Not Selected,Not Selected,No,,,,Retirement planning,Investment,,,,,,,Building healthy relationships/marriages,,,,,,,Important,Important,Important,Not Important.,,Yes,Yes,No,NONE,NONE
118936214772,Absa Headquarters (KE),Finance,Yes,Female,45-54,Yes,No,BUSY SCHEDULE,,Not Selected,Not Selected,Not Selected,Not Selected,Not Selected,Not Selected,Not Selected,Not Selected,Not Selected,Not Selected,Not Selected,Not Selected,"Chronic Diseases (nuclear family, parents, other extended family members",Not Selected,No,MANAGING WELL,,,,,,NONE,,,,,,,Increased awareness sessions on mental health issues,,,,,Important,Important,Important,Important,,Yes,Yes,Yes,MENTAL WELLNESS CONVERSATION AND WELLNESS PROGRAM OPERATING BETTER,ASK ABOUT THEIR FAMILIES
118936247296,Meru Branch,Lead Generator (LG),Yes,Female,Below 25 Years,No,No,she had not joined the organization,,Not Selected,Work- and work-related stressors,Not Selected,Not Selected,Not Selected,Financial challenges,Not Selected,Not Selected,Not Selected,Not Selected,Not Selected,Not Selected,Not Selected,Not Selected,No,she has no issue that requires counselling,,,Retirement planning,,,,,,,,Building healthy relationships/marriages,,,Money matters/Financial coaching and literacy sessions,"Building healthy relationships at work (colleagues, team leaders, managers)",,,Important,Urgent,Not Important.,Important,,No,Yes,No,,None at the moment
118936256914,Kericho Branch,Lead Generator (LG),Yes,Male,35-44,Yes,Yes,,,Not Selected,Work- and work-related stressors,Work-life imbalance,Not Selected,Marital issues,Not Selected,Relationship difficulties,Not Selected,Not Selected,Traumatic experiences,Loss and Grief,Not Selected,Not Selected,Not Selected,No,He has no issue that require counselling at the moment,Personal financial management,Debt management,Retirement planning,,,,Anxiety/depression,,Dealing with addiction and related stigma,,Building healthy relationships/marriages,,,Money matters/Financial coaching and literacy sessions,,,,Urgent,Important,Not Important.,Urgent,,Yes,Yes,No,,If the survey can be done twice three times or even quaterly
118936353732,Githunguri Branch,Sales,Yes,Male,25-34,Yes,No,He had not joined the organization,,Not Selected,Not Selected,Work-life imbalance,Not Selected,Not Selected,Financial challenges,Not Selected,Not Selected,Anxiety and depression,Not Selected,Not Selected,Not Selected,Not Selected,Not Selected,No,He has no issue that require counselling,Personal financial management,,,,,,,,,,Building healthy relationships/marriages,,,,,,,Urgent,Urgent,Important,Important,,Yes,No,No,,None at the moment
118936778670,Bunyala Road Branch,Lead Generator (LG),Yes,Female,25-34,Yes,Yes,,,Not Selected,Work- and work-related stressors,Not Selected,Not Selected,Not Selected,Financial challenges,Not Selected,Not Selected,Not Selected,Not Selected,Not Selected,Not Selected,Not Selected,Not Selected,No,didnt have toll free line,Personal financial management,,,Investment,,,,,,,,,Increased awareness sessions on mental health issues,Money matters/Financial coaching and literacy sessions,"Building healthy relationships at work (colleagues, team leaders, managers)",,,Important,Important,Important,Important,,Yes,Yes,Yes,,Include  mentors  
118936807991,Bishops Gate,Collections,Yes,Male,35-44,Yes,No,NO DETAILS,,Not Selected,Not Selected,Not Selected,Not Selected,Not Selected,Financial challenges,Not Selected,Not Selected,Not Selected,Not Selected,Not Selected,Not Selected,Not Selected,Not Selected,Yes, COPING WELL,,,,Investment,,,,,,,,,,Money matters/Financial coaching and literacy sessions,,,,Urgent,Urgent,Important,Urgent,,Yes,Yes,Yes,NONE,WORK EXPERIENCE
118936812817,Mbale Branch Kenya,Collections,Yes,Male,35-44,Yes,Yes,,,Not Selected,Not Selected,Not Selected,Gen-Z protests,Not Selected,Not Selected,Not Selected,Parenting challenges,Not Selected,Not Selected,Not Selected,Not Selected,Not Selected,Not Selected,Yes,,Personal financial management,Debt management,,,,,,,,,Building healthy relationships/marriages,,,,,,,Important,Important,Urgent,Important,,Yes,Yes,No,NONE,
118936822089,Market Branch,DOCUMENTATION,Yes,Male,25-34,Yes,No,DIDNT HAVE DETAILS,,Not Selected,Not Selected,Not Selected,Gen-Z protests,Not Selected,Not Selected,Not Selected,Not Selected,Not Selected,Not Selected,Not Selected,Not Selected,Not Selected,Not Selected,No,COPING WELL,,,,Investment,,,,,,,,,,,,,NONE,Important,Urgent,Important,Urgent,,No,No,Yes,SALARY INCREMENT,MORE ACTIVITIES FOR EMPLOYESS
118936828255,Bishops Gate,Contact Centre,Yes,Female,25-34,Yes,No,,,Not Selected,Not Selected,Not Selected,Not Selected,Not Selected,Not Selected,Not Selected,Not Selected,Not Selected,Not Selected,Not Selected,Not Selected,Not Selected,Not Selected,Yes,,,,,,,NONE,,,,,,,Increased awareness sessions on mental health issues,,,,,Important,Important,Important,Important,,Yes,Yes,Yes,GREAT IMPROVEMENT,NONE
118936833048,Bishops Gate,Contact Centre,Yes,Male,25-34,Yes,Yes,,,Not Selected,Not Selected,Not Selected,Not Selected,Not Selected,Not Selected,Not Selected,Not Selected,Not Selected,Not Selected,Loss and Grief,Not Selected,Not Selected,Not Selected,No,,,,,,Financial planning,,,,,,,,,,,,WORK LIFE INTEGRATION,Important,Important,Important,Important,FAMILY FUN DAY,Yes,No,,,
118936854859,Absa Headquarters (KE),Compliance & Legal,Yes,Female,25-34,Yes,No,,,Not Selected,Not Selected,Not Selected,Not Selected,Not Selected,Not Selected,Not Selected,Not Selected,Not Selected,Not Selected,Not Selected,Not Selected,Not Selected,AT A GOOD PLACE,No,COPING WELL,,,,Investment,,,,,,,,,,Money matters/Financial coaching and literacy sessions,,,,Urgent,Important,Important,Important,,No,Yes,Yes,NONE,NONE
118936861731,Bishops Gate,SUPPORT ANALYST,Yes,Male,25-34,Yes,No,SCHEDULE,,Not Selected,Not Selected,Not Selected,Not Selected,Not Selected,Not Selected,Not Selected,Not Selected,Not Selected,Not Selected,Not Selected,Not Selected,Not Selected,NONE,No,IM OKAY,,,,,,NONE,,,,,,,,,,,NONE,Not Important.,Not Important.,Not Important.,Not Important.,,Yes,No,No,NONE,INCLUDE WRITTEN SURVEY
118936866022,Bishops Gate,Operations,Yes,Female,25-34,Yes,Yes,,None of the above,Not Selected,Not Selected,Not Selected,Not Selected,Not Selected,Not Selected,Not Selected,Not Selected,Not Selected,Not Selected,Not Selected,Not Selected,Not Selected,Not Selected,Yes,,,,,,,NONE,,,,,,,,,,,NONE,Important,Important,Important,Important,,Yes,Yes,No,NONE,NONE
118936869952,Bishops Gate,PAYMENT,Yes,Male,35-44,Yes,No,NEW TO THE BANK,,"Personal challenges (career growth, education)",Not Selected,Not Selected,Not Selected,Not Selected,Not Selected,Not Selected,Not Selected,Not Selected,Not Selected,Not Selected,Not Selected,Not Selected,Not Selected,No,FEAR OF NOT BEING SUPPORTED,Personal financial management,Debt management,,,,,,,,,,,,Money matters/Financial coaching and literacy sessions,,,,Important,Important,Not Important.,Important,,Yes,Yes,No,NONE,NONE
118936876164,Bishops Gate,Collections,Yes,Female,25-34,Yes,No,NOT AWARE,None of the above,Not Selected,Not Selected,Not Selected,Not Selected,Not Selected,Not Selected,Not Selected,Not Selected,Not Selected,Not Selected,Not Selected,Not Selected,Not Selected,Not Selected,Yes,IM COPING WELL,,,,,,SACCO,,,,,,,,,,,NONE,Urgent,Important,Important,Important,,Yes,Yes,No,NONE,NONE
118936895138,Bishops Gate,Collections,Yes,Female,25-34,Yes,No,,,"Personal challenges (career growth, education)",Not Selected,Not Selected,Not Selected,Not Selected,Not Selected,Not Selected,Parenting challenges,Not Selected,Not Selected,Not Selected,Not Selected,Not Selected,Not Selected,Yes,,Personal financial management,,,,,,,,,,,Parenting and childcare,,,,,,Important,Important,Important,Important,,Yes,Yes,No,NONE,NONE
118936903423,Bishops Gate,Operations,Yes,Female,25-34,Yes,No,,None of the above,Not Selected,Not Selected,Not Selected,Not Selected,Not Selected,Not Selected,Not Selected,Not Selected,Not Selected,Not Selected,Not Selected,Not Selected,Not Selected,Not Selected,No,,,,,Investment,,,,,,,,,Increased awareness sessions on mental health issues,,,,,Not Important.,Not Important.,Not Important.,Important,,Yes,Yes,No,NONE,NONE
118936910315,Bishops Gate,Operations,Yes,Female,25-34,Yes,No,W,,"Personal challenges (career growth, education)",Not Selected,Not Selected,Not Selected,Not Selected,Not Selected,Not Selected,Not Selected,Not Selected,Not Selected,Loss and Grief,Not Selected,Not Selected,Not Selected,No,PLANNING TO REACHNOUT,,,,Investment,,,,,,,,,,,,,NONE,Important,Important,Important,Important,,Yes,Yes,No,NONE,NONE
118936917402,Absa Headquarters (KE),HR,Yes,Female,35-44,Yes,No,NEW TO THE BANK,,Not Selected,Not Selected,Not Selected,Not Selected,Not Selected,Financial challenges,Not Selected,Not Selected,Not Selected,Not Selected,Not Selected,Not Selected,Not Selected,Not Selected,No,PLANNING TO ACCESS,Personal financial management,,,,,,,,,,,Parenting and childcare,,,,Develop a Teens program on contemporary topics,FERTILITY,Important,Urgent,Important,Urgent,,Yes,Yes,No,NONE,NONE
118936928231,Bishops Gate,Customer Service,Yes,Female,25-34,Yes,No,,None of the above,Not Selected,Not Selected,Not Selected,Not Selected,Not Selected,Not Selected,Not Selected,Not Selected,Not Selected,Not Selected,Not Selected,Not Selected,Not Selected,Not Selected,No,planning to call,,,,Investment,,,,,,,,,,,,,NONE,Important,Important,Not Important.,Important,,Yes,Yes,No,none,none
118936935888,Bishops Gate,Contact Centre,Yes,Male,25-34,Yes,No,,None of the above,Not Selected,Not Selected,Not Selected,Not Selected,Not Selected,Not Selected,Not Selected,Not Selected,Not Selected,Not Selected,Not Selected,Not Selected,Not Selected,Not Selected,No,,Personal financial management,,,Investment,,,,,,,,,,,,,,Important,Important,Not Important.,Important,,Yes,Yes,No,none,none
118936948723,Bishops Gate,Contact Centre,Yes,Female,25-34,No,No,,,Not Selected,Not Selected,Not Selected,Not Selected,Not Selected,Not Selected,Not Selected,Not Selected,Not Selected,Not Selected,Not Selected,Not Selected,"Chronic Diseases (nuclear family, parents, other extended family members",Not Selected,No,,,,,Investment,Financial planning,,,,,,,,Increased awareness sessions on mental health issues,,,,,Important,Important,Urgent,Urgent,YEARLY APPRECIATION AND RECOGNITION,Yes,Yes,Yes,none,NONE
118936956816,Bishops Gate,Collections,Yes,Male,25-34,Yes,No,DIDNT RECEIVE INFORMATION,,Not Selected,Not Selected,Not Selected,Not Selected,Not Selected,Not Selected,Relationship difficulties,Not Selected,Not Selected,Not Selected,Not Selected,Not Selected,Not Selected,Not Selected,No,ACCESS IN FUTURE,,,,,Financial planning,,,,,,Building healthy relationships/marriages,,,,"Building healthy relationships at work (colleagues, team leaders, managers)",,,Important,Important,Not Important.,Important,,Yes,Yes,Yes,NONE,FAMILY ISSUES
118936977067,Bishops Gate,Contact Centre,Yes,Male,25-34,Yes,No,,,Not Selected,Not Selected,Not Selected,Gen-Z protests,Not Selected,Not Selected,Not Selected,Not Selected,Not Selected,Not Selected,Not Selected,Not Selected,Not Selected,Not Selected,No,,,,,Investment,Financial planning,,,,,,,,,,,,COMMUNICATION,Important,Important,Important,Important,,Yes,Yes,No,NONE,NONE
118936986079,Bishops Gate,I.T,Yes,Female,25-34,Yes,No,,None of the above,Not Selected,Not Selected,Not Selected,Not Selected,Not Selected,Not Selected,Not Selected,Not Selected,Not Selected,Not Selected,Not Selected,Not Selected,Not Selected,Not Selected,No,NEW TO THE TEAM,,Debt management,,Investment,Financial planning,,,,,,,,Increased awareness sessions on mental health issues,,,,,Important,Important,Important,Important,,Yes,Yes,No,NONE,NONE
118936994292,Bishops Gate,Operations,Yes,Male,25-34,Yes,No,,None of the above,Not Selected,Not Selected,Not Selected,Not Selected,Not Selected,Not Selected,Not Selected,Not Selected,Not Selected,Not Selected,Not Selected,Not Selected,Not Selected,Not Selected,No,,,,,Investment,,,,,,,,,,,,,NONE,Not Important.,Important,Not Important.,Not Important.,,Yes,Yes,No,NONE,NONE
118937001657,Absa Headquarters (KE),Business Banking,Yes,Male,35-44,Yes,No,,None of the above,Not Selected,Not Selected,Not Selected,Not Selected,Not Selected,Not Selected,Not Selected,Not Selected,Not Selected,Not Selected,Not Selected,Not Selected,Not Selected,Not Selected,No,COPING WELL,,,,Investment,,,,,,,,,Increased awareness sessions on mental health issues,,,,,Important,Important,Not Important.,Important,,Yes,Yes,No,NONE,OVERALL WORKPLACE WELLBEING
118937013111,Bishops Gate,Customer Service,Yes,Female,25-34,Yes,No,DIDNT HAVE DETAILS,,Not Selected,Work- and work-related stressors,Not Selected,Not Selected,Not Selected,Not Selected,Not Selected,Not Selected,Not Selected,Not Selected,Not Selected,Not Selected,Not Selected,Not Selected,No,COPING WELL,,Debt management,,Investment,,,,,,,,,Increased awareness sessions on mental health issues,Money matters/Financial coaching and literacy sessions,,,,Important,Important,Important,Not Important.,,Yes,Yes,No,NONE,NONE
118937018234,Absa Headquarters (KE),Collections,Yes,Female,35-44,Yes,No,,None of the above,Not Selected,Not Selected,Not Selected,Not Selected,Not Selected,Not Selected,Not Selected,Not Selected,Not Selected,Not Selected,Not Selected,Not Selected,Not Selected,Not Selected,No,,Personal financial management,,Retirement planning,Investment,Financial planning,,,,,,,,,,,,COMMUNICATION/BURNOUT,Important,Important,Important,Important,,Yes,Yes,No,NONE,NONE
118937022760,Bishops Gate,Contact Centre,Yes,Female,25-34,Yes,No,NEW TO THE TEAM,None of the above,Not Selected,Not Selected,Not Selected,Not Selected,Not Selected,Not Selected,Not Selected,Not Selected,Not Selected,Not Selected,Not Selected,Not Selected,Not Selected,Not Selected,No,COPING WELLL,,,,,,NONE,,,,,,,Increased awareness sessions on mental health issues,,,,,Important,Important,Important,Urgent,,No,No,Yes,NONE,NONE
118937028285,Bishops Gate,I.T,Yes,Female,25-34,No,No,NEW TO THE TEAM,,Not Selected,Not Selected,Not Selected,Not Selected,Not Selected,Financial challenges,Not Selected,Not Selected,Not Selected,Not Selected,Not Selected,Not Selected,Not Selected,Not Selected,No,ACCESS IN FUTURE,Personal financial management,,,Investment,,,,,,,,,Increased awareness sessions on mental health issues,,,,,Important,Important,Not Important.,Important,,Yes,Yes,No,NONE,NONE
118937036214,Absa Headquarters (KE),CDO,Yes,Female,25-34,Yes,Yes,,None of the above,Not Selected,Not Selected,Not Selected,Not Selected,Not Selected,Not Selected,Not Selected,Not Selected,Not Selected,Not Selected,Not Selected,Not Selected,Not Selected,Not Selected,No,MANAGEABLES,,,,Investment,,ALL ASPECT,,,,,,,,,,,NONE,Important,Important,Important,Important,,Yes,Yes,Yes,NONE,NONE
118937430917,Bishops Gate,Collections,Yes,Male,25-34,Yes,Yes,,,Not Selected,Not Selected,Not Selected,Gen-Z protests,Not Selected,Not Selected,Not Selected,Not Selected,Not Selected,Not Selected,Not Selected,Not Selected,Not Selected,Not Selected,Yes,managing well,Personal financial management,,,,,,,,,,,,,,,,NONE,Important,Urgent,Not Important.,Important,,Yes,Yes,No,none,
118937433879,Bishops Gate,Customer Service,Yes,Male,25-34,No,No,NEW TO THE TEAM,None of the above,Not Selected,Not Selected,Not Selected,Not Selected,Not Selected,Not Selected,Not Selected,Not Selected,Not Selected,Not Selected,Not Selected,Not Selected,Not Selected,Not Selected,No,ACCESS THEM LATER,,,Retirement planning,,,,,,,,Building healthy relationships/marriages,,,,,,,Important,Important,Important,Important,,Yes,Yes,No,NONE,NONE
118937436117,Bishops Gate,Contact Centre,Yes,Female,25-34,Yes,No,NEW TO THE TEAM,,Not Selected,Not Selected,Not Selected,Gen-Z protests,Not Selected,Not Selected,Not Selected,Not Selected,Not Selected,Not Selected,Not Selected,Not Selected,Not Selected,BURNOUT FROM PROTEST,No,COPING WELL,,,,Investment,,,,,,,,,Increased awareness sessions on mental health issues,,,,BURNOUT,Important,Urgent,Important,Urgent,,No,Yes,No,NONE,
118937440140,Queensway House,Teller/Cashier,Yes,Male,45-54,Yes,No,I WAS AWAY,,Not Selected,Not Selected,Not Selected,Not Selected,Not Selected,Financial challenges,Not Selected,Not Selected,Not Selected,Not Selected,Not Selected,Not Selected,Not Selected,Not Selected,No,CONSIDERING TP SEEK THE SERVICES,,,,,,NONE,,,,,,,,Money matters/Financial coaching and literacy sessions,,,,Important,Important,Not Important.,Not Important.,,Yes,No,No,NONE,NONE
118937442726,Absa Headquarters (KE),Credit,Yes,Female,45-54,No,No,JOINED IN RECENTLY,,Not Selected,Not Selected,Not Selected,Not Selected,Not Selected,Not Selected,Not Selected,Not Selected,Not Selected,Not Selected,Not Selected,Not Selected,Not Selected,WORK ,No,JOINED RECENTLY,Personal financial management,,,,,,,,,,,,,,,,WORK LIFE INTEGRATION AND EMOTIONAL INTELLIGENCE,Important,Important,Not Important.,Important,,Yes,Yes,No,NONE,NONE 
118937457228,Kitengela Plaza Branch,Sales,Yes,Male,35-44,Yes,Yes,,None of the above,Not Selected,Not Selected,Not Selected,Not Selected,Not Selected,Not Selected,Not Selected,Not Selected,Not Selected,Not Selected,Not Selected,Not Selected,Not Selected,Not Selected,No,managing well,,,,,,NONE,,,,,,,,,,,WORK LIFE INTEGRATION,Important,Important,Important,Important,,No,No,Yes,FEELING CARED FOR,NONE
118937458981,Kitengela Plaza Branch,Sales,Yes,Male,45-54,Yes,No,DEMANDINGJOB,,Not Selected,Not Selected,Not Selected,Not Selected,Not Selected,Not Selected,Not Selected,Not Selected,Not Selected,Not Selected,Loss and Grief,Not Selected,Not Selected,Not Selected,No,LOCATION,Personal financial management,,,,,,,,,,,,Increased awareness sessions on mental health issues,,,,,Important,Important,Important,Important,,Yes,Yes,No,NONE,NONE
118937465466,Bunyala Road Branch,Sales,Yes,Female,35-44,Yes,No,NOT AVAILABLE,None of the above,Not Selected,Not Selected,Not Selected,Not Selected,Not Selected,Not Selected,Not Selected,Not Selected,Not Selected,Not Selected,Not Selected,Not Selected,Not Selected,Not Selected,No,NOT INTERESTED,,,,,,,,,,,,,,,"Building healthy relationships at work (colleagues, team leaders, managers)",,,Important,Important,Not Important.,Not Important.,,No,No,No,NONE,NONE
118937467964,Market Branch,Sales,Yes,Female,45-54,Yes,Yes,,,Not Selected,Work- and work-related stressors,Not Selected,Not Selected,Not Selected,Financial challenges,Not Selected,Not Selected,Not Selected,Not Selected,Not Selected,Not Selected,Not Selected,Not Selected,No,no motivation,Personal financial management,,,,,,,,,,,,,Money matters/Financial coaching and literacy sessions,,,,Urgent,Urgent,Not Important.,Urgent,,No,No,No,none,none
118937469817,Changamwe Branch,Sales,Yes,Female,45-54,No,No,,,Not Selected,Work- and work-related stressors,Not Selected,Not Selected,Not Selected,Not Selected,Not Selected,Not Selected,Not Selected,Not Selected,Not Selected,Not Selected,"Chronic Diseases (nuclear family, parents, other extended family members",Not Selected,No,MANAGING WELL,,,,,,NONE,,,,,,,,,,,NONE,Important,Important,Not Important.,Important,,No,No,No,NONE,NONE
118937473066,Harambee,Retail,Yes,Female,35-44,Yes,No,NOT AWARE,None of the above,Not Selected,Not Selected,Not Selected,Not Selected,Not Selected,Not Selected,Not Selected,Not Selected,Not Selected,Not Selected,Not Selected,Not Selected,Not Selected,Not Selected,Yes,MANAGING WELL,,,,,,NONE,,,,,,,,,,,NONE,Important,Important,Not Important.,Important,,No,No,No,NONE,NONE
118937470054,Garissa,Retail,Yes,Male,25-34,Yes,No,not able to participate physically,,Not Selected,Not Selected,Not Selected,Not Selected,Not Selected,Financial challenges,Not Selected,Parenting challenges,Not Selected,Not Selected,Not Selected,Not Selected,Not Selected,Not Selected,No,didnt have toll free number,Personal financial management,,,,,,,,,Men Cave/Women Forum,,Parenting and childcare,Increased awareness sessions on mental health issues,Money matters/Financial coaching and literacy sessions,,,,Important,Important,Important,Important,,No,No,Yes,There seems to be an initiative to get feedback from the employees.,Physical counsellors for the surveys 
118937479306,Kikuyu Branch,CASHIER,Yes,Male,25-34,No,No,NEW TO THE TEAM,,Not Selected,Not Selected,Not Selected,Not Selected,Not Selected,Not Selected,Not Selected,Not Selected,Not Selected,Not Selected,Loss and Grief,Not Selected,Not Selected,Not Selected,No,DONT HOW TO  ACCESS,Personal financial management,,,,,,,,,,,,,,,,LOSS AND GRIEF,Urgent,Urgent,Important,Urgent,,Yes,Yes,No,NONE,NONE
118937482998,Kitale Branch,Sales,Yes,Male,35-44,Yes,Yes,,None of the above,Not Selected,Not Selected,Not Selected,Not Selected,Not Selected,Not Selected,Not Selected,Not Selected,Not Selected,Not Selected,Not Selected,Not Selected,Not Selected,Not Selected,No,MANAGING WELL,Personal financial management,,Retirement planning,,,,,,,,,,,,,,NONE,Important,Important,Important,Important,,Yes,Yes,Yes,NONE ,NONE
118937488863,Digo Road Branch,Customer Service,Yes,Male,45-54,Yes,Yes,,,Not Selected,Work- and work-related stressors,Not Selected,Not Selected,Not Selected,Not Selected,Not Selected,Not Selected,Not Selected,Not Selected,Not Selected,Not Selected,Not Selected,Not Selected,No,MANAGING WELL,Personal financial management,Debt management,,Investment,,,,,,,,,,Money matters/Financial coaching and literacy sessions,,,,Urgent,Important,Important,Important,,Yes,Yes,No,NONE,NONE
118937490628,Hurlingham Branch,Customer Service,Yes,Female,45-54,Yes,Yes,,,Not Selected,Work- and work-related stressors,Not Selected,Not Selected,Not Selected,Not Selected,Not Selected,Not Selected,Not Selected,Not Selected,Not Selected,Not Selected,Not Selected,Not Selected,No,MANAGING WELL,,,,,,NONE,,,,,,,Increased awareness sessions on mental health issues,,,,,Important,Urgent,Important,Urgent,,Yes,Yes,Yes,NONE,NONE
118937492555,Kisii Branch,Sales,Yes,Female,35-44,Yes,Yes,,None of the above,Not Selected,Not Selected,Not Selected,Not Selected,Not Selected,Not Selected,Not Selected,Not Selected,Not Selected,Not Selected,Not Selected,Not Selected,Not Selected,Not Selected,No,MANAGING WELL,,,Retirement planning,Investment,,,,,,,,,,,,,STRESS MANAGEMENT,Important,Important,Important,Important,,Yes,Yes,No,NONE,NONE
118937494824,River Road Branch Kianjoya Bulding,Sales,Yes,Female,35-44,Yes,Yes,,None of the above,Not Selected,Not Selected,Not Selected,Not Selected,Not Selected,Not Selected,Not Selected,Not Selected,Not Selected,Not Selected,Not Selected,Not Selected,Not Selected,Not Selected,No,MANAGING WELL,,,,,,NONE,,,,,,,,,,,NONE,Important,Important,Important,Important,,No,No,Yes,NONE,NONE
118937511646,Bishops Gate,Collections,Yes,Female,35-44,Yes,Yes,,None of the above,Not Selected,Not Selected,Not Selected,Not Selected,Not Selected,Not Selected,Not Selected,Not Selected,Not Selected,Not Selected,Not Selected,Not Selected,Not Selected,Not Selected,No,MANAGING WELL,,,,Investment,,,,,,,Building healthy relationships/marriages,Parenting and childcare,,,,Develop a Teens program on contemporary topics,,Important,Urgent,Urgent,Important,,Yes,Yes,No,NONE,NONE
118937513993,Bishops Gate,Collections,Yes,Female,35-44,Yes,Yes,,None of the above,Not Selected,Not Selected,Not Selected,Not Selected,Not Selected,Not Selected,Not Selected,Not Selected,Not Selected,Not Selected,Not Selected,Not Selected,Not Selected,Not Selected,No,MANAGING WELL,,,,Investment,,,,,,,Building healthy relationships/marriages,Parenting and childcare,,,,Develop a Teens program on contemporary topics,,Important,Urgent,Important,Important,,Yes,Yes,No,NONE,NONE
118937516026,Nakuru West Branch,Sales,Yes,Male,35-44,Yes,Yes,,None of the above,Not Selected,Not Selected,Not Selected,Not Selected,Not Selected,Not Selected,Not Selected,Not Selected,Not Selected,Not Selected,Not Selected,Not Selected,Not Selected,Not Selected,No,,,,,,,NONE,,,,,,,,,,,NONE,Important,Important,Important,Important,,Yes,No,Yes,NONE,NONE
118937518070,Migori Branch,Sales,Yes,Male,45-54,Yes,Yes,,None of the above,Not Selected,Not Selected,Not Selected,Not Selected,Not Selected,Not Selected,Not Selected,Not Selected,Not Selected,Not Selected,Not Selected,Not Selected,Not Selected,Not Selected,No,COPING WELL,Personal financial management,,,Investment,,,,,,,,,Increased awareness sessions on mental health issues,,,,,Important,Important,Not Important.,Important,,Yes,Yes,No,NONE,NONE
118937543183,Voi Branch,Sales,Yes,Male,35-44,Yes,Yes,,None of the above,Not Selected,Not Selected,Not Selected,Not Selected,Not Selected,Not Selected,Not Selected,Not Selected,Not Selected,Not Selected,Not Selected,Not Selected,Not Selected,Not Selected,No,MANAGING WELL,Personal financial management,Debt management,Retirement planning,Investment,Financial planning,N,,,,,,,Increased awareness sessions on mental health issues,,,,,Important,Important,Urgent,Important,,Yes,Yes,Yes,NONE,NONE
118937549790,Digo Road Branch,Sales,Yes,Female,45-54,Yes,No,BUSY SCHEDULE,,Not Selected,Work- and work-related stressors,Not Selected,Not Selected,Not Selected,Not Selected,Not Selected,Not Selected,Not Selected,Not Selected,Not Selected,Not Selected,"Chronic Diseases (nuclear family, parents, other extended family members",Not Selected,No,MANAGING WELL,,,,Investment,Financial planning,,,,,,,,,,,,WORK LIFE INTEGRATION 7,Important,Urgent,Not Important.,Important,,No,No,Yes,INSURANCE COVER IS HELPFUL NOW,NONE
118937562824,Eldoret Branch,Sales,Yes,Male,35-44,Yes,Yes,,None of the above,Not Selected,Not Selected,Not Selected,Not Selected,Not Selected,Not Selected,Not Selected,Not Selected,Not Selected,Not Selected,Not Selected,Not Selected,Not Selected,Not Selected,No,,,Debt management,Retirement planning,,,,,,,,,,Increased awareness sessions on mental health issues,,,,,Important,Important,Not Important.,Important,,No,No,No,NONE,NONE
118937580007,Kisii Branch,Sales,Yes,Male,35-44,Yes,Yes,,,"Personal challenges (career growth, education)",Work- and work-related stressors,Work-life imbalance,Gen-Z protests,Not Selected,Not Selected,Not Selected,Not Selected,Not Selected,Not Selected,Not Selected,Not Selected,"Chronic Diseases (nuclear family, parents, other extended family members",Not Selected,No,Work life pressures made him too engaged,Personal financial management,,Retirement planning,Investment,Financial planning,Programs for new team,,Health and well-being including lifestyle diseases,,,,,Increased awareness sessions on mental health issues,,"Building healthy relationships at work (colleagues, team leaders, managers)",,,Urgent,Urgent,Urgent,Urgent,Programs to be scheduled when they are at home,Yes,Yes,Yes,Mental health talks which improved their views on it ,
118937588522,Gilgil Express Branch,Sales,Yes,Male,25-34,Yes,No,,None of the above,Not Selected,Not Selected,Not Selected,Not Selected,Not Selected,Not Selected,Not Selected,Not Selected,Not Selected,Not Selected,Not Selected,Not Selected,Not Selected,Not Selected,No,Was able to manage challanges,,,Retirement planning,,,,,,,,,,,Money matters/Financial coaching and literacy sessions,,,,Not Important.,Not Important.,Important,Urgent,,No,No,Yes,No,
118938280771,Nkrumah Road Branch,Lead Generator (LG),Yes,Female,25-34,No,No,she got employment recently,,Not Selected,Work- and work-related stressors,Not Selected,Not Selected,Not Selected,Financial challenges,Not Selected,Not Selected,Not Selected,Traumatic experiences,Not Selected,Not Selected,Not Selected,Not Selected,No,there is no issue,,,,Investment,Financial planning,,Anxiety/depression,,,,Building healthy relationships/marriages,,,Money matters/Financial coaching and literacy sessions,"Building healthy relationships at work (colleagues, team leaders, managers)",,,Urgent,Urgent,Not Important.,Not Important.,,Yes,Yes,No,,None at the moment
118938303499,Homa Bay Branch,Lead Generator (LG),Yes,Male,25-34,Yes,No,employed recently,,Not Selected,Not Selected,Not Selected,Not Selected,Not Selected,Not Selected,Not Selected,Parenting challenges,Anxiety and depression,Not Selected,Not Selected,Not Selected,Not Selected,Not Selected,No,He has no issue that require counseling,,,,Investment,,,,,,,,,,Money matters/Financial coaching and literacy sessions,,,,Important,Important,Not Important.,Urgent,,No,Yes,No,,None at the moment
118938307838,Nyahururu Branch,Lead Generator (LG),Yes,Female,35-44,Yes,Yes,,None of the above,Not Selected,Not Selected,Not Selected,Not Selected,Not Selected,Not Selected,Not Selected,Not Selected,Not Selected,Not Selected,Not Selected,Not Selected,Not Selected,Not Selected,No,,,,Retirement planning,,,,,Health and well-being including lifestyle diseases,,,,,Increased awareness sessions on mental health issues,,"Building healthy relationships at work (colleagues, team leaders, managers)",,Retreats,Not Important.,Not Important.,Important,Important,,Yes,Yes,Yes,NO,NO
118938309965,Nakuru East Branch,Lead Generator (LG),Yes,Male,25-34,Yes,No,he got employed recently,None of the above,Not Selected,Not Selected,Not Selected,Not Selected,Not Selected,Not Selected,Not Selected,Not Selected,Not Selected,Not Selected,Not Selected,Not Selected,Not Selected,Not Selected,No,he has no major issue that require counselling,,,,Investment,,,Anxiety/depression,,,Men Cave/Women Forum,,,,Money matters/Financial coaching and literacy sessions,"Building healthy relationships at work (colleagues, team leaders, managers)",,,Urgent,Urgent,Not Important.,Urgent,,No,No,No,,None at the moment
118938312964,Nyeri Branch,Lead Generator (LG),Yes,Female,25-34,Yes,No,she got employed recently,,Not Selected,Not Selected,Not Selected,Gen-Z protests,Not Selected,Not Selected,Not Selected,Not Selected,Not Selected,Not Selected,Not Selected,Not Selected,Not Selected,Not Selected,No,She has no issue that might require counselling,,,Retirement planning,,Financial planning,,Anxiety/depression,,,Men Cave/Women Forum,,Parenting and childcare,,,,,,Urgent,Urgent,Important,Urgent,,Yes,Yes,No,,none at the moment
118938322189,Kitale Branch,Sales,Yes,Male,35-44,Yes,No,AWAY FOR WORK,,Not Selected,Work- and work-related stressors,Not Selected,Not Selected,Not Selected,Not Selected,Not Selected,Not Selected,Not Selected,Not Selected,Not Selected,Not Selected,Not Selected,Not Selected,No,MANAGING WELL,Personal financial management,,,,,,,,,,,,,Money matters/Financial coaching and literacy sessions,,,,Important,Important,Urgent,Important,,Yes,Yes,No,NONE,NONE
118938331285,Market Branch,Sales,Yes,Male,45-54,Yes,No,DIDNT GET INFORMATION,,Not Selected,Work- and work-related stressors,Not Selected,Not Selected,Not Selected,Financial challenges,Not Selected,Not Selected,Not Selected,Not Selected,Not Selected,Not Selected,Not Selected,Not Selected,No,MANAGING WELL,,,Retirement planning,,,,,,,,,,,Money matters/Financial coaching and literacy sessions,,,,Important,Important,Important,Important,,Yes,Yes,Yes,NONE,NONE
118938332777,Queensway House,Customer Service,Yes,Male,25-34,Yes,No,was held up somewhere else,None of the above,Not Selected,Not Selected,Not Selected,Not Selected,Not Selected,Not Selected,Not Selected,Not Selected,Not Selected,Not Selected,Not Selected,Not Selected,Not Selected,Not Selected,No,he has no issue that require counselling,Personal financial management,,,Investment,Financial planning,,,,,Men Cave/Women Forum,Building healthy relationships/marriages,,Increased awareness sessions on mental health issues,Money matters/Financial coaching and literacy sessions,"Building healthy relationships at work (colleagues, team leaders, managers)",,,Important,Urgent,Important,Urgent,,No,Yes,No,,none at the moment
118938336396,Two Rivers Mall Branch,Lead Generator (LG),Yes,Male,25-34,Yes,No,recently employed,,Not Selected,Work- and work-related stressors,Not Selected,Not Selected,Marital issues,Not Selected,Relationship difficulties,Parenting challenges,Not Selected,Not Selected,Not Selected,Not Selected,Not Selected,Not Selected,No,He has no issue that require counselling,,,,Investment,Financial planning,,Anxiety/depression,,,,,,,,,,,,Urgent,,,,No,No,,,None at the moment
118938338421,Bishops Gate,Customer Service,Yes,Female,25-34,Yes,No,newly employed,,Not Selected,Work- and work-related stressors,Not Selected,Gen-Z protests,Not Selected,Not Selected,Not Selected,Not Selected,Not Selected,Not Selected,Not Selected,Not Selected,"Chronic Diseases (nuclear family, parents, other extended family members",Not Selected,No,She has no issue that require counselling ,Personal financial management,,,,,,,,,Men Cave/Women Forum,,,,Money matters/Financial coaching and literacy sessions,,,,Important,Urgent,Not Important.,Urgent,,Yes,Yes,No,,No suggestions as at now
118938341791,Karen Branch Prestige,Lead Generator (LG),Yes,Female,25-34,No,No,she was just recently employed.,,"Personal challenges (career growth, education)",Not Selected,Work-life imbalance,Not Selected,Marital issues,Not Selected,Not Selected,Not Selected,Not Selected,Not Selected,Not Selected,Not Selected,Not Selected,Not Selected,No,he has no issue ,,,,Investment,Financial planning,,Anxiety/depression,,,,,Parenting and childcare,,Money matters/Financial coaching and literacy sessions,,,,Important,Urgent,Not Important.,Urgent,,No,Yes,No,,none at the moment
118938346278,Kilifi Branch,Lead Generator (LG),Yes,Male,35-44,Yes,No,employed recently,None of the above,Not Selected,Not Selected,Not Selected,Not Selected,Not Selected,Not Selected,Not Selected,Not Selected,Not Selected,Not Selected,Not Selected,Not Selected,Not Selected,Not Selected,No,he has no issue that requires counselling,,,,Investment,Financial planning,,,,,Men Cave/Women Forum,,,,,,,,Urgent,Important,Important,Urgent,,Yes,Yes,No,,not at the moment
118938349097,Kisumu Branch,Business Banking,Yes,Male,25-34,Yes,No,He was on leave,,Not Selected,Not Selected,Work-life imbalance,Not Selected,Marital issues,Not Selected,Not Selected,Not Selected,Not Selected,Not Selected,Not Selected,Not Selected,Not Selected,Not Selected,No,he has no issue that requires counselling,Personal financial management,,,,Financial planning,,Anxiety/depression,,,,,,,Money matters/Financial coaching and literacy sessions,"Building healthy relationships at work (colleagues, team leaders, managers)",,,Urgent,Urgent,Not Important.,Important,,Yes,Yes,No,,not at the moment
118938352743,Kisumu Branch,Lead Generator (LG),Yes,Male,25-34,Yes,No,he was held up with other duties during that period,,Not Selected,Not Selected,Work-life imbalance,Not Selected,Not Selected,Financial challenges,Not Selected,Parenting challenges,Not Selected,Not Selected,Not Selected,Not Selected,Not Selected,Not Selected,No,he has no issue,Personal financial management,,,Investment,,,,Health and well-being including lifestyle diseases,Dealing with addiction and related stigma,,Building healthy relationships/marriages,Parenting and childcare,Increased awareness sessions on mental health issues,Money matters/Financial coaching and literacy sessions,,,,Urgent,Urgent,Not Important.,Urgent,,No,No,No,,none 
118938362107,Queensway House,Lead Generator (LG),Yes,Male,25-34,No,No,he was held up in other office matters,,Not Selected,Not Selected,Not Selected,Not Selected,Not Selected,Financial challenges,Not Selected,Not Selected,Not Selected,Not Selected,Not Selected,Not Selected,Not Selected,Not Selected,No,no issue,Personal financial management,,Retirement planning,,,,Anxiety/depression,,,,,,,Money matters/Financial coaching and literacy sessions,,,,Urgent,Urgent,Not Important.,Urgent,,No,No,No,,none at the moment
118938368741,Nakuru West Branch,Sales,Yes,Female,35-44,Yes,Yes,,,"Personal challenges (career growth, education)",Not Selected,Not Selected,Not Selected,Not Selected,Not Selected,Not Selected,Not Selected,Not Selected,Not Selected,Not Selected,Not Selected,Not Selected,Not Selected,Yes,,Personal financial management,,,,,,,,,,,,,,,,NONE,Important,Important,Important,Important,,Yes,Yes,Yes,WELLNESS OF THE STAFFS,NONE
118938369421,Kapsabet Branch,Customer Service,Yes,Male,25-34,Yes,No,newly employed,None of the above,Not Selected,Not Selected,Not Selected,Not Selected,Not Selected,Not Selected,Not Selected,Not Selected,Not Selected,Not Selected,Not Selected,Not Selected,Not Selected,Not Selected,No,no issue that require counselling,,,,Investment,Financial planning,,,,,,,,,,"Building healthy relationships at work (colleagues, team leaders, managers)",,,Urgent,Urgent,Urgent,Urgent,,Yes,Yes,No,,none at the moment.
118938374199,Market Branch,Retail,Yes,Female,45-54,No,No,,None of the above,Not Selected,Not Selected,Not Selected,Not Selected,Not Selected,Not Selected,Not Selected,Not Selected,Not Selected,Not Selected,Not Selected,Not Selected,Not Selected,Not Selected,No,IM OKAY,,,,,,NONE,,,,,,,,,,,NONE,Important,Important,Important,Important,,No,No,No,NONE,NONE
118938378020,Bishops Gate,CLM,Yes,Male,35-44,Yes,No,BUSY SCHEDULE,,Not Selected,Not Selected,Not Selected,Not Selected,Not Selected,Financial challenges,Not Selected,Not Selected,Not Selected,Not Selected,Not Selected,Not Selected,Not Selected,Not Selected,No,,,Debt management,Retirement planning,,,,,,,,,,,,,,NONE,Important,Urgent,Not Important.,Important,,Yes,No,Yes,NONE,NONE
118938382467,Bishops Gate,Sales,Yes,Female,35-44,Yes,No,NO DETAILS,,Not Selected,Work- and work-related stressors,Not Selected,Not Selected,Not Selected,Financial challenges,Not Selected,Not Selected,Not Selected,Not Selected,Not Selected,Not Selected,Not Selected,Not Selected,No,,Personal financial management,,Retirement planning,Investment,,,,,,,,,,,,,NONE,Important,Urgent,Not Important.,Important,,Yes,No,Yes,NONE,NONE
118938384877,Eldoret Branch,Lead Generator (LG),Yes,Female,25-34,Yes,No,NEW,,Not Selected,Work- and work-related stressors,Not Selected,Not Selected,Not Selected,Not Selected,Not Selected,Not Selected,Not Selected,Not Selected,Not Selected,Not Selected,Not Selected,Not Selected,No,N,Personal financial management,,,Investment,,,,,,Men Cave/Women Forum,Building healthy relationships/marriages,,Increased awareness sessions on mental health issues,Money matters/Financial coaching and literacy sessions,"Building healthy relationships at work (colleagues, team leaders, managers)",,,Urgent,,Urgent,,,Yes,No,No,,none at the moment
118938397820,Gilgil Express Branch,Sales,Yes,Male,35-44,Yes,No,,,Not Selected,Work- and work-related stressors,Not Selected,Not Selected,Not Selected,Not Selected,Not Selected,Not Selected,Not Selected,Not Selected,Not Selected,Not Selected,Not Selected,Not Selected,No,IM OKAY,Personal financial management,,,,,,,,,,,,Increased awareness sessions on mental health issues,Money matters/Financial coaching and literacy sessions,,,,Important,Important,Important,Important,,Yes,Yes,Yes,GREAT MENTAL HEALTH SESSION,NONE
118938403508,Market Branch,DATA,Yes,Male,35-44,Yes,No,DIDNT DETAILS,,Not Selected,Not Selected,Not Selected,Not Selected,Not Selected,Financial challenges,Not Selected,Not Selected,Not Selected,Not Selected,Not Selected,Not Selected,Not Selected,Not Selected,No,IM OKAY,Personal financial management,,,,,,,,,,,,,Money matters/Financial coaching and literacy sessions,,,,Important,Important,Not Important.,Important,,No,No,Yes,NONE,NONE
118938403784,Ruaraka Branch,Lead Generator (LG),Yes,Male,25-34,Yes,No,Recently employed,,Not Selected,Work- and work-related stressors,Not Selected,Not Selected,Not Selected,Not Selected,Not Selected,Not Selected,Not Selected,Not Selected,Not Selected,Not Selected,Not Selected,Not Selected,No,he has no issue that needs counselling,,,,Investment,,,,,,Men Cave/Women Forum,,,,Money matters/Financial coaching and literacy sessions,,,,Urgent,Urgent,Important,Urgent,,Yes,No,No,,None at the moment
118938419645,River Road Branch Kianjoya Bulding,Sales,Yes,Female,45-54,Yes,Yes,,None of the above,Not Selected,Not Selected,Not Selected,Not Selected,Not Selected,Not Selected,Not Selected,Not Selected,Not Selected,Not Selected,Not Selected,Not Selected,Not Selected,Not Selected,No,IM OKAY,,,,,,NONE,,,,,,,,,,,NONE,Important,Not Important.,Not Important.,Important,,No,No,Yes,NONE,NONE
118938421113,Karen Branch Prestige,Lead Generator (LG),Yes,Female,25-34,Yes,No,newly employed,,"Personal challenges (career growth, education)",Work- and work-related stressors,Not Selected,Not Selected,Not Selected,Not Selected,Not Selected,Not Selected,Not Selected,Not Selected,Not Selected,Not Selected,Not Selected,Not Selected,No,No pressing issue,,,,Investment,,,,,Dealing with addiction and related stigma,,,,,,,,,Urgent,Urgent,Urgent,Urgent,,Yes,Yes,No,,no suggestions for now
118938424362,Kitengela Plaza Branch,Sales,Yes,Female,45-54,Yes,No,,,Not Selected,Not Selected,Not Selected,Not Selected,Not Selected,Not Selected,Not Selected,Not Selected,Not Selected,Not Selected,Not Selected,Not Selected,"Chronic Diseases (nuclear family, parents, other extended family members",Not Selected,No,BOOKING ONE SESSION VERY SOON,,,Retirement planning,Investment,,,,Health and well-being including lifestyle diseases,,,,,,,,,,Important,Urgent,,Urgent,,Yes,Yes,Yes,NONE,NONE
118938435564,Thika Branch,Sales,Yes,Male,45-54,Yes,Yes,,None of the above,Not Selected,Not Selected,Not Selected,Not Selected,Not Selected,Not Selected,Not Selected,Not Selected,Not Selected,Not Selected,Not Selected,Not Selected,Not Selected,Not Selected,Yes,,,,,Investment,,,,,,,,,Increased awareness sessions on mental health issues,,,,,Important,Important,Important,Important,,No,Yes,Yes,TRAINING PROGRAMS,NONE
118938440973,Hurlingham Branch,Sales,Yes,Female,45-54,Yes,Yes,,,Not Selected,Work- and work-related stressors,Not Selected,Not Selected,Not Selected,Not Selected,Not Selected,Not Selected,Not Selected,Not Selected,Not Selected,Not Selected,Not Selected,BURNOUT,No,MANAGING WELL,,,Retirement planning,Investment,,,,,,,,,,,,,BURNOUT,Important,Urgent,Urgent,Important,,Yes,Yes,No,NONE,NONE
118938434609,Migori Branch,Lead Generator (LG),Yes,Female,Below 25 Years,Yes,No,new,,Not Selected,Work- and work-related stressors,Work-life imbalance,Not Selected,Not Selected,Financial challenges,Not Selected,Not Selected,Anxiety and depression,Traumatic experiences,Not Selected,Not Selected,Not Selected,Not Selected,No,newly employed in the organization,,,,Investment,,,,,,,,,,Money matters/Financial coaching and literacy sessions,,,,Urgent,Urgent,Not Important.,Urgent,,Yes,Yes,No,,none 
118938466345,Bishops Gate,Teller/Cashier,Yes,Female,35-44,Yes,No,,,Not Selected,Work- and work-related stressors,Not Selected,Not Selected,Not Selected,Not Selected,Relationship difficulties,Not Selected,Not Selected,Not Selected,Not Selected,Not Selected,Not Selected,Not Selected,Yes,,,,,Investment,,,,,,,,,Increased awareness sessions on mental health issues,,,,,Important,Important,Important,Important,,Yes,Yes,No,NONE,NONE
118938472922,Harambee,Bancassurance,Yes,Female,25-34,Yes,No,,,Not Selected,Work- and work-related stressors,Not Selected,Not Selected,Not Selected,Not Selected,Not Selected,Not Selected,Not Selected,Not Selected,Not Selected,Not Selected,Not Selected,Not Selected,No,MANAGING WELL,Personal financial management,Debt management,,,,,,,,,,,,,,,WORK LIFE INTEGRATION,Urgent,Urgent,Urgent,Important,,Yes,Yes,Yes,NONE,CARE CALL TO BE DONE REGULARLY
118938485027,Bishops Gate,RELE,Yes,Female,35-44,Yes,Yes,,None of the above,Not Selected,Not Selected,Not Selected,Not Selected,Not Selected,Not Selected,Not Selected,Not Selected,Not Selected,Not Selected,Not Selected,Not Selected,Not Selected,Not Selected,No,COPING WELL,,,Retirement planning,Investment,,,,,,,,,Increased awareness sessions on mental health issues,,,,,Important,Important,Not Important.,Important,,No,No,No,NONE,NONE
118938509087,Nakuru East Branch,Card Operations,Yes,Male,25-34,Yes,Yes,,,Not Selected,Work- and work-related stressors,Not Selected,Not Selected,Not Selected,Financial challenges,Not Selected,Not Selected,Not Selected,Not Selected,Not Selected,Not Selected,Not Selected,Not Selected,No,FEAR,Personal financial management,,,,Financial planning,,,,,,,,Increased awareness sessions on mental health issues,Money matters/Financial coaching and literacy sessions,,,,Important,Important,Not Important.,Important,,No,No,No,NONE,NONE
118938516256,Garissa,Credit,Yes,Male,35-44,Yes,Yes,,None of the above,Not Selected,Not Selected,Not Selected,Not Selected,Not Selected,Not Selected,Not Selected,Not Selected,Not Selected,Not Selected,Not Selected,Not Selected,Not Selected,Not Selected,No,,,,Retirement planning,,,,,,,,,,,,,,NONE,Important,Important,Important,Important,,Yes,Yes,Yes,WELLNESS PROGRAM,NONE
118938520664,Kitui Branch,Sales,Yes,Male,35-44,Yes,Yes,,,Not Selected,Not Selected,Not Selected,Not Selected,Not Selected,Financial challenges,Not Selected,Not Selected,Not Selected,Not Selected,Not Selected,Not Selected,Not Selected,Not Selected,No,,,,,Investment,,SAVINGS,,,,,,,,,,,NONE,Important,Urgent,Important,Important,,Yes,Yes,Yes,PERFORMANCE IS BETTER,CAREER GROWTH
118938317243,Karen Branch Prestige,Sales,Yes,Female,35-44,Yes,Yes,,,Not Selected,Work- and work-related stressors,Not Selected,Not Selected,Not Selected,Not Selected,Not Selected,Not Selected,Not Selected,Not Selected,Not Selected,Not Selected,Not Selected,Not Selected,No,,Personal financial management,,,,,,,,,,,,,,,,BURNOUT,Important,Important,Not Important.,Important,,Yes,Yes,Yes,WELLNESS PROGRAM,NONE
118939011233,Karatina Branch - Kenya,Sales,Yes,Female,35-44,Yes,Yes,,,Not Selected,Not Selected,Not Selected,Not Selected,Not Selected,Financial challenges,Not Selected,Not Selected,Not Selected,Not Selected,Not Selected,Not Selected,Not Selected,Not Selected,No,MANAGING WELL,,,,,,NONE,,,,,,,,,,,NUTRITION,Important,Important,Important,Important,,No,No,No,NONE,NONE
118939013224,Bishops Gate,Customer Service,Yes,Male,35-44,Yes,Yes,,None of the above,Not Selected,Not Selected,Not Selected,Not Selected,Not Selected,Not Selected,Not Selected,Not Selected,Not Selected,Not Selected,Not Selected,Not Selected,Not Selected,Not Selected,No,IM OKAY,,,,,,NONE,,,,,,,,,,,NONE,Urgent,Important,Urgent,Important,,Yes,Yes,Yes,WELLNESS PROGRAMS HAS BEEN HELPFUL,NONE
118939016520,Bishops Gate,PRESTIGE,Yes,Female,35-44,Yes,No,,,Not Selected,Work- and work-related stressors,Not Selected,Not Selected,Not Selected,Not Selected,Not Selected,Not Selected,Not Selected,Not Selected,Not Selected,Not Selected,Not Selected,Not Selected,No,MANAGING WELL,,Debt management,,,,,,,,,,,,Money matters/Financial coaching and literacy sessions,,,,Important,Important,Important,Important,,Yes,No,Yes,NONE,CAREER GROWTH
118939023427,Bishops Gate,TMU,Yes,Male,35-44,Yes,Yes,,,Not Selected,Not Selected,Not Selected,Not Selected,Marital issues,Not Selected,Not Selected,Not Selected,Not Selected,Not Selected,Not Selected,Not Selected,Not Selected,Not Selected,No,MANAGING WELL,,,,Investment,,,,,,,,,Increased awareness sessions on mental health issues,,,,,Important,Important,Not Important.,Important,,Yes,No,Yes,NONE,NONE
118939025462,Kariobangi Branch,Lead Generator (LG),Yes,Male,25-34,Yes,Yes,,,Not Selected,Work- and work-related stressors,Not Selected,Not Selected,Not Selected,Financial challenges,Not Selected,Not Selected,Not Selected,Not Selected,Not Selected,Not Selected,Not Selected,Not Selected,No,No issue that requires counselling,,,,Investment,,,Anxiety/depression,,,,,,,,,,,Urgent,Urgent,Important,Urgent,,No,No,No,,None at the moment
118939026550,Bishops Gate,TMU,Yes,Male,35-44,Yes,Yes,,None of the above,Not Selected,Not Selected,Not Selected,Not Selected,Not Selected,Not Selected,Not Selected,Not Selected,Not Selected,Not Selected,Not Selected,Not Selected,Not Selected,Not Selected,No,MANAGING WELL,,,,Investment,,SAVINGS,,,,,,,Increased awareness sessions on mental health issues,,,,,Not Important.,Not Important.,Not Important.,Important,,Yes,No,No,NONE,NONE
118939035110,Bomet Branch,Customer Service,Yes,Male,35-44,Yes,No,he was held somewhere else.,,Not Selected,Work- and work-related stressors,Work-life imbalance,Not Selected,Not Selected,Financial challenges,Not Selected,Not Selected,Not Selected,Not Selected,Not Selected,Not Selected,Not Selected,Not Selected,Yes,no issue ,,Debt management,,Investment,Financial planning,,Anxiety/depression,,,Men Cave/Women Forum,,,,Money matters/Financial coaching and literacy sessions,,,,Important,Urgent,Not Important.,Urgent,,No,Yes,No,,None at the moment
118939038074,"Parkside Tower ""A"" Branch",Lead Generator (LG),Yes,Male,Below 25 Years,Yes,No,recently employed,,Not Selected,Not Selected,Not Selected,Not Selected,Not Selected,Financial challenges,Not Selected,Not Selected,Not Selected,Not Selected,Not Selected,Not Selected,Not Selected,Not Selected,No,no issue that require counselling,,,,,Financial planning,,,,,,,,,Money matters/Financial coaching and literacy sessions,,,,Urgent,Urgent,Urgent,Important,,Yes,Yes,No,,No suggestion
118939039924,Muranga Branch,Lead Generator (LG),Yes,Female,25-34,Yes,No,she was away,,Not Selected,Not Selected,Not Selected,Not Selected,Not Selected,Financial challenges,Not Selected,Not Selected,Not Selected,Not Selected,Not Selected,Not Selected,Not Selected,Not Selected,No,no issue that requires counselling,,,,Investment,Financial planning,,,,,Men Cave/Women Forum,,,Increased awareness sessions on mental health issues,Money matters/Financial coaching and literacy sessions,,,,Urgent,Urgent,Important,Urgent,,No,Yes,No,,none at the moment
118939062215,Univ. of Nairobi Branch,Lead Generator (LG),Yes,Male,25-34,Yes,Yes,,None of the above,Not Selected,Not Selected,Not Selected,Not Selected,Not Selected,Not Selected,Not Selected,Not Selected,Not Selected,Not Selected,Not Selected,Not Selected,Not Selected,Not Selected,No,Was able to manage stressors,Personal financial management,,,,,,,,,,,,,,"Building healthy relationships at work (colleagues, team leaders, managers)",,,Urgent,Urgent,Not Important.,Urgent,,Yes,Yes,Yes,,
118939070748,Nakuru East Branch,Lead Generator (LG),Yes,Female,25-34,Yes,Yes,,None of the above,Not Selected,Not Selected,Not Selected,Not Selected,Not Selected,Not Selected,Not Selected,Not Selected,Not Selected,Not Selected,Not Selected,Not Selected,Not Selected,Not Selected,Yes,,Personal financial management,,,,,,,,,,,,,Money matters/Financial coaching and literacy sessions,"Building healthy relationships at work (colleagues, team leaders, managers)",,,Urgent,Important,Not Important.,Important,,Yes,No,Yes,NONE,NONE
118939071169,Embakasi,Lead Generator (LG),Yes,Female,35-44,Yes,No,Wasnt available,,"Personal challenges (career growth, education)",Not Selected,Not Selected,Not Selected,Not Selected,Not Selected,Not Selected,Not Selected,Not Selected,Not Selected,Not Selected,Not Selected,Not Selected,Not Selected,No,,Personal financial management,,,,,,,,,,,,,,,,,Urgent,Urgent,Important,Urgent,,Yes,Yes,Yes,No,No
118939085950,Gilgil Express Branch,Lead Generator (LG),Yes,Male,25-34,Yes,Yes,,,"Personal challenges (career growth, education)",Work- and work-related stressors,Not Selected,Not Selected,Not Selected,Not Selected,Not Selected,Not Selected,Not Selected,Not Selected,Not Selected,Not Selected,Not Selected,Not Selected,No,no,,,Retirement planning,Investment,,,,Health and well-being including lifestyle diseases,,Men Cave/Women Forum,,Parenting and childcare,Increased awareness sessions on mental health issues,Money matters/Financial coaching and literacy sessions,,,,Important,Not Important.,Important,Important,,No,Yes,Yes,none,okay
118939085396,Kakamega Branch,Lead Generator (LG),Yes,Male,25-34,Yes,Yes,,,Not Selected,Work- and work-related stressors,Not Selected,Not Selected,Not Selected,Not Selected,Not Selected,Not Selected,Anxiety and depression,Not Selected,Not Selected,Not Selected,Not Selected,Not Selected,No,,,,Retirement planning,Investment,,,Anxiety/depression,,,,,,,Money matters/Financial coaching and literacy sessions,"Building healthy relationships at work (colleagues, team leaders, managers)",,,Urgent,Urgent,Not Important.,Urgent,,Yes,Yes,No,Just got employed recently ,none at the moment
118939092179,Naivasha Branch,Lead Generator (LG),Yes,Male,25-34,Yes,No,none,,"Personal challenges (career growth, education)",Work- and work-related stressors,Work-life imbalance,Not Selected,Not Selected,Financial challenges,Not Selected,Not Selected,Not Selected,Not Selected,Not Selected,Not Selected,Not Selected,Not Selected,No,no,Personal financial management,Debt management,Retirement planning,Investment,Financial planning,,,,,,,,,Money matters/Financial coaching and literacy sessions,,,,Not Important.,Not Important.,Not Important.,Not Important.,,No,Yes,Yes,not alot,no
118939099893,Hurlingham Branch,Business Banking,Yes,Female,35-44,No,No,not aware,,Not Selected,Work- and work-related stressors,Not Selected,Not Selected,Not Selected,Not Selected,Not Selected,Not Selected,Not Selected,Not Selected,Not Selected,Not Selected,Not Selected,Not Selected,No,not aware,,,Retirement planning,Investment,Financial planning,,,Health and well-being including lifestyle diseases,,,,,Increased awareness sessions on mental health issues,,,,,Important,Not Important.,Important,Important,,Yes,Yes,Yes,none,none
118939095927,Kericho Branch,Bancassurance,Yes,Female,25-34,Yes,No,She got employed  recently,,"Personal challenges (career growth, education)",Work- and work-related stressors,Not Selected,Not Selected,Marital issues,Financial challenges,Not Selected,Parenting challenges,Not Selected,Not Selected,Not Selected,Not Selected,Not Selected,Not Selected,No,She has no issue that needs counselling ,,Debt management,,,,,Anxiety/depression,,,Men Cave/Women Forum,,,Increased awareness sessions on mental health issues,Money matters/Financial coaching and literacy sessions,,,,Urgent,Urgent,Important,Urgent,,Yes,Yes,No,,none at the moment
118939110492,Sarit Centre Prestige,Lead Generator (LG),Yes,Female,25-34,Yes,No,she is a new employee at absa,,"Personal challenges (career growth, education)",Work- and work-related stressors,Not Selected,Not Selected,Not Selected,Not Selected,Not Selected,Not Selected,Not Selected,Not Selected,Not Selected,Not Selected,Not Selected,Not Selected,No,She has no issue that require counselling,,,Retirement planning,Investment,,,,Health and well-being including lifestyle diseases,,Men Cave/Women Forum,,,,,,,,Urgent,Important,Not Important.,Urgent,,Yes,Yes,No,,none at the moment
118939116417,Lavington Branch,Sales,Yes,Female,45-54,Yes,Yes,,,"Personal challenges (career growth, education)",Work- and work-related stressors,Not Selected,Not Selected,Not Selected,Not Selected,Not Selected,Not Selected,Not Selected,Not Selected,Not Selected,Not Selected,Not Selected,Not Selected,No,not inneed,,,,Investment,Financial planning,,,,,,,,Increased awareness sessions on mental health issues,Money matters/Financial coaching and literacy sessions,,,,Urgent,Important,Important,Important,,Yes,No,Yes,more support from the employer,no
118939121668,Nakuru West Branch,Sales,Yes,Female,25-34,Yes,No,NOT INNEED,,"Personal challenges (career growth, education)",Work- and work-related stressors,Work-life imbalance,Not Selected,Not Selected,Not Selected,Not Selected,Not Selected,Not Selected,Not Selected,Not Selected,Not Selected,Not Selected,Not Selected,Yes,,Personal financial management,,,Investment,Financial planning,,,Health and well-being including lifestyle diseases,,,,,,Money matters/Financial coaching and literacy sessions,"Building healthy relationships at work (colleagues, team leaders, managers)",,,Important,Important,Important,Important,,Yes,Yes,Yes,NO,NONE
118939123526,Narok Branch,Credit,Yes,Male,25-34,No,No,Wasnt aware of it,None of the above,Not Selected,Not Selected,Not Selected,Not Selected,Not Selected,Not Selected,Not Selected,Not Selected,Not Selected,Not Selected,Not Selected,Not Selected,Not Selected,Not Selected,Yes,,Personal financial management,,Retirement planning,Investment,,,,,,,,,,,,,,Important,Urgent,Not Important.,Not Important.,,Yes,Yes,Yes,,People should do the survey individually
118939135530,Eastleigh Branch,Sales,Yes,Female,25-34,No,Yes,,,"Personal challenges (career growth, education)",Work- and work-related stressors,Work-life imbalance,Not Selected,Not Selected,Not Selected,Not Selected,Not Selected,Not Selected,Not Selected,Not Selected,Not Selected,Not Selected,Not Selected,No,NOT AWARE,Personal financial management,,,Investment,,,,Health and well-being including lifestyle diseases,,,,,Increased awareness sessions on mental health issues,Money matters/Financial coaching and literacy sessions,,,,Important,Important,Important,Important,,Yes,No,No,NO,NO
118939136132,Nairobi West Branch,Sales,Yes,Female,35-44,Yes,No,Wasn't available ,None of the above,Not Selected,Not Selected,Not Selected,Not Selected,Not Selected,Not Selected,Not Selected,Not Selected,Not Selected,Not Selected,Not Selected,Not Selected,Not Selected,Not Selected,No,,Personal financial management,,Retirement planning,Investment,Financial planning,,,Health and well-being including lifestyle diseases,,,,Parenting and childcare,,Money matters/Financial coaching and literacy sessions,"Building healthy relationships at work (colleagues, team leaders, managers)",,,Important,Important,Important,Important,,Yes,Yes,Yes,Was able to get toll free line to reach out to counsellors,
118939147738,Eastleigh Branch,Sales,Yes,Male,45-54,Yes,Yes,,None of the above,Not Selected,Not Selected,Not Selected,Not Selected,Not Selected,Not Selected,Not Selected,Not Selected,Not Selected,Not Selected,Not Selected,Not Selected,Not Selected,Not Selected,Yes,,Personal financial management,,,Investment,,,,,,Men Cave/Women Forum,,,,Money matters/Financial coaching and literacy sessions,"Building healthy relationships at work (colleagues, team leaders, managers)",,,Important,Important,Not Important.,Important,,No,Yes,Yes,GOOD,NO
118939145265,Kapenguria Branch,Lead Generator (LG),Yes,Female,25-34,Yes,No,new,,Not Selected,Not Selected,Work-life imbalance,Not Selected,Not Selected,Not Selected,Not Selected,Not Selected,Not Selected,Not Selected,Not Selected,Not Selected,Not Selected,Not Selected,No,new,,,Retirement planning,Investment,,,,Health and well-being including lifestyle diseases,,,,Parenting and childcare,,Money matters/Financial coaching and literacy sessions,"Building healthy relationships at work (colleagues, team leaders, managers)",,,Urgent,Urgent,Not Important.,Important,,Yes,Yes,No,,
118939150927,Nakuru East Branch,Lead Generator (LG),Yes,Female,25-34,Yes,No,Was held up at work,,Not Selected,Work- and work-related stressors,Not Selected,Not Selected,Not Selected,Not Selected,Not Selected,Not Selected,Not Selected,Not Selected,Not Selected,Not Selected,Not Selected,Not Selected,No,Was able to manage stressors,Personal financial management,Debt management,,,,,,,,,Building healthy relationships/marriages,,,Money matters/Financial coaching and literacy sessions,"Building healthy relationships at work (colleagues, team leaders, managers)",,,Important,Urgent,Urgent,Urgent,,Yes,Yes,Yes,Able to be notified early on programs available,More forums physically
118939152163,Bungoma Branch,Lead Generator (LG),Yes,Female,35-44,No,No,not aware,,"Personal challenges (career growth, education)",Work- and work-related stressors,Not Selected,Not Selected,Marital issues,Financial challenges,Not Selected,Not Selected,Not Selected,Not Selected,Not Selected,Not Selected,Not Selected,Not Selected,No,not aware,Personal financial management,,,Investment,Financial planning,,,Health and well-being including lifestyle diseases,,,,,,Money matters/Financial coaching and literacy sessions,,,,Important,Important,Important,Urgent,,Yes,Yes,Yes,financial planning trainings have been beneficial,retirement planning 
118939199619,Queensway House,Lead Generator (LG),Yes,Female,25-34,Yes,No,,,Not Selected,Not Selected,Work-life imbalance,Not Selected,Marital issues,Financial challenges,Not Selected,Parenting challenges,Anxiety and depression,Not Selected,Loss and Grief,Not Selected,Not Selected,Not Selected,No,,,,,Investment,,,Anxiety/depression,Health and well-being including lifestyle diseases,Dealing with addiction and related stigma,Men Cave/Women Forum,Building healthy relationships/marriages,Parenting and childcare,Increased awareness sessions on mental health issues,Money matters/Financial coaching and literacy sessions,"Building healthy relationships at work (colleagues, team leaders, managers)",,,Important,Urgent,Not Important.,Urgent,,Yes,Yes,No,,None at the moment
118939231219,Nkrumah Road Branch,Lead Generator (LG),Yes,Male,25-34,Yes,No,new,,Not Selected,Work- and work-related stressors,Not Selected,Not Selected,Not Selected,Financial challenges,Not Selected,Not Selected,Not Selected,Not Selected,Not Selected,Not Selected,Not Selected,Not Selected,No,,,,,Investment,Financial planning,,Anxiety/depression,,,,,Parenting and childcare,,,,,,Urgent,Urgent,Not Important.,Urgent,,No,No,No,,none for now
118939793900,Kakamega Branch,Bancassurance,Yes,Male,45-54,Yes,No,I WAS AWAY FROM THE OFFICE,,"Personal challenges (career growth, education)",Work- and work-related stressors,Not Selected,Not Selected,Not Selected,Not Selected,Not Selected,Not Selected,Not Selected,Not Selected,Not Selected,Not Selected,Not Selected,Not Selected,No,MANANGING WELL,,,,Investment,,,,,,,,,,,,,NONE,Important,Important,Urgent,Important,,No,No,No,NONE,ENQUIRE ON HEALTH CONDITIONS
118939796865,Bishops Gate,Markets,Yes,Male,35-44,Yes,Yes,,None of the above,Not Selected,Not Selected,Not Selected,Not Selected,Not Selected,Not Selected,Not Selected,Not Selected,Not Selected,Not Selected,Not Selected,Not Selected,Not Selected,Not Selected,No,MANAGING WELL,,,,,,NONE,,,,,,,,,,,NONE,Important,Important,Important,Important,,No,No,Yes,NONE,NONE
118939799208,Bunyala Road Branch,Marketing & Communication,Yes,Male,25-34,Yes,No,BUSY SCHEDULE ,,Not Selected,Work- and work-related stressors,Not Selected,Not Selected,Not Selected,Not Selected,Not Selected,Not Selected,Not Selected,Not Selected,Not Selected,Not Selected,Not Selected,Not Selected,No,MANAGING WELL,Personal financial management,,,,,,,,,,,,,,,,BURNOUT,Important,Important,Important,Important,,Yes,No,Yes,NONE,NONE
118939802934,Meru Branch,Sales,Yes,Male,35-44,Yes,No,DIDNT HAVE THE DETAILS,None of the above,Not Selected,Not Selected,Not Selected,Not Selected,Not Selected,Not Selected,Not Selected,Not Selected,Not Selected,Not Selected,Not Selected,Not Selected,Not Selected,Not Selected,Yes,,,,,Investment,,,,,,,,,Increased awareness sessions on mental health issues,,,,,Important,Urgent,Important,Important,,Yes,Yes,Yes,NONE,NONE
118939809588,Bishops Gate,DLS,Yes,Female,25-34,Yes,No,I WAS NOT INVITED,None of the above,Not Selected,Not Selected,Not Selected,Not Selected,Not Selected,Not Selected,Not Selected,Not Selected,Not Selected,Not Selected,Not Selected,Not Selected,Not Selected,Not Selected,Yes,,Personal financial management,Debt management,,,,,,,,,,,Increased awareness sessions on mental health issues,,,,,Important,Important,Not Important.,Not Important.,,Yes,Yes,No,NONE,NONE
118939822526,Cannon Towers 1,Sales,Yes,Female,35-44,Yes,No,,None of the above,Not Selected,Not Selected,Not Selected,Not Selected,Not Selected,Not Selected,Not Selected,Not Selected,Not Selected,Not Selected,Not Selected,Not Selected,Not Selected,Not Selected,Yes,,,,,Investment,,,Anxiety/depression,,,Men Cave/Women Forum,,,,Money matters/Financial coaching and literacy sessions,,,,Not Important.,Not Important.,Not Important.,Not Important.,,No,No,Yes,MENTAL WELLNESS SESSIONS,NONE
118939861940,Imara mall,Lead Generator (LG),Yes,Female,25-34,Yes,Yes,,,Not Selected,Work- and work-related stressors,Not Selected,Not Selected,Not Selected,Not Selected,Not Selected,Not Selected,Not Selected,Traumatic experiences,Not Selected,Not Selected,Not Selected,Not Selected,No,She has no issue that require counselling,,Debt management,,Investment,Financial planning,,Anxiety/depression,Health and well-being including lifestyle diseases,Dealing with addiction and related stigma,Men Cave/Women Forum,Building healthy relationships/marriages,Parenting and childcare,Increased awareness sessions on mental health issues,Money matters/Financial coaching and literacy sessions,"Building healthy relationships at work (colleagues, team leaders, managers)",Develop a Teens program on contemporary topics,,Urgent,Important,Not Important.,Urgent,,Yes,Yes,No,,Add Gender Based Violence as a program
118939878597,Bishops Gate,Sales,Yes,Female,35-44,Yes,Yes,,None of the above,Not Selected,Not Selected,Not Selected,Not Selected,Not Selected,Not Selected,Not Selected,Not Selected,Not Selected,Not Selected,Not Selected,Not Selected,Not Selected,Not Selected,No,MANAGING WELL,,,,,,NONE,,,,,,,Increased awareness sessions on mental health issues,,,,BURNOUT,Important,Important,Urgent,Important,,Yes,No,Yes,NONE,NONE
118939879657,Bishops Gate,Sales,Yes,Female,25-34,Yes,Yes,,None of the above,Not Selected,Not Selected,Not Selected,Not Selected,Not Selected,Not Selected,Not Selected,Not Selected,Not Selected,Not Selected,Not Selected,Not Selected,Not Selected,Not Selected,No,,,,,,Financial planning,,,,,,,,Increased awareness sessions on mental health issues,,,,,Important,Important,Not Important.,Urgent,,No,Yes,Yes,NONE,NONE
118939870043,Eldoret Branch,Lead Generator (LG),Yes,Female,35-44,Yes,Yes,,,Not Selected,Not Selected,Not Selected,Not Selected,Not Selected,Not Selected,Not Selected,Not Selected,Anxiety and depression,Not Selected,Loss and Grief,Not Selected,"Chronic Diseases (nuclear family, parents, other extended family members",Not Selected,No,No reason at all,Personal financial management,Debt management,,Investment,Financial planning,,Anxiety/depression,Health and well-being including lifestyle diseases,,,,Parenting and childcare,,Money matters/Financial coaching and literacy sessions,,,,Urgent,Urgent,Not Important.,Urgent,,Yes,Yes,No,,None at the moment
118939881907,Eldoret Branch,Sales,Yes,Male,35-44,Yes,No,CHARGES,None of the above,Not Selected,Not Selected,Not Selected,Not Selected,Not Selected,Not Selected,Not Selected,Not Selected,Not Selected,Not Selected,Not Selected,Not Selected,Not Selected,Not Selected,No,MANAGING WELL,,,Retirement planning,,,,,,,,,,Increased awareness sessions on mental health issues,,,,,Not Important.,Important,Not Important.,Important,,Yes,Yes,No,NONE,NONE
118939885845,Market Branch,Lead Generator (LG),Yes,Female,25-34,Yes,No,She joined Absa recently,,"Personal challenges (career growth, education)",Not Selected,Not Selected,Not Selected,Not Selected,Not Selected,Not Selected,Parenting challenges,Not Selected,Not Selected,Not Selected,Not Selected,Not Selected,Not Selected,No,,Personal financial management,,,,,,Anxiety/depression,,,Men Cave/Women Forum,,Parenting and childcare,,Money matters/Financial coaching and literacy sessions,,,,Urgent,Urgent,Not Important.,Important,,Yes,Yes,No,,none at the moment
118939898180,Bishops Gate,Sales,Yes,Female,35-44,Yes,No,BUSY SCHEDULE,None of the above,Not Selected,Not Selected,Not Selected,Not Selected,Not Selected,Not Selected,Not Selected,Not Selected,Not Selected,Not Selected,Not Selected,Not Selected,Not Selected,Not Selected,No,I HAVE BEEN OKAY,,,,,,NONE,,,,,,,,,,,WORK LIFE INTEGRATION,Important,Important,Urgent,Important,,Yes,Yes,No,NONE,NONE
118939900563,Thika Road Mall,Bancassurance,Yes,Female,25-34,Yes,Yes,,,Not Selected,Work- and work-related stressors,Not Selected,Not Selected,Not Selected,Not Selected,Not Selected,Not Selected,Not Selected,Not Selected,Not Selected,Not Selected,Not Selected,Not Selected,No,MANAGING WELL,,,,,,NONE,,,,,,,Increased awareness sessions on mental health issues,,,,,Important,Important,Not Important.,Urgent,,No,No,Yes,IMPROVEMENT ON CARE CALLS,NONE
118939909259,Ruaraka Branch,Sales,Yes,Male,35-44,Yes,Yes,,None of the above,Not Selected,Not Selected,Not Selected,Not Selected,Not Selected,Not Selected,Not Selected,Not Selected,Not Selected,Not Selected,Not Selected,Not Selected,Not Selected,Not Selected,No,NOT INNEED,Personal financial management,Debt management,Retirement planning,Investment,Financial planning,,,,,Men Cave/Women Forum,Building healthy relationships/marriages,,,Money matters/Financial coaching and literacy sessions,"Building healthy relationships at work (colleagues, team leaders, managers)",,,Important,Important,Important,Important,,Yes,Yes,Yes,MORE SUPPORT,NO
118939916912,Bunyala Road Branch,Retail,Yes,Male,45-54,Yes,Yes,,,"Personal challenges (career growth, education)",Work- and work-related stressors,Not Selected,Not Selected,Not Selected,Not Selected,Not Selected,Not Selected,Not Selected,Not Selected,Not Selected,Not Selected,Not Selected,Not Selected,No,,,,,Investment,,,,,,,Building healthy relationships/marriages,,Increased awareness sessions on mental health issues,,,,BURNOUT,Important,Important,,Important,,Yes,Yes,Yes,WELLNESS PROGRAM HAVE BEEN HELPFUL,NONE
118939916988,Kericho Branch,Lead Generator (LG),Yes,Female,35-44,Yes,Yes,,None of the above,Not Selected,Not Selected,Not Selected,Not Selected,Not Selected,Not Selected,Not Selected,Not Selected,Not Selected,Not Selected,Not Selected,Not Selected,Not Selected,Not Selected,No,,,,Retirement planning,Investment,,,,,,,,Parenting and childcare,,,,,,,,,Urgent,,Yes,Yes,Yes,No,
118939916205,Digo Road Branch,Customer Service,Yes,Female,25-34,Yes,No,BUSY,None of the above,Not Selected,Not Selected,Not Selected,Not Selected,Not Selected,Not Selected,Not Selected,Not Selected,Not Selected,Not Selected,Not Selected,Not Selected,Not Selected,Not Selected,No,NOT INNEED,,Debt management,,,Financial planning,,,,,,,,Increased awareness sessions on mental health issues,Money matters/Financial coaching and literacy sessions,,,,Important,Important,Important,Important,,Yes,Yes,Yes,CANT REMEMBER,NO
118939914853,Webyuye Branch,Lead Generator (LG),Yes,Female,25-34,Yes,No,new,,Not Selected,Not Selected,Not Selected,Not Selected,Not Selected,Financial challenges,Not Selected,Parenting challenges,Not Selected,Not Selected,Not Selected,Not Selected,Not Selected,Not Selected,No,she has no issue that require counselling,,,Retirement planning,,,,Anxiety/depression,,,Men Cave/Women Forum,Building healthy relationships/marriages,Parenting and childcare,,,"Building healthy relationships at work (colleagues, team leaders, managers)",,,Urgent,Urgent,Important,Urgent,,No,Yes,No,,none at the moment
118939922120,Bungoma Branch,Lead Generator (LG),Yes,Male,25-34,Yes,No,OTHER ENGAGEMENTS,,Not Selected,Work- and work-related stressors,Work-life imbalance,Not Selected,Not Selected,Not Selected,Not Selected,Not Selected,Not Selected,Not Selected,Not Selected,Not Selected,Not Selected,Not Selected,No,NOT INNEED,Personal financial management,,Retirement planning,,,,,,,,,,,Money matters/Financial coaching and literacy sessions,"Building healthy relationships at work (colleagues, team leaders, managers)",,,Important,Not Important.,Not Important.,Urgent,,Yes,Yes,No,NOT ,NO
118939923912,Kitengela Plaza Branch,Sales,Yes,Male,25-34,Yes,Yes,,None of the above,Not Selected,Not Selected,Not Selected,Not Selected,Not Selected,Not Selected,Not Selected,Not Selected,Not Selected,Not Selected,Not Selected,Not Selected,Not Selected,Not Selected,No,Was able to manage stressors,Personal financial management,,Retirement planning,Investment,,,,,,,,,,,,,,Important,Important,Important,Important,,Yes,Yes,No,,
118939925113,Lunga Lunga Square,Lead Generator (LG),Yes,Female,25-34,No,No,new,,Not Selected,Not Selected,Not Selected,Not Selected,Not Selected,Financial challenges,Not Selected,Not Selected,Not Selected,Not Selected,Not Selected,Not Selected,Not Selected,Not Selected,No,,,Debt management,,Investment,Financial planning,,Anxiety/depression,,,Men Cave/Women Forum,,,,Money matters/Financial coaching and literacy sessions,"Building healthy relationships at work (colleagues, team leaders, managers)",,,Important,Urgent,Not Important.,Urgent,,Yes,Yes,No,,
118939929736,Kitale Branch,Lead Generator (LG),Yes,Female,35-44,Yes,No,engaged,None of the above,Not Selected,Not Selected,Not Selected,Not Selected,Not Selected,Not Selected,Not Selected,Not Selected,Not Selected,Not Selected,Not Selected,Not Selected,Not Selected,Not Selected,Yes,na,,,,Investment,,,,Health and well-being including lifestyle diseases,,Men Cave/Women Forum,,,,,,,,Important,Important,Important,Urgent,,Yes,Yes,Yes,not yet,no
118939926465,Yaya Centre Prestige,Sales,Yes,Female,35-44,Yes,No,ON LEAVE,,Not Selected,Not Selected,Not Selected,Not Selected,Not Selected,Financial challenges,Not Selected,Not Selected,Not Selected,Not Selected,Not Selected,Not Selected,Not Selected,Not Selected,No,DIDNT HAVE THE TOLL FREE LINE,,,Retirement planning,,Financial planning,,,,,,,,Increased awareness sessions on mental health issues,,,,,Important,Important,Urgent,Important,,Yes,Yes,No,NONE,NONE
118939933514,Nanyuki Branch,Lead Generator (LG),Yes,Female,25-34,No,No,newly employed,,Not Selected,Not Selected,Not Selected,Not Selected,Not Selected,Financial challenges,Not Selected,Not Selected,Not Selected,Not Selected,Not Selected,Not Selected,Not Selected,Not Selected,No,she has no issue,,,Retirement planning,,,,,,,,,,,Money matters/Financial coaching and literacy sessions,,,,Urgent,Urgent,Important,Urgent,,Yes,Yes,No,,None for now
118939933562,ABC Place Prestige Branch,Bancassurance,Yes,Male,35-44,Yes,No,not aware,,"Personal challenges (career growth, education)",Not Selected,Not Selected,Not Selected,Not Selected,Not Selected,Not Selected,Not Selected,Not Selected,Not Selected,Not Selected,Not Selected,"Chronic Diseases (nuclear family, parents, other extended family members",Not Selected,No,no reason,Personal financial management,,,,Financial planning,,,Health and well-being including lifestyle diseases,,Men Cave/Women Forum,,,,Money matters/Financial coaching and literacy sessions,,Develop a Teens program on contemporary topics,,Important,Important,Important,Important,,Yes,No,No,No,no
118939940976,Limuru Branch,Bancassurance,Yes,Female,35-44,Yes,Yes,,,Not Selected,Work- and work-related stressors,Not Selected,Not Selected,Not Selected,Not Selected,Not Selected,Not Selected,Not Selected,Not Selected,Not Selected,Not Selected,Not Selected,Not Selected,Yes,NO reason,,,Retirement planning,,,,Anxiety/depression,,,,,,,,,,,Important,Important,Important,Important,,No,Yes,No,improvement on how to handle work related stressors ,no
118939941209,Two Rivers Mall Branch,Lead Generator (LG),Yes,Female,25-34,Yes,No,Newly employed in Absa bank,,Not Selected,Work- and work-related stressors,Not Selected,Not Selected,Not Selected,Not Selected,Not Selected,Not Selected,Not Selected,Not Selected,Not Selected,Not Selected,Not Selected,Not Selected,No,No issue at the moment,,Debt management,,,Financial planning,,Anxiety/depression,,,,,,,Money matters/Financial coaching and literacy sessions,,,,Urgent,Urgent,Important,Urgent,,Yes,Yes,No,,No suggestions
118939952063,Eldoret Branch,Lead Generator (LG),Yes,Female,25-34,Yes,No,recently employed ,,Not Selected,Not Selected,Not Selected,Not Selected,Not Selected,Financial challenges,Not Selected,Parenting challenges,Anxiety and depression,Not Selected,Not Selected,Not Selected,Not Selected,Not Selected,No,She is not aware they offer such services,Personal financial management,,,Investment,,,Anxiety/depression,Health and well-being including lifestyle diseases,,,Building healthy relationships/marriages,Parenting and childcare,,Money matters/Financial coaching and literacy sessions,"Building healthy relationships at work (colleagues, team leaders, managers)",,,Urgent,Urgent,Important,Urgent,,Yes,Yes,No,,No suggestions for now
118939963132,Kericho Branch,Lead Generator (LG),Yes,Female,35-44,Yes,No,not around,,"Personal challenges (career growth, education)",Not Selected,Not Selected,Not Selected,Not Selected,Not Selected,Not Selected,Not Selected,Not Selected,Not Selected,Not Selected,Not Selected,Not Selected,Not Selected,No,okay,,,,Investment,Financial planning,,,Health and well-being including lifestyle diseases,,,,,,,"Building healthy relationships at work (colleagues, team leaders, managers)",,,Important,Important,Important,Urgent,,Yes,Yes,Yes,more support,non
118939965305,JKIA Branch,Lead Generator (LG),Yes,Male,25-34,Yes,No,busy with other projects,,Not Selected,Not Selected,Not Selected,Not Selected,Not Selected,Financial challenges,Not Selected,Not Selected,Anxiety and depression,Not Selected,Loss and Grief,Not Selected,Not Selected,Not Selected,No,no issues,Personal financial management,,,Investment,,,Anxiety/depression,,,Men Cave/Women Forum,Building healthy relationships/marriages,,Increased awareness sessions on mental health issues,Money matters/Financial coaching and literacy sessions,,,,Urgent,Urgent,Important,Urgent,,Yes,Yes,No,,have a program on people with disability    
118939974095,Kakamega Branch,Lead Generator (LG),Yes,Male,45-54,Yes,Yes,,,"Personal challenges (career growth, education)",Work- and work-related stressors,Not Selected,Not Selected,Not Selected,Financial challenges,Not Selected,Not Selected,Not Selected,Not Selected,Not Selected,Not Selected,Not Selected,Not Selected,Yes,,Personal financial management,,,Investment,Financial planning,,,,,,,,,Money matters/Financial coaching and literacy sessions,,,,Important,Important,Urgent,Urgent,,Yes,Yes,Yes,"SALARY INCREMENT, GOOD WORKING ENVIRONMENT",NO
118939980831,Changamwe Branch,Sales,Yes,Male,35-44,Yes,No,NOT AWARE,None of the above,Not Selected,Not Selected,Not Selected,Not Selected,Not Selected,Not Selected,Not Selected,Not Selected,Not Selected,Not Selected,Not Selected,Not Selected,Not Selected,Not Selected,No,NOT AWARE,Personal financial management,Debt management,Retirement planning,Investment,Financial planning,,,,,,,,,Money matters/Financial coaching and literacy sessions,,,,Urgent,Urgent,Urgent,Urgent,,Yes,Yes,No,,NO
118939979705,Mbale Branch Kenya,Lead Generator (LG),Yes,Male,25-34,Yes,No,Newly employed,,Not Selected,Not Selected,Not Selected,Not Selected,Not Selected,Financial challenges,Not Selected,Not Selected,Not Selected,Not Selected,Not Selected,Not Selected,Not Selected,Not Selected,No,there are no issues,,,Retirement planning,Investment,,,Anxiety/depression,,,Men Cave/Women Forum,,,Increased awareness sessions on mental health issues,Money matters/Financial coaching and literacy sessions,,,,Urgent,Urgent,Not Important.,Urgent,,Yes,Yes,No,,No suggestions
118939989499,Bishops Gate,Sales,Yes,Male,25-34,Yes,Yes,,,Not Selected,Not Selected,Not Selected,Not Selected,Not Selected,Financial challenges,Not Selected,Not Selected,Not Selected,Not Selected,Not Selected,Not Selected,Not Selected,Not Selected,No,NO REASON,,,,Investment,Financial planning,,,,,Men Cave/Women Forum,,,,Money matters/Financial coaching and literacy sessions,,,,Urgent,Important,Not Important.,Important,,Yes,No,No,,NO
118939993096,Kerugoya Branch,Lead Generator (LG),Yes,Female,Below 25 Years,Yes,No,did not get the oppor,,Not Selected,Work- and work-related stressors,Not Selected,Not Selected,Not Selected,Financial challenges,Not Selected,Not Selected,Anxiety and depression,Not Selected,Not Selected,Not Selected,Not Selected,Not Selected,No,No counselling issues,Personal financial management,,,,,,Anxiety/depression,,,,,,Increased awareness sessions on mental health issues,,,,,Urgent,Important,Not Important.,Urgent,,Yes,Yes,No,,No suggestions for now
118939997803,Thika Road Mall,Lead Generator (LG),Yes,Male,25-34,Yes,Yes,,,"Personal challenges (career growth, education)",Work- and work-related stressors,Not Selected,Not Selected,Not Selected,Financial challenges,Not Selected,Not Selected,Not Selected,Not Selected,Not Selected,Not Selected,Not Selected,Not Selected,No,willing to try,,,,Investment,Financial planning,,,,,,,,,Money matters/Financial coaching and literacy sessions,,,,Urgent,Urgent,Important,Urgent,,Yes,Yes,Yes,positive changes,
118940014523,Kikuyu Branch,Lead Generator (LG),Yes,Male,25-34,Yes,Yes,,,Not Selected,Work- and work-related stressors,Not Selected,Not Selected,Not Selected,Not Selected,Not Selected,Not Selected,Not Selected,Not Selected,Not Selected,Not Selected,Not Selected,Not Selected,Yes,,,,,Investment,,,,,,Men Cave/Women Forum,Building healthy relationships/marriages,,,Money matters/Financial coaching and literacy sessions,,,,Important,Urgent,,,,Yes,Yes,No,,AWARENESS CREATION TWICE IN A YEAR
118940021545,Bishops Gate,Lead Generator (LG),Yes,Female,35-44,Yes,No,BUSY,,"Personal challenges (career growth, education)",Work- and work-related stressors,Not Selected,Not Selected,Not Selected,Not Selected,Relationship difficulties,Not Selected,Not Selected,Not Selected,Not Selected,Not Selected,Not Selected,Not Selected,Yes,,,,,Investment,,,,Health and well-being including lifestyle diseases,,,,,Increased awareness sessions on mental health issues,Money matters/Financial coaching and literacy sessions,"Building healthy relationships at work (colleagues, team leaders, managers)",,,Urgent,Important,Important,Important,,Yes,Yes,No,,NO
118940028742,Migori Branch,Sales,Yes,Female,25-34,Yes,Yes,,None of the above,Not Selected,Not Selected,Not Selected,Not Selected,Not Selected,Not Selected,Not Selected,Not Selected,Not Selected,Not Selected,Not Selected,Not Selected,Not Selected,Not Selected,Yes,,,,,Investment,,,,Health and well-being including lifestyle diseases,,,,,,,,,,,,,,,Yes,Yes,Yes,GOOD,NO
118940037176,Bunyala Road Branch,Sales,Yes,Male,25-34,Yes,No,new employee,,"Personal challenges (career growth, education)",Not Selected,Not Selected,Not Selected,Not Selected,Not Selected,Not Selected,Not Selected,Not Selected,Not Selected,Not Selected,Not Selected,Not Selected,Not Selected,No,not inneed,,,,,Financial planning,,,Health and well-being including lifestyle diseases,,,,,,,"Building healthy relationships at work (colleagues, team leaders, managers)",,,Urgent,Urgent,Important,Urgent,,No,No,Yes,support from employer,okay
118940057107,ABC Place Prestige Branch,Bancassurance,Yes,Male,25-34,Yes,Yes,,,"Personal challenges (career growth, education)",Work- and work-related stressors,Not Selected,Not Selected,Not Selected,Not Selected,Not Selected,Not Selected,Not Selected,Not Selected,Loss and Grief,Not Selected,Not Selected,Not Selected,Yes,,,,,Investment,Financial planning,,,Health and well-being including lifestyle diseases,,,,,Increased awareness sessions on mental health issues,,"Building healthy relationships at work (colleagues, team leaders, managers)",,,Important,Important,Important,Urgent,,Yes,Yes,Yes,SUPPORT,NO
118939905935,Garissa,Sales,Yes,Male,45-54,Yes,Yes,,None of the above,Not Selected,Not Selected,Not Selected,Not Selected,Not Selected,Not Selected,Not Selected,Not Selected,Not Selected,Not Selected,Not Selected,Not Selected,Not Selected,Not Selected,No,MANAGING WELL,,,,,,,,,,,,,,,,,,,,,,,,,,,
118940620909,Nakuru West Branch,Bancassurance,Yes,Female,35-44,Yes,Yes,,,Not Selected,Work- and work-related stressors,Not Selected,Not Selected,Not Selected,Not Selected,Not Selected,Not Selected,Not Selected,Not Selected,Not Selected,Not Selected,Not Selected,Not Selected,No,,,,,,Financial planning,SAVINGS,,,,,,,,,,,BURNOUT,Important,Important,Urgent,Important,,Yes,Yes,Yes,WELLNESS SESSIONS,NONE
118940621739,Eldoret Branch,Sales,Yes,Female,25-34,Yes,Yes,,,Not Selected,Not Selected,Not Selected,Not Selected,Not Selected,Financial challenges,Not Selected,Parenting challenges,Not Selected,Not Selected,Not Selected,Not Selected,Not Selected,Not Selected,No,,Personal financial management,,,,,,,,,,,Parenting and childcare,,,,,,Important,Important,Urgent,Important,,No,No,No,,NONE
118940626164,Bomet Branch,Credit,Yes,Female,25-34,Yes,No,OUT FOR SALES,None of the above,Not Selected,Not Selected,Not Selected,Not Selected,Not Selected,Not Selected,Not Selected,Not Selected,Not Selected,Not Selected,Not Selected,Not Selected,Not Selected,Not Selected,No,MANAGING WELL,,,,,,NONE,,,,,,,,,,,NONE,Important,Urgent,Urgent,Important,,Yes,Yes,No,SO FAR SO GOOD,NONE
118940622829,Busia,ECO SYSTEMS,Yes,Female,35-44,Yes,No,ROLE TRANSITION AFFECTED,,Not Selected,Work- and work-related stressors,Not Selected,Not Selected,Not Selected,Not Selected,Not Selected,Not Selected,Not Selected,Not Selected,Not Selected,Not Selected,Not Selected,Not Selected,No,RECEIVED SUPPORT IN 2024,,,,,Financial planning,,,,,,,,Increased awareness sessions on mental health issues,,,,,Important,Important,Important,Important,,No,No,No,NONE,CAREER GROWTH
118939914282,Busia,Lead Generator (LG),Yes,Female,25-34,Yes,No,Wasn't available for the sessions,None of the above,Not Selected,Not Selected,Not Selected,Not Selected,Not Selected,Not Selected,Not Selected,Not Selected,Not Selected,Not Selected,Not Selected,Not Selected,Not Selected,Not Selected,No,Was able to manage stressors,Personal financial management,Debt management,,,Financial planning,,,,,,,,,,,,,,,,,,Yes,No,Yes,,
118940656951,Embu Branch,Sales,Yes,Female,35-44,Yes,No,AWAY FROM THE OFFICE,,Not Selected,Work- and work-related stressors,Not Selected,Not Selected,Not Selected,Not Selected,Not Selected,Not Selected,Not Selected,Not Selected,Not Selected,Not Selected,Not Selected,Not Selected,No,MANAGING WELL,Personal financial management,,,,,,,,,,,,Increased awareness sessions on mental health issues,,,,BURNOUT,Important,Urgent,Urgent,Important,,Yes,Yes,No,NONE,NONE
118940663864,Kitale Branch,Lead Generator (LG),Yes,Female,25-34,Yes,No,Not around,,"Personal challenges (career growth, education)",Not Selected,Not Selected,Not Selected,Not Selected,Not Selected,Not Selected,Not Selected,Not Selected,Not Selected,Not Selected,Not Selected,Not Selected,Not Selected,Yes,,Personal financial management,,,,,,,Health and well-being including lifestyle diseases,,,,,Increased awareness sessions on mental health issues,Money matters/Financial coaching and literacy sessions,,,,Urgent,Important,Important,Important,,Yes,Yes,Yes,,No
118940663992,Diani Branch,Lead Generator (LG),Yes,Female,25-34,No,No,Recently employed ,,Not Selected,Not Selected,Not Selected,Not Selected,Not Selected,Financial challenges,Not Selected,Not Selected,Not Selected,Not Selected,Not Selected,Not Selected,Not Selected,Not Selected,No,she has no issue,Personal financial management,Debt management,,,,,Anxiety/depression,,,Men Cave/Women Forum,,Parenting and childcare,,Money matters/Financial coaching and literacy sessions,,,,Urgent,Urgent,Important,Important,,No,Yes,,,None at the moment
118940658972,Sarit Centre Prestige,Sales,Yes,Male,25-34,Yes,Yes,,,Not Selected,Work- and work-related stressors,Not Selected,Not Selected,Not Selected,Not Selected,Not Selected,Not Selected,Not Selected,Not Selected,Not Selected,Not Selected,Not Selected,Not Selected,No,SPORTING ACTIVITIES HAVE BEEN HELPFUL,,,,,,NONE,,,,,,,,,,,NONE,Important,Important,Urgent,Important,,Yes,No,No,NONE,NONE
118940682268,Nanyuki Branch,Lead Generator (LG),Yes,Female,25-34,Yes,No,Recently employed    ,,Not Selected,Not Selected,Not Selected,Not Selected,Not Selected,Financial challenges,Not Selected,Not Selected,Not Selected,Not Selected,Not Selected,Not Selected,Not Selected,Not Selected,No,has no issue that require counselling,,,Retirement planning,,,,Anxiety/depression,Health and well-being including lifestyle diseases,,,,,Increased awareness sessions on mental health issues,,,,,Urgent,Urgent,Important,Urgent,,Yes,No,No,,NONE 
118940689638,Nakuru East Branch,Sales,Yes,Female,25-34,No,No,,,Not Selected,Not Selected,Not Selected,Gen-Z protests,Not Selected,Not Selected,Not Selected,Not Selected,Not Selected,Not Selected,Not Selected,Not Selected,Not Selected,Not Selected,No,,,,Retirement planning,Investment,,,,,,,,,,Money matters/Financial coaching and literacy sessions,,,,,,,Urgent,,Yes,Yes,No,,None at the moment
118940700321,Nanyuki Branch,Lead Generator (LG),Yes,Male,25-34,Yes,No,new,None of the above,Not Selected,Not Selected,Not Selected,Not Selected,Not Selected,Not Selected,Not Selected,Not Selected,Not Selected,Not Selected,Not Selected,Not Selected,Not Selected,Not Selected,No,,,,,Investment,Financial planning,,Anxiety/depression,,,Men Cave/Women Forum,,,,Money matters/Financial coaching and literacy sessions,,,,,Urgent,,,,No,Yes,,,NONE AT THE MOMENT
118940698515,Embu Branch,Credit,Yes,Female,25-34,Yes,No,,,"Personal challenges (career growth, education)",Work- and work-related stressors,Not Selected,Not Selected,Not Selected,Not Selected,Relationship difficulties,Not Selected,Not Selected,Not Selected,Not Selected,Not Selected,"Chronic Diseases (nuclear family, parents, other extended family members",Not Selected,No,Was managing stressors and challenges after contacting and going through counselling sessions in 2024,Personal financial management,,Retirement planning,,,,,Health and well-being including lifestyle diseases,,,Building healthy relationships/marriages,,Increased awareness sessions on mental health issues,,"Building healthy relationships at work (colleagues, team leaders, managers)",,,Important,Important,,Urgent,,Yes,Yes,Yes,,
118940708721,Nanyuki Branch,Lead Generator (LG),Yes,Female,25-34,Yes,No,NEWLY EMPLOYED,,"Personal challenges (career growth, education)",Not Selected,Not Selected,Not Selected,Not Selected,Financial challenges,Not Selected,Not Selected,Not Selected,Not Selected,Not Selected,Not Selected,Not Selected,Not Selected,No,There is no issue,Personal financial management,Debt management,Retirement planning,Investment,Financial planning,,,,,Men Cave/Women Forum,,Parenting and childcare,,Money matters/Financial coaching and literacy sessions,"Building healthy relationships at work (colleagues, team leaders, managers)",,,Urgent,Urgent,Important,Urgent,,No,Yes,No,,Details on retirement benefits  
118940722286,Kitengela Plaza Branch,Lead Generator (LG),Yes,Male,35-44,Yes,No,Wasn't aware of the programme,,"Personal challenges (career growth, education)",Not Selected,Not Selected,Not Selected,Not Selected,Financial challenges,Not Selected,Not Selected,Not Selected,Not Selected,Not Selected,Not Selected,Not Selected,Not Selected,No,Was able to manage challenges,Personal financial management,,,,Financial planning,,,Health and well-being including lifestyle diseases,,,,,Increased awareness sessions on mental health issues,Money matters/Financial coaching and literacy sessions,"Building healthy relationships at work (colleagues, team leaders, managers)",,,Urgent,Urgent,Important,Urgent,,Yes,Yes,No,Wasn't contacted,
118940724498,Garissa,Lead Generator (LG),Yes,Male,35-44,Yes,No,Was not aware of the programme,,"Personal challenges (career growth, education)",Work- and work-related stressors,Not Selected,Not Selected,Not Selected,Financial challenges,Not Selected,Not Selected,Not Selected,Not Selected,Not Selected,Not Selected,Not Selected,Not Selected,No,Was able to manage challenges,Personal financial management,,,,Financial planning,,,Health and well-being including lifestyle diseases,,,,,Increased awareness sessions on mental health issues,Money matters/Financial coaching and literacy sessions,"Building healthy relationships at work (colleagues, team leaders, managers)",,,Urgent,Urgent,Important,Urgent,,Yes,Yes,No,,
118940748010,Sarit Centre Prestige,Lead Generator (LG),Yes,Female,25-34,Yes,No,recently employed,,Not Selected,Work- and work-related stressors,Not Selected,Not Selected,Not Selected,Not Selected,Not Selected,Not Selected,Not Selected,Not Selected,Not Selected,Not Selected,Not Selected,Not Selected,No,no issue,Personal financial management,,,Investment,Financial planning,,,,,Men Cave/Women Forum,Building healthy relationships/marriages,,Increased awareness sessions on mental health issues,,"Building healthy relationships at work (colleagues, team leaders, managers)",,,Urgent,Urgent,Not Important.,Urgent,,Yes,Yes,No,,NONE AT THE MOMENT
118940753975,Thika Branch,Sales,Yes,Female,25-34,Yes,Yes,,,Not Selected,Work- and work-related stressors,Not Selected,Not Selected,Not Selected,Not Selected,Not Selected,Not Selected,Not Selected,Not Selected,Not Selected,Not Selected,Not Selected,Not Selected,No,managing well,,,,,,NONE,,,,,,,,,,,BURNOUT,Important,Important,Important,Important,,Yes,Yes,Yes,none,none
118940751541,Machakos Branch,Ecosystem officer,Yes,Male,25-34,Yes,Yes,,,Not Selected,Not Selected,Not Selected,Gen-Z protests,Not Selected,Financial challenges,Not Selected,Not Selected,Not Selected,Not Selected,Not Selected,Not Selected,"Chronic Diseases (nuclear family, parents, other extended family members",Not Selected,No,Was able to manage issues,Personal financial management,,Retirement planning,,Financial planning,,,,,Men Cave/Women Forum,,,Increased awareness sessions on mental health issues,Money matters/Financial coaching and literacy sessions,,,,Urgent,Important,Urgent,Urgent,,Yes,Yes,Yes,Collegues being more open as well as better team work,Share the mobile numbers of EAP counselling 
118940757254,Githunguri Branch,Sales,Yes,Female,25-34,Yes,Yes,,,Not Selected,Work- and work-related stressors,Not Selected,Not Selected,Not Selected,Financial challenges,Not Selected,Not Selected,Not Selected,Not Selected,Not Selected,Not Selected,Not Selected,Not Selected,No,MANAGING WELL,Personal financial management,,,,,,,,,,,,Increased awareness sessions on mental health issues,,,,,Important,Important,Urgent,Important,,No,No,No,NONE,NONE
118940763054,JKIA Branch,Lead Generator (LG),Yes,Male,25-34,No,No,Recently employed,,Not Selected,Not Selected,Not Selected,Not Selected,Not Selected,Financial challenges,Not Selected,Not Selected,Not Selected,Not Selected,Not Selected,Not Selected,Not Selected,Not Selected,No,No issue that require counselling,,,Retirement planning,Investment,,,,Health and well-being including lifestyle diseases,,,,,,Money matters/Financial coaching and literacy sessions,,,,Important,Urgent,Important,Urgent,,Yes,Yes,No,,None at the moment
118940771051,Lunga Lunga Square,Bank assurance,Yes,Male,25-34,Yes,No,,None of the above,Not Selected,Not Selected,Not Selected,Not Selected,Not Selected,Not Selected,Not Selected,Not Selected,Not Selected,Not Selected,Not Selected,Not Selected,Not Selected,Not Selected,No,,,,,,,none,,,,,,,,,,,none,Not Important.,Not Important.,Not Important.,Not Important.,,No,No,Yes,More support from the leaders,
118940771049,Market Branch,Sales,Yes,Female,35-44,Yes,Yes,,,Not Selected,Work- and work-related stressors,Not Selected,Not Selected,Not Selected,Financial challenges,Relationship difficulties,Not Selected,Not Selected,Not Selected,Not Selected,Not Selected,Not Selected,Not Selected,No,FEAR OF CONFIDENTIALITY,,,,Investment,Financial planning,,,Health and well-being including lifestyle diseases,,,,,,,,,,Important,Important,Urgent,Important,,Yes,Yes,Yes,NONE,CARE CALL HAVE REALLY IMPROVED
118940778886,Bishops Gate,Lead Generator (LG),Yes,Female,25-34,Yes,No,Recently employed,,Not Selected,Not Selected,Not Selected,Not Selected,Not Selected,Not Selected,Not Selected,Not Selected,Anxiety and depression,Not Selected,Not Selected,Not Selected,Not Selected,Not Selected,No,,Personal financial management,,Retirement planning,Investment,,,Anxiety/depression,Health and well-being including lifestyle diseases,,,,,,,,,,Important,Important,Urgent,Not Important.,,Yes,Yes,No,,None at the moment
118940792224,"Parkside Tower ""A"" Branch",Sales,Yes,Male,25-34,Yes,No,,None of the above,Not Selected,Not Selected,Not Selected,Not Selected,Not Selected,Not Selected,Not Selected,Not Selected,Not Selected,Not Selected,Not Selected,Not Selected,Not Selected,Not Selected,No,,Personal financial management,,,,,,,,,,,,,,"Building healthy relationships at work (colleagues, team leaders, managers)",,,Urgent,Important,Not Important.,Important,,Yes,Yes,Yes,Better communication with management,
118940811617,Bishops Gate,Lead Generator (LG),Yes,Female,25-34,Yes,No,Recently employed,,Not Selected,Not Selected,Not Selected,Not Selected,Not Selected,Not Selected,Not Selected,Not Selected,Not Selected,Not Selected,Not Selected,Not Selected,Not Selected,Not Selected,No,can reach out                                                                                                                                                                                                                                                                                                                    ,Personal financial management,,,Investment,,,Anxiety/depression,,,Men Cave/Women Forum,Building healthy relationships/marriages,,,,,,,Urgent,Urgent,Important,Urgent,,Yes,Yes,No,,None at the moment  
118940857282,Kisumu Branch,Sales,Yes,Male,25-34,No,No,NEW TO THE ORGANISATION,None of the above,Not Selected,Not Selected,Not Selected,Not Selected,Not Selected,Not Selected,Not Selected,Not Selected,Not Selected,Not Selected,Not Selected,Not Selected,Not Selected,Not Selected,No,,,,,Investment,,,,,,,,,Increased awareness sessions on mental health issues,,,,,Important,Important,Important,Important,,Yes,Yes,No,NONE,GOOD SO FAR
118940860020,Nakuru West Branch,Sales,Yes,Male,35-44,No,No,NO INFORMATION,None of the above,Not Selected,Not Selected,Not Selected,Not Selected,Not Selected,Not Selected,Not Selected,Not Selected,Not Selected,Not Selected,Not Selected,Not Selected,Not Selected,Not Selected,No,MANAGING WELL,,,,Investment,,,,,,,,,Increased awareness sessions on mental health issues,,,,,Important,Important,Not Important.,Important,,Yes,Yes,No,NONE,SO FAR SO GOOD
118940862649,Village Market Branch,Sales,Yes,Female,35-44,Yes,Yes,,,Not Selected,Not Selected,Not Selected,Not Selected,Not Selected,Financial challenges,Not Selected,Not Selected,Not Selected,Not Selected,Not Selected,Not Selected,Not Selected,Not Selected,No,MANAGING WELL,,,,,,NONE,,,,,,,Increased awareness sessions on mental health issues,,,,,Important,Important,Important,Important,,Yes,No,Yes,NONE,NONE
118940865030,Market Branch,Sales,Yes,Male,25-34,Yes,No,NO INFORMATION,,"Personal challenges (career growth, education)",Not Selected,Not Selected,Not Selected,Not Selected,Not Selected,Not Selected,Not Selected,Not Selected,Not Selected,Not Selected,Not Selected,Not Selected,Not Selected,No,I HAVE MADE A BOOKING THROUGH CARE CALL,,,Retirement planning,,,,,,,,,,Increased awareness sessions on mental health issues,,,,,Important,Important,Important,Important,,Yes,,Yes,NONE,NONE
118940860362,Kikuyu Branch,Lead Generator (LG),Yes,Male,25-34,Yes,No,Recently employed,,Not Selected,Work- and work-related stressors,Not Selected,Gen-Z protests,Not Selected,Financial challenges,Not Selected,Not Selected,Not Selected,Not Selected,Not Selected,Not Selected,Not Selected,Not Selected,No,,,,,Investment,Financial planning,,,,,Men Cave/Women Forum,,,,,,,,Urgent,Important,Not Important.,Urgent,,Yes,Yes,No,,
118940867269,Kisumu Branch,Sales,Yes,Male,25-34,Yes,Yes,,None of the above,Not Selected,Not Selected,Not Selected,Not Selected,Not Selected,Not Selected,Not Selected,Not Selected,Not Selected,Not Selected,Not Selected,Not Selected,Not Selected,Not Selected,No,IVE BEEN GOOD,,Debt management,,,,,,,,,,,Increased awareness sessions on mental health issues,,,,,Important,Important,Urgent,Important,,Yes,Yes,Yes,CONSISTENT WELLNESS CHECKUP,NONE
118940871883,KAMAKIS,Sales,Yes,Female,35-44,Yes,Yes,,None of the above,Not Selected,Not Selected,Not Selected,Not Selected,Not Selected,Not Selected,Not Selected,Not Selected,Not Selected,Not Selected,Not Selected,Not Selected,Not Selected,Not Selected,No,,,,,Investment,,,,,,,,,Increased awareness sessions on mental health issues,,,,,Important,Important,Important,Important,,Yes,Yes,Yes,NONE,NONE
118940875101,Gilgil Express Branch,Sales,Yes,Female,35-44,Yes,Yes,,None of the above,Not Selected,Not Selected,Not Selected,Not Selected,Not Selected,Not Selected,Not Selected,Not Selected,Not Selected,Not Selected,Not Selected,Not Selected,Not Selected,Not Selected,No,MANAGING WELL,,,,,,NONE,,,,,,,,,,,NONE,Important,Important,Not Important.,Important,,Yes,Yes,,NONE,PHYSICAL HEALTH WELLNESS
118940877893,Harambee,Lead Generator (LG),Yes,Female,25-34,Yes,No,AWAY FROM THE OFFICE,None of the above,Not Selected,Not Selected,Not Selected,Not Selected,Not Selected,Not Selected,Not Selected,Not Selected,Not Selected,Not Selected,Not Selected,Not Selected,Not Selected,Not Selected,No,MANAGING WELL,,,,,Financial planning,,,,,,Building healthy relationships/marriages,,,,,,,Important,Important,Important,Important,,Yes,Yes,Yes,NONE,NONE
118940884142,Kericho Branch,Sales,Yes,Male,25-34,Yes,Yes,,None of the above,Not Selected,Not Selected,Not Selected,Not Selected,Not Selected,Not Selected,Not Selected,Not Selected,Not Selected,Not Selected,Not Selected,Not Selected,Not Selected,Not Selected,No,MANAGING WELL,,,,Investment,,,,,,,,,,Money matters/Financial coaching and literacy sessions,,,,Important,Important,Urgent,Important,,Yes,Yes,Yes,HEALTH WELLNESS,NONE
118940887378,Queensway House,Bancassurance,Yes,Female,25-34,Yes,Yes,,,Not Selected,Work- and work-related stressors,Not Selected,Not Selected,Not Selected,Not Selected,Not Selected,Not Selected,Not Selected,Not Selected,Not Selected,Not Selected,Not Selected,Not Selected,No,BUSY SCHEDULE,,,,,Financial planning,,,,,,,,,,,,BURNOUT,Urgent,Important,Important,Urgent,,Yes,No,No,NONE,NONE
118940890508,Ruaraka Branch,Sales,Yes,Female,25-34,Yes,Yes,,,Not Selected,Work- and work-related stressors,Not Selected,Not Selected,Not Selected,Not Selected,Not Selected,Not Selected,Not Selected,Not Selected,Not Selected,Not Selected,Not Selected,Not Selected,Yes,MISTRUST,,,,Investment,,,,,,,,,,,,,BURNOUT,Important,Important,Important,Important,,No,No,Yes,POSITIVE CHANGE,NONE
118940893487,Nyali Branch,Bancassurance,Yes,Male,25-34,Yes,Yes,,,"Personal challenges (career growth, education)",Not Selected,Not Selected,Not Selected,Not Selected,Not Selected,Not Selected,Not Selected,Not Selected,Not Selected,Not Selected,Not Selected,Not Selected,Not Selected,No,MANAGING WELL,,,Retirement planning,,,,,,,,,,Increased awareness sessions on mental health issues,,,,,Important,Important,Important,Important,,No,Yes,Yes,NONE,NONE
118940895749,Meru Branch,Sales,Yes,Male,25-34,Yes,Yes,,None of the above,Not Selected,Not Selected,Not Selected,Not Selected,Not Selected,Not Selected,Not Selected,Not Selected,Not Selected,Not Selected,Not Selected,Not Selected,Not Selected,Not Selected,No,MANAGING WELL,,,,,,NONE,,,,,,,,,,,NONE,Important,Important,Important,Important,,Yes,Yes,Yes,NONE,NONE
118940914099,Webyuye Branch,Sales,Yes,Male,25-34,Yes,No,ADMITTED TO THE HOSPITAL,,"Personal challenges (career growth, education)",Work- and work-related stressors,Not Selected,Not Selected,Not Selected,Not Selected,Not Selected,Not Selected,Not Selected,Not Selected,Not Selected,Not Selected,Not Selected,Not Selected,Yes,,,,Retirement planning,,,,,,,,,,,,,,WORK STRESS,Important,Important,Urgent,Important,,Yes,Yes,Yes,WELLNESS,NONE
118941342917,Busia,Lead Generator (LG),Yes,Female,25-34,Yes,No,She was away in the field,None of the above,Not Selected,Not Selected,Not Selected,Not Selected,Not Selected,Not Selected,Not Selected,Not Selected,Not Selected,Not Selected,Not Selected,Not Selected,Not Selected,Not Selected,No,She has no issue that require counselling ,,,,Investment,Financial planning,,Anxiety/depression,,Dealing with addiction and related stigma,,,Parenting and childcare,,,,,,Urgent,Urgent,Important,Urgent,,Yes,Yes,No,,None at the moment
118941344310,Kitui Branch,Lead Generator (LG),Yes,Male,25-34,Yes,Yes,,,Not Selected,Work- and work-related stressors,Not Selected,Not Selected,Not Selected,Financial challenges,Relationship difficulties,Parenting challenges,Not Selected,Not Selected,Not Selected,Not Selected,Not Selected,Not Selected,Yes,,Personal financial management,Debt management,,Investment,,,Anxiety/depression,,,Men Cave/Women Forum,Building healthy relationships/marriages,,,,"Building healthy relationships at work (colleagues, team leaders, managers)",,,Important,Urgent,Not Important.,Urgent,,No,No,No,,NO Suggestions
118941352382,Moi Avenue -  Mombasa,Bancassurance,Yes,Male,25-34,Yes,Yes,,,Not Selected,Not Selected,Not Selected,Not Selected,Not Selected,Financial challenges,Not Selected,Not Selected,Not Selected,Not Selected,Not Selected,Not Selected,Not Selected,Not Selected,Yes,,,,,Investment,,,,,,,,,,Money matters/Financial coaching and literacy sessions,,,,Important,Urgent,Not Important.,Urgent,,No,No,No,,No suggestions
118941419366,Thika Branch,Sales,Yes,Male,45-54,Yes,Yes,,,Not Selected,Not Selected,Not Selected,Not Selected,Not Selected,Financial challenges,Not Selected,Not Selected,Not Selected,Not Selected,Not Selected,Not Selected,"Chronic Diseases (nuclear family, parents, other extended family members",Not Selected,No,WELLNESS SESSION HAVE BEEN HELPFUL,,,Retirement planning,,,,,Health and well-being including lifestyle diseases,,,,,,,,,,Important,Important,Important,Urgent,,Yes,No,No,NONE,NONE
118941421833,Queensway House,Lead Generator (LG),Yes,Female,35-44,Yes,No,I WAS ON LEAVE,,Not Selected,Not Selected,Not Selected,Not Selected,Not Selected,Not Selected,Not Selected,Not Selected,Not Selected,Not Selected,Loss and Grief,Not Selected,Not Selected,Not Selected,Yes,,,,,Investment,Financial planning,,,,,,,,Increased awareness sessions on mental health issues,Money matters/Financial coaching and literacy sessions,,,,Important,Important,Urgent,Important,,No,No,No,NONE,NONE
118941422928,Bishops Gate,Card Operations,Yes,Female,45-54,Yes,No,CARD INSURANCE LIMIT,,Not Selected,Not Selected,Not Selected,Not Selected,Not Selected,Not Selected,Not Selected,Not Selected,Not Selected,Not Selected,Not Selected,Not Selected,"Chronic Diseases (nuclear family, parents, other extended family members",Not Selected,No,MANAGING WELL,,,Retirement planning,,,,,,,,,,,,,,NONE,Important,Important,Not Important.,Important,,Yes,Yes,No,NONE,NONE
118941424261,Bishops Gate,Marketing & Communication,Yes,Female,35-44,Yes,Yes,,None of the above,Not Selected,Not Selected,Not Selected,Not Selected,Not Selected,Not Selected,Not Selected,Not Selected,Not Selected,Not Selected,Not Selected,Not Selected,Not Selected,Not Selected,Yes,,,,,,,NONE,,,,,,,,,,,NONE,Important,Important,Not Important.,Important,,Yes,Yes,Yes,NONE,NOE
118941424157,Premier Flagship,Sales,Yes,Female,25-34,Yes,Yes,,,"Personal challenges (career growth, education)",Work- and work-related stressors,Not Selected,Not Selected,Not Selected,Not Selected,Not Selected,Not Selected,Not Selected,Not Selected,Not Selected,Not Selected,Not Selected,Not Selected,No,NOT INNEED,,,,Investment,,,,,,,,,,Money matters/Financial coaching and literacy sessions,,,,Important,Important,Important,Important,,No,No,Yes,NONE,NO
118941426309,Muthaiga Branch,PRESTIGE,Yes,Female,35-44,Yes,Yes,,,Not Selected,Work- and work-related stressors,Not Selected,Not Selected,Not Selected,Not Selected,Relationship difficulties,Not Selected,Not Selected,Not Selected,Not Selected,Not Selected,Not Selected,Not Selected,Yes,,,,,,,,,,,,,,,,,,NONE,Urgent,Urgent,Not Important.,Urgent,,No,No,Yes,NONE,NONE
118941427907,Kapsabet Branch,Lead Generator (LG),Yes,Female,45-54,Yes,No,ON LEAVE,,Not Selected,Not Selected,Not Selected,Not Selected,Not Selected,Financial challenges,Not Selected,Not Selected,Not Selected,Not Selected,Not Selected,Not Selected,Not Selected,Not Selected,No,MANAGING WELL,,,Retirement planning,,,,,,,,,,,,,,WORK LIFE INTEGRATION,Important,Important,Urgent,Important,,No,No,Yes,NONE,NONE
118941429223,Kitale Branch,Card Operations,Yes,Male,35-44,Yes,Yes,,None of the above,Not Selected,Not Selected,Not Selected,Not Selected,Not Selected,Not Selected,Not Selected,Not Selected,Not Selected,Not Selected,Not Selected,Not Selected,Not Selected,Not Selected,No,MANAGING WELL,,,,,,NONE,,,,,,,,,,,NONE,Important,Important,Important,Important,,Yes,Yes,Yes,NONE,NONE
118941428810,Westgate,Lead Generator (LG),Yes,Male,25-34,Yes,No,not around,,Not Selected,Not Selected,Not Selected,Not Selected,Not Selected,Not Selected,Not Selected,Not Selected,Not Selected,Not Selected,Loss and Grief,Not Selected,Not Selected,Not Selected,No,NEW,Personal financial management,,,Investment,,,,,,,,,Increased awareness sessions on mental health issues,,"Building healthy relationships at work (colleagues, team leaders, managers)",,,Urgent,Urgent,Important,Important,,No,No,No,,NONE
118941432750,Kisii Branch,Sales,Yes,Female,35-44,Yes,No,I WAS AWAY ,None of the above,Not Selected,Not Selected,Not Selected,Not Selected,Not Selected,Not Selected,Not Selected,Not Selected,Not Selected,Not Selected,Not Selected,Not Selected,Not Selected,Not Selected,Yes,,,,Retirement planning,,,,,,,,,,Increased awareness sessions on mental health issues,,,,,Important,Important,Not Important.,Important,,Yes,No,No,NONE,NONE
118941433599,Harambee,Sales,Yes,Male,35-44,Yes,Yes,,None of the above,Not Selected,Not Selected,Not Selected,Not Selected,Not Selected,Not Selected,Not Selected,Not Selected,Not Selected,Not Selected,Not Selected,Not Selected,Not Selected,Not Selected,No,MANAGING WELL,,,,,Financial planning,,,,,,,,Increased awareness sessions on mental health issues,,,,,Important,Important,Important,Important,,Yes,Yes,Yes,WELLNESS SESSIONS HAVE BEEN HELPFUL,SATISFIED
118941432515,Bishops Gate,Business Banking,Yes,Female,35-44,Yes,No,,,Not Selected,Not Selected,Not Selected,Not Selected,Not Selected,Financial challenges,Not Selected,Not Selected,Not Selected,Not Selected,Not Selected,Not Selected,Not Selected,Not Selected,No,ABLE TO MANAGE ,Personal financial management,,,,Financial planning,,,,,,,,,,,,,,,,,,Yes,Yes,Yes,MORE WORK,NO
118941434512,Bishops Gate,Marketing & Communication,Yes,Female,25-34,Yes,No,,None of the above,Not Selected,Not Selected,Not Selected,Not Selected,Not Selected,Not Selected,Not Selected,Not Selected,Not Selected,Not Selected,Not Selected,Not Selected,Not Selected,Not Selected,No,,,,,,,NONE,,,,,,,,,,,NONE,Important,Important,Not Important.,Important,,No,No,No,NONE,NONE
118941436829,Bishops Gate,Business Banking,Yes,Female,35-44,Yes,No,,,Not Selected,Not Selected,Not Selected,Not Selected,Not Selected,Financial challenges,Not Selected,Parenting challenges,Anxiety and depression,Not Selected,Loss and Grief,Not Selected,"Chronic Diseases (nuclear family, parents, other extended family members",Not Selected,,,Personal financial management,Debt management,,Investment,Financial planning,,,,,,,,Increased awareness sessions on mental health issues,Money matters/Financial coaching and literacy sessions,"Building healthy relationships at work (colleagues, team leaders, managers)",,,Important,Urgent,Important,Important,,Yes,Yes,Yes,"MORE MENTAL HEALTH TALKS,  MORE SUPPORT FROM EMPLOYER  ",MORE TALKS ON RELATIONSHIP ISSUES
118941468805,Westgate,Lead Generator (LG),Yes,Male,25-34,Yes,Yes,,,Not Selected,Work- and work-related stressors,Not Selected,Not Selected,Not Selected,Not Selected,Not Selected,Not Selected,Anxiety and depression,Not Selected,Not Selected,Not Selected,Not Selected,Not Selected,No,ACCESSED LAST YEAR,Personal financial management,,,Investment,Financial planning,,Anxiety/depression,,,,,,,Money matters/Financial coaching and literacy sessions,,,,Urgent,Important,Important,Important,,Yes,Yes,Yes,WORKING PROGRESS,NONE
118941482222,Karen Branch Prestige,Lead Generator (LG),Yes,Female,25-34,Yes,Yes,,,Not Selected,Work- and work-related stressors,Not Selected,Not Selected,Not Selected,Not Selected,Not Selected,Not Selected,Not Selected,Not Selected,Not Selected,Not Selected,"Chronic Diseases (nuclear family, parents, other extended family members",Not Selected,No,has been sick,,,,,Financial planning,,,Health and well-being including lifestyle diseases,,,,,Increased awareness sessions on mental health issues,,,,,Urgent,Important,Urgent,Important,,No,No,Yes,has not been around,no
118941488541,Eldoret Branch,Lead Generator (LG),Yes,Male,25-34,Yes,Yes,,,Not Selected,Not Selected,Not Selected,Not Selected,Not Selected,Not Selected,Not Selected,Not Selected,Anxiety and depression,Not Selected,Not Selected,Not Selected,Not Selected,Not Selected,Yes,,,,,,Financial planning,,Anxiety/depression,,,,,,,,,,,Important,Urgent,Urgent,Urgent,,Yes,Yes,Yes,GOOD WORKING ENVIRONMENT,NO
118941512460,Nakuru West Branch,Card Operations,Yes,Female,25-34,Yes,No,just joined,,"Personal challenges (career growth, education)",Work- and work-related stressors,Not Selected,Not Selected,Not Selected,Not Selected,Not Selected,Not Selected,Not Selected,Not Selected,Not Selected,Not Selected,Not Selected,Not Selected,No,NO,Personal financial management,,,,Financial planning,,,,,,,,,Money matters/Financial coaching and literacy sessions,"Building healthy relationships at work (colleagues, team leaders, managers)",,,Urgent,Urgent,Urgent,Urgent,,Yes,Yes,Yes,NO,no
118941522122,Nyeri Branch,Card Operations,Yes,Male,25-34,Yes,No,not sure,,Not Selected,Not Selected,Not Selected,Not Selected,Not Selected,Financial challenges,Not Selected,Not Selected,Not Selected,Not Selected,Not Selected,Not Selected,Not Selected,Not Selected,No,not aware,,,,,Financial planning,,,,,,,,,Money matters/Financial coaching and literacy sessions,,,,Not Important.,Not Important.,Not Important.,Not Important.,,No,No,No,none,no
118941560521,River Road Branch Kianjoya Bulding,Lead Generator (LG),Yes,Female,25-34,Yes,Yes,,,"Personal challenges (career growth, education)",Work- and work-related stressors,Not Selected,Not Selected,Not Selected,Financial challenges,Not Selected,Not Selected,Not Selected,Not Selected,Not Selected,Not Selected,Not Selected,Not Selected,No,NOT INNEED,Personal financial management,Debt management,,,,,,,,,,,,Money matters/Financial coaching and literacy sessions,,,,Urgent,Urgent,Important,Important,,No,No,Yes,FINANCIAL PLANNING,NO
118941571804,Karen Branch Prestige,Lead Generator (LG),Yes,Female,25-34,Yes,No,not around ,,"Personal challenges (career growth, education)",Not Selected,Work-life imbalance,Not Selected,Not Selected,Not Selected,Not Selected,Not Selected,Not Selected,Not Selected,Not Selected,Not Selected,Not Selected,Not Selected,Yes,will try,,,,Investment,,,,,,,,,Increased awareness sessions on mental health issues,,"Building healthy relationships at work (colleagues, team leaders, managers)",,,Urgent,Urgent,Not Important.,Important,,Yes,Yes,No,Not around,no
118941598287,Kisumu Branch,Lead Generator (LG),Yes,Female,25-34,Yes,No,just joined,,Not Selected,Work- and work-related stressors,Work-life imbalance,Not Selected,Not Selected,Not Selected,Not Selected,Not Selected,Not Selected,Not Selected,Not Selected,Not Selected,Not Selected,Not Selected,No,not ready,Personal financial management,,,,,,,,Dealing with addiction and related stigma,,,,,Money matters/Financial coaching and literacy sessions,,,,Important,Urgent,Important,Urgent,,Yes,Yes,Yes,support,okay
118941611393,Kabarnet Branch,Sales,Yes,Female,35-44,No,Yes,,None of the above,Not Selected,Not Selected,Not Selected,Not Selected,Not Selected,Not Selected,Not Selected,Not Selected,Not Selected,Not Selected,Not Selected,Not Selected,Not Selected,Not Selected,No,NOT AWARE,,,,,Financial planning,,,,,,,,,Money matters/Financial coaching and literacy sessions,,,,,,,,,No,No,No,,NONE AT THE MOMENT
118941619890,Bishops Gate,Sales,Yes,Male,25-34,Yes,No,new employee,,Not Selected,Not Selected,Not Selected,Gen-Z protests,Not Selected,Not Selected,Not Selected,Not Selected,Not Selected,Not Selected,Not Selected,Not Selected,Not Selected,Not Selected,No,not much information on it ,,,,Investment,,,,,,Men Cave/Women Forum,,,Increased awareness sessions on mental health issues,,,,,Important,Important,Important,Important,,Yes,No,No,joined early in the year,no
118941633611,Nakuru East Branch,Lead Generator (LG),Yes,Male,25-34,Yes,Yes,,None of the above,Not Selected,Not Selected,Not Selected,Not Selected,Not Selected,Not Selected,Not Selected,Not Selected,Not Selected,Not Selected,Not Selected,Not Selected,Not Selected,Not Selected,Yes,,,,,Investment,,,,,,,,,,Money matters/Financial coaching and literacy sessions,,,,,,,,,No,Yes,No,,NO
118941648022,Limuru Branch,Sales,Yes,Female,25-34,Yes,No,JOINED IN NOVEMBER,,"Personal challenges (career growth, education)",Not Selected,Not Selected,Not Selected,Not Selected,Not Selected,Not Selected,Not Selected,Not Selected,Not Selected,Not Selected,Not Selected,Not Selected,Not Selected,Yes,,Personal financial management,,,,Financial planning,,,,,,,,Increased awareness sessions on mental health issues,,,,,Important,Important,Important,Urgent,,Yes,Yes,No,,NO
118941657513,Kisumu Branch,Sales,Yes,Female,35-44,Yes,Yes,,,Not Selected,Work- and work-related stressors,Not Selected,Not Selected,Not Selected,Not Selected,Not Selected,Not Selected,Not Selected,Not Selected,Not Selected,Not Selected,Not Selected,Not Selected,Yes,,,,,,Financial planning,,,,,,,,,,,,NONE,Important,Important,Important,Important,,Yes,Yes,Yes,MORE LISTENING,NONE
118941661477,KAMAKIS,Sales,Yes,Male,35-44,Yes,No,INSURANCE CARD LIMIT,,Not Selected,Work- and work-related stressors,Not Selected,Not Selected,Not Selected,Not Selected,Not Selected,Not Selected,Not Selected,Not Selected,Not Selected,Not Selected,Not Selected,Not Selected,No,MANAGING WELL,,,,,,NONE,,,,,,,,,,,BURNOUT,Important,Important,Important,Important,,Yes,No,Yes,NONE,SATISFIED
118941665080,Bishops Gate,Relationship Manager,Yes,Male,35-44,Yes,Yes,,,"Personal challenges (career growth, education)",Not Selected,Not Selected,Not Selected,Not Selected,Not Selected,Not Selected,Not Selected,Not Selected,Not Selected,Not Selected,Not Selected,Not Selected,Not Selected,No,MANAGING WELL,,,,,Financial planning,,,,,,,,,,,,BURNOUT,Urgent,Urgent,Important,Urgent,,Yes,Yes,No,NONE,NONE
118941667744,Kericho Branch,Sales,Yes,Male,35-44,Yes,Yes,,None of the above,Not Selected,Not Selected,Not Selected,Not Selected,Not Selected,Not Selected,Not Selected,Not Selected,Not Selected,Not Selected,Not Selected,Not Selected,Not Selected,Not Selected,No,,,,,Investment,,,,,,,,,,,,,BURNOUT,Important,Important,Important,Important,,Yes,Yes,No,NONE,SATISFIED
118941669732,Bishops Gate,Sales,Yes,Male,25-34,Yes,No,FELT OKAY,None of the above,Not Selected,Not Selected,Not Selected,Not Selected,Not Selected,Not Selected,Not Selected,Not Selected,Not Selected,Not Selected,Not Selected,Not Selected,Not Selected,Not Selected,No,MANAGING WELL,,,,,,SAVINGS,,,,,,,,,,,NONE,Important,Important,Important,Important,,Yes,Yes,No,NONE,SATISFIED
118941672147,Thika Branch,Bancassurance,Yes,Male,45-54,Yes,Yes,,None of the above,Not Selected,Not Selected,Not Selected,Not Selected,Not Selected,Not Selected,Not Selected,Not Selected,Not Selected,Not Selected,Not Selected,Not Selected,Not Selected,Not Selected,No,NO DETAILS,,,Retirement planning,,,,,,,,,,,,,,WORK LIFE INTEGRATION,Important,Important,Urgent,Important,,Yes,Yes,No,NONE,SATISFIED
118941673827,Nyali Branch,Sales,Yes,Male,35-44,Yes,No,INSURANCE CARD LIMIT,None of the above,Not Selected,Not Selected,Not Selected,Not Selected,Not Selected,Not Selected,Not Selected,Not Selected,Not Selected,Not Selected,Not Selected,Not Selected,Not Selected,Not Selected,No,MANAGING WELL,,,,Investment,,,,,,,,,,,,,NONE,Important,Important,Important,Important,,No,No,No,NONE,SATISFIED
118941675919,Bishops Gate,Sales,Yes,Female,45-54,Yes,Yes,,,Not Selected,Work- and work-related stressors,Not Selected,Not Selected,Not Selected,Not Selected,Not Selected,Not Selected,Not Selected,Not Selected,Not Selected,Not Selected,Not Selected,Not Selected,No,,,,,,,NONE,,,,,,,,,,,BURNOUT,Important,Urgent,Urgent,Urgent,,Yes,Yes,No,NONE,SATISFIED
118941683675,Sarit Centre Prestige,Lead Generator (LG),Yes,Female,25-34,Yes,No,not around,,"Personal challenges (career growth, education)",Not Selected,Not Selected,Not Selected,Not Selected,Not Selected,Not Selected,Not Selected,Not Selected,Not Selected,Not Selected,Not Selected,Not Selected,Not Selected,No,not willing,,,,Investment,,,,Health and well-being including lifestyle diseases,,,,,,,,,,Important,Important,Important,Important,,No,No,Yes,neutral,no
118941692982,TMU BRANCH,Lead Generator (LG),Yes,Male,35-44,Yes,No,Newly employed,,"Personal challenges (career growth, education)",Not Selected,Not Selected,Not Selected,Not Selected,Not Selected,Not Selected,Not Selected,Not Selected,Not Selected,Not Selected,Not Selected,Not Selected,Not Selected,No,No issue,,,,Investment,,,Anxiety/depression,,,Men Cave/Women Forum,,,,Money matters/Financial coaching and literacy sessions,,,,Important,Urgent,Not Important.,Urgent,,Yes,Yes,No,,No suggestions for now
118941708684,Bishops Gate,Lead Generator (LG),Yes,Female,25-34,Yes,No,recently employed  ,,Not Selected,Not Selected,Not Selected,Not Selected,Not Selected,Financial challenges,Not Selected,Not Selected,Not Selected,Not Selected,Not Selected,Not Selected,Not Selected,Not Selected,No,no issue that require counselling,Personal financial management,,,,,,Anxiety/depression,,,,Building healthy relationships/marriages,,,Money matters/Financial coaching and literacy sessions,"Building healthy relationships at work (colleagues, team leaders, managers)",,,Urgent,Urgent,Not Important.,Urgent,,Yes,Yes,No,,No suggestion
118941733920,kawangware branch,Lead Generator (LG),Yes,Male,Below 25 Years,Yes,No,Recently employed,,Not Selected,Not Selected,Not Selected,Not Selected,Not Selected,Financial challenges,Relationship difficulties,Not Selected,Not Selected,Not Selected,Not Selected,Not Selected,Not Selected,Not Selected,No,there is no issue that require counselling,Personal financial management,,,,Financial planning,,,,,,Building healthy relationships/marriages,,,Money matters/Financial coaching and literacy sessions,"Building healthy relationships at work (colleagues, team leaders, managers)",,,Important,Urgent,Not Important.,Important,,Yes,Yes,No,,
118941738499,Kisii Branch,Lead Generator (LG),Yes,Female,25-34,Yes,No,Recently employed,,Not Selected,Not Selected,Not Selected,Not Selected,Not Selected,Financial challenges,Not Selected,Not Selected,Not Selected,Not Selected,Not Selected,Not Selected,Not Selected,Not Selected,No,No issue,Personal financial management,,Retirement planning,Investment,,,,Health and well-being including lifestyle diseases,,,,,,Money matters/Financial coaching and literacy sessions,,,,Important,Urgent,Not Important.,Important,,Yes,Yes,No,,No suggestion
118941742034,Taveta Branch,Lead Generator (LG),Yes,Female,25-34,Yes,No,Recently employed,,Not Selected,Work- and work-related stressors,Not Selected,Not Selected,Not Selected,Financial challenges,Not Selected,Parenting challenges,Not Selected,Not Selected,Not Selected,Not Selected,Not Selected,Not Selected,No,No issue,Personal financial management,,Retirement planning,Investment,Financial planning,,Anxiety/depression,,,,,Parenting and childcare,Increased awareness sessions on mental health issues,Money matters/Financial coaching and literacy sessions,,,,Urgent,Urgent,Important,Urgent,,Yes,No,No,,No suggestion
118941748931,Malindi Branch,Lead Generator (LG),Yes,Male,25-34,Yes,Yes,,,"Personal challenges (career growth, education)",Work- and work-related stressors,Not Selected,Not Selected,Not Selected,Not Selected,Not Selected,Not Selected,Not Selected,Not Selected,Not Selected,Not Selected,Not Selected,Not Selected,No,No issue,,,Retirement planning,,Financial planning,,,Health and well-being including lifestyle diseases,,Men Cave/Women Forum,,,Increased awareness sessions on mental health issues,Money matters/Financial coaching and literacy sessions,,,,Important,Urgent,Not Important.,Urgent,,No,Yes,No,,NO 
118941753483,"Parkside Tower ""A"" Branch",Lead Generator (LG),Yes,Female,25-34,Yes,No,Recently employed,,"Personal challenges (career growth, education)",Work- and work-related stressors,Work-life imbalance,Gen-Z protests,Marital issues,Financial challenges,Relationship difficulties,Parenting challenges,Anxiety and depression,Traumatic experiences,Loss and Grief,Alcohol (Substance and chemical dependency),"Chronic Diseases (nuclear family, parents, other extended family members",Not Selected,Yes,,Personal financial management,,Retirement planning,Investment,Financial planning,,Anxiety/depression,,,,,Parenting and childcare,,,,,,Important,Urgent,Not Important.,Important,,Yes,Yes,No,,No suggestions
118941757789,Kerugoya Branch,Lead Generator (LG),Yes,Female,Below 25 Years,Yes,No,Recently employed,,Not Selected,Not Selected,Not Selected,Not Selected,Not Selected,Financial challenges,Not Selected,Not Selected,Not Selected,Not Selected,Not Selected,Not Selected,Not Selected,Not Selected,No,no issue,,,,Investment,Financial planning,,,,,Men Cave/Women Forum,Building healthy relationships/marriages,Parenting and childcare,,Money matters/Financial coaching and literacy sessions,"Building healthy relationships at work (colleagues, team leaders, managers)",,,Urgent,Important,Not Important.,Urgent,,No,No,No,,No suggestions
118941762379,Kisumu Branch,Lead Generator (LG),Yes,Male,25-34,No,No,Recently employed,,Not Selected,Not Selected,Not Selected,Not Selected,Not Selected,Financial challenges,Not Selected,Not Selected,Not Selected,Not Selected,Loss and Grief,Not Selected,Not Selected,Not Selected,No,He is willing to access the service,,Debt management,,Investment,,,,,,Men Cave/Women Forum,,,,Money matters/Financial coaching and literacy sessions,,,,Urgent,Urgent,Not Important.,Urgent,,Yes,Yes,No,,
118941769105,Queensway House,Lead Generator (LG),Yes,Female,Below 25 Years,Yes,No,new employee,None of the above,Not Selected,Not Selected,Not Selected,Not Selected,Not Selected,Not Selected,Not Selected,Not Selected,Not Selected,Not Selected,Not Selected,Not Selected,Not Selected,Not Selected,No,no issue,,,,Investment,,,,,,,,,,Money matters/Financial coaching and literacy sessions,,,,Important,Urgent,Not Important.,Important,,Yes,Yes,No,,no suggestions
118941772786,Naivasha Branch,Lead Generator (LG),Yes,Male,25-34,No,No,New employee,,Not Selected,Not Selected,Not Selected,Not Selected,Not Selected,Financial challenges,Not Selected,Not Selected,Not Selected,Not Selected,Not Selected,Not Selected,Not Selected,Not Selected,No,No issue,,,,Investment,,,,,,Men Cave/Women Forum,,,,Money matters/Financial coaching and literacy sessions,,,,Important,Urgent,Not Important.,Urgent,,No,No,No,,No suggestions as at now
118941776926,Thika Branch,Lead Generator (LG),Yes,Female,25-34,Yes,No,new employee,,Not Selected,Not Selected,Not Selected,Not Selected,Not Selected,Financial challenges,Not Selected,Not Selected,Anxiety and depression,Not Selected,Not Selected,Not Selected,Not Selected,Not Selected,No,No issue,Personal financial management,,,Investment,,,Anxiety/depression,Health and well-being including lifestyle diseases,Dealing with addiction and related stigma,,Building healthy relationships/marriages,Parenting and childcare,Increased awareness sessions on mental health issues,Money matters/Financial coaching and literacy sessions,"Building healthy relationships at work (colleagues, team leaders, managers)",,,Urgent,Urgent,Not Important.,Urgent,,Yes,Yes,No,,No suggestions
118941781525,Bomet Branch,Bancassurance,Yes,Male,25-34,Yes,No,recently employed,None of the above,Not Selected,Not Selected,Not Selected,Not Selected,Not Selected,Not Selected,Not Selected,Not Selected,Not Selected,Not Selected,Not Selected,Not Selected,Not Selected,Not Selected,No,No issue,,,,Investment,Financial planning,,,Health and well-being including lifestyle diseases,,,Building healthy relationships/marriages,,,,"Building healthy relationships at work (colleagues, team leaders, managers)",,,Urgent,Urgent,Not Important.,Urgent,,No,Yes,No,,No suggestions
118942155538,Kakamega Branch,Lead Generator (LG),Yes,Male,25-34,Yes,No,Newly employed,,"Personal challenges (career growth, education)",Not Selected,Not Selected,Not Selected,Not Selected,Financial challenges,Not Selected,Not Selected,Not Selected,Not Selected,Not Selected,Not Selected,Not Selected,Not Selected,No,No issue,,Debt management,,Investment,,,Anxiety/depression,,,,,,,,,,,Important,Urgent,Not Important.,Important,,Yes,Yes,No,,No suggestions
118942258497,Muranga Branch,Bancassurance,Yes,Female,Below 25 Years,Yes,No,Newly employed,None of the above,Not Selected,Not Selected,Not Selected,Not Selected,Not Selected,Not Selected,Not Selected,Not Selected,Not Selected,Not Selected,Not Selected,Not Selected,Not Selected,Not Selected,No,She has no issue that requires Counselling                                                                                                                                                                                                                                                                                          ,Personal financial management,,,Investment,Financial planning,,,,,,Building healthy relationships/marriages,,,Money matters/Financial coaching and literacy sessions,"Building healthy relationships at work (colleagues, team leaders, managers)",,,Urgent,Urgent,Not Important.,Urgent,,Yes,Yes,No,,None at the moment 
118942269853,Ruaraka Branch,Lead Generator (LG),Yes,Female,35-44,Yes,No,She was away in the field,,"Personal challenges (career growth, education)",Not Selected,Not Selected,Not Selected,Marital issues,Financial challenges,Relationship difficulties,Not Selected,Anxiety and depression,Not Selected,Not Selected,Not Selected,Not Selected,Not Selected,No,She promise to consider ,Personal financial management,Debt management,,Investment,,,Anxiety/depression,Health and well-being including lifestyle diseases,Dealing with addiction and related stigma,Men Cave/Women Forum,Building healthy relationships/marriages,Parenting and childcare,Increased awareness sessions on mental health issues,Money matters/Financial coaching and literacy sessions,"Building healthy relationships at work (colleagues, team leaders, managers)",Develop a Teens program on contemporary topics,,Urgent,Not Important.,,Urgent,,No,No,No,,No suggestions at the moment
118942274679,Sarit Centre Prestige,Lead Generator (LG),Yes,Female,25-34,Yes,No,Recently employed,,Not Selected,Work- and work-related stressors,Not Selected,Not Selected,Not Selected,Financial challenges,Not Selected,Not Selected,Not Selected,Not Selected,Not Selected,Not Selected,Not Selected,Not Selected,No,has no issue,,Debt management,,Investment,,,,Health and well-being including lifestyle diseases,,Men Cave/Women Forum,,,,,,,,Urgent,Urgent,Not Important.,Urgent,,Yes,Yes,No,,NO Suggestions
118943051947,Bishops Gate,Compliance & Legal,Yes,Male,25-34,Yes,Yes,,None of the above,Not Selected,Not Selected,Not Selected,Not Selected,Not Selected,Not Selected,Not Selected,Not Selected,Not Selected,Not Selected,Not Selected,Not Selected,Not Selected,Not Selected,No,managing well,,,,,,SAVINGS,,,,,,,Increased awareness sessions on mental health issues,,,,,Important,Important,Urgent,Important,,Yes,Yes,No,none,none
118943052855,Market Branch,Operations,Yes,Male,25-34,Yes,No,didnt have the details,None of the above,Not Selected,Not Selected,Not Selected,Not Selected,Not Selected,Not Selected,Not Selected,Not Selected,Not Selected,Not Selected,Not Selected,Not Selected,Not Selected,Not Selected,No,,,,,Investment,Financial planning,,,,,,,Parenting and childcare,,,,,,Important,Important,Not Important.,Important,,No,No,No,none,none
118943090254,Queensway House,Lead Generator (LG),Yes,Male,25-34,Yes,No,IN TRAINING,None of the above,Not Selected,Not Selected,Not Selected,Not Selected,Not Selected,Not Selected,Not Selected,Not Selected,Not Selected,Not Selected,Not Selected,Not Selected,Not Selected,Not Selected,No,IM MANAGING,,,,,,NONE,,,,,,,,,,,NONE,Important,Important,Urgent,Important,,Yes,Yes,No,NONE,SATISFIED
118943093328,Kitale Branch,Sales,Yes,Female,25-34,Yes,No,JOINED RECENTLY,None of the above,Not Selected,Not Selected,Not Selected,Not Selected,Not Selected,Not Selected,Not Selected,Not Selected,Not Selected,Not Selected,Not Selected,Not Selected,Not Selected,Not Selected,No,MANAGING WELL,Personal financial management,,,,,,,,,,,,Increased awareness sessions on mental health issues,,,,,Important,Important,Not Important.,Important,,No,No,No,NONE,SATISFIED
118943099183,Malindi Branch,Sales,Yes,Male,35-44,Yes,Yes,,,"Personal challenges (career growth, education)",Not Selected,Not Selected,Not Selected,Not Selected,Not Selected,Not Selected,Not Selected,Not Selected,Not Selected,Not Selected,Not Selected,"Chronic Diseases (nuclear family, parents, other extended family members",Not Selected,No,MANAGING WELL,Personal financial management,,Retirement planning,Investment,,,,,,,,,Increased awareness sessions on mental health issues,,,,,Urgent,Urgent,Important,Urgent,,Yes,No,Yes,FINANCIAL WELL PROGRAMS,SATISFIED
118943110693,Queensway House,Bancassurance,Yes,Female,25-34,Yes,Yes,,None of the above,Not Selected,Not Selected,Not Selected,Not Selected,Not Selected,Not Selected,Not Selected,Not Selected,Not Selected,Not Selected,Not Selected,Not Selected,Not Selected,Not Selected,No,MANAGING WELL,Personal financial management,,,,,,,,,,,,Increased awareness sessions on mental health issues,Money matters/Financial coaching and literacy sessions,"Building healthy relationships at work (colleagues, team leaders, managers)",,,Important,Important,Urgent,Important,,Yes,Yes,Yes,TOLL FREE INCREASED AWARENESS,SATISFIED
118943118530,Avon Centre Branch,Sales,Yes,Female,35-44,Yes,Yes,,,Not Selected,Not Selected,Not Selected,Not Selected,Not Selected,Financial challenges,Not Selected,Not Selected,Not Selected,Not Selected,Not Selected,Not Selected,Not Selected,Not Selected,No,,Personal financial management,,,,,,,,,,,,,Money matters/Financial coaching and literacy sessions,,,,Important,Important,,Important,,No,No,Yes,AWARENESS SESSION,SATISFIED
118943122036,Thika Road Mall,Sales,Yes,Male,25-34,Yes,Yes,,None of the above,Not Selected,Not Selected,Not Selected,Not Selected,Not Selected,Not Selected,Not Selected,Not Selected,Not Selected,Not Selected,Not Selected,Not Selected,Not Selected,Not Selected,Yes,,,,,Investment,,,,,,,,,,,,,NONE,Important,Important,Important,Important,,Yes,Yes,Yes,NONE,SATISFIED
118943125419,Webyuye Branch,Bancassurance,Yes,Female,45-54,Yes,Yes,,None of the above,Not Selected,Not Selected,Not Selected,Not Selected,Not Selected,Not Selected,Not Selected,Not Selected,Not Selected,Not Selected,Not Selected,Not Selected,Not Selected,Not Selected,Yes,MANAGING,,,,,,NONE,,,,Men Cave/Women Forum,,Parenting and childcare,,,,,WORK LIFE INTEGRATION,Important,Important,Not Important.,Important,,Yes,Yes,No,NONE,SATISFIED
118943129583,Westlands Sky Park Branch,PRESTIGE,Yes,Female,35-44,Yes,No,,,Not Selected,Work- and work-related stressors,Not Selected,Not Selected,Not Selected,Not Selected,Not Selected,Not Selected,Not Selected,Not Selected,Not Selected,Not Selected,Not Selected,Not Selected,No,NOT INTERESTED,,,,,,NONE,,,,,,,Increased awareness sessions on mental health issues,,,,NONE,Urgent,Not Important.,Not Important.,Not Important.,,No,No,No,NONE,SATISFIED
118943143409,Nairobi West Branch,Sales,Yes,Female,45-54,Yes,No,,,Not Selected,Work- and work-related stressors,Not Selected,Not Selected,Not Selected,Not Selected,Not Selected,Not Selected,Not Selected,Not Selected,Not Selected,Not Selected,Not Selected,Not Selected,Yes,,,,,,,NONE,,,,,,,Increased awareness sessions on mental health issues,,,,,Important,Important,Not Important.,Important,,Yes,No,Yes,FOLLOW UPS DONE,SATISFIED
118943153442,Bishops Gate,Sales,Yes,Female,25-34,Yes,No,,,Not Selected,Work- and work-related stressors,Not Selected,Not Selected,Not Selected,Financial challenges,Not Selected,Not Selected,Not Selected,Not Selected,Not Selected,Not Selected,Not Selected,Not Selected,No,MANAGING WELL,Personal financial management,,,,,,,,,,,,Increased awareness sessions on mental health issues,,,,,Important,Urgent,,Important,,Yes,Yes,Yes,NONE,SATISFIED
118943168837,Kisii Branch,Marketing & Communication,Yes,Male,25-34,Yes,No,,None of the above,Not Selected,Not Selected,Not Selected,Not Selected,Not Selected,Not Selected,Not Selected,Not Selected,Not Selected,Not Selected,Not Selected,Not Selected,Not Selected,Not Selected,,,,,,,,NONE,,,,,,,,,,,NONE,Important,Important,Not Important.,Important,,Yes,Yes,Yes,NONE,NONE
118943192268,Bishops Gate,Collections,Yes,Male,25-34,Yes,No,,None of the above,Not Selected,Not Selected,Not Selected,Not Selected,Not Selected,Not Selected,Not Selected,Not Selected,Not Selected,Not Selected,Not Selected,Not Selected,Not Selected,Not Selected,No,MANAGING WELL,,,,,Financial planning,,,,,,,,,,,,NONE,Important,Urgent,Not Important.,Important,,No,Yes,No,NONE,NONE
118943679690,Kitale Branch,Sales,Yes,Female,45-54,Yes,Yes,,,"Personal challenges (career growth, education)",Not Selected,Not Selected,Not Selected,Not Selected,Not Selected,Not Selected,Not Selected,Not Selected,Not Selected,Not Selected,Not Selected,Not Selected,Not Selected,No,MANAGING WELL,Personal financial management,,,Investment,,,,,,,,,Increased awareness sessions on mental health issues,,,,,Important,Important,Urgent,Important,,Yes,Yes,No,NONE,SATISFIED
118943680995,Nairobi West Branch,Operations,Yes,Female,25-34,Yes,No,ON LEAVE,None of the above,Not Selected,Not Selected,Not Selected,Not Selected,Not Selected,Not Selected,Not Selected,Not Selected,Not Selected,Not Selected,Not Selected,Not Selected,Not Selected,Not Selected,No,MANAGING WELL,,,,,,NONE,,,,,,,,,,,NONE,Important,Important,Urgent,Important,,Yes,Yes,No,NONE,NONE
118943682484,Kericho Branch,Lead Generator (LG),Yes,Female,45-54,Yes,Yes,,None of the above,Not Selected,Not Selected,Not Selected,Not Selected,Not Selected,Not Selected,Not Selected,Not Selected,Not Selected,Not Selected,Not Selected,Not Selected,Not Selected,Not Selected,No,MANAGING WELL,Personal financial management,,,,,,,,,,,,,,,,NONE,Important,Important,Important,Important,,Yes,Yes,Yes,NONE,SATISFIED
118943683566,Bishops Gate,Customer Service,Yes,Female,25-34,Yes,Yes,,,Not Selected,Not Selected,Not Selected,Not Selected,Not Selected,Financial challenges,Not Selected,Parenting challenges,Not Selected,Not Selected,Not Selected,Not Selected,Not Selected,Not Selected,No,BUSY SCHEDULE,,,,,,SAVINGS,,,,,,Parenting and childcare,,,,,,Urgent,Important,Urgent,Urgent,,Yes,Yes,Yes,NONE,SATISFIED
118943198157,Bunyala Road Branch,Sales,Yes,Female,45-54,Yes,Yes,,None of the above,Not Selected,Not Selected,Not Selected,Not Selected,Not Selected,Not Selected,Not Selected,Not Selected,Not Selected,Not Selected,Not Selected,Not Selected,Not Selected,Not Selected,No,managing well,Personal financial management,,,,,,,,,,,,Increased awareness sessions on mental health issues,,,,,Important,Important,Urgent,Important,,No,Yes,Yes,the pressure has gone down,
118943689915,Narok Branch,Credit,Yes,Male,35-44,Yes,Yes,,None of the above,Not Selected,Not Selected,Not Selected,Not Selected,Not Selected,Not Selected,Not Selected,Not Selected,Not Selected,Not Selected,Not Selected,Not Selected,Not Selected,Not Selected,No,none,,,,,,NONE,,,,,,,,,,,NONE,Important,Important,Important,Important,,Yes,Yes,Yes,none,satisfied
118943696279,Kisii Branch,Sales,Yes,Male,25-34,Yes,No,,,"Personal challenges (career growth, education)",Work- and work-related stressors,Work-life imbalance,Not Selected,Not Selected,Not Selected,Not Selected,Not Selected,Not Selected,Not Selected,Not Selected,Not Selected,"Chronic Diseases (nuclear family, parents, other extended family members",Not Selected,No,busy schedule,,,Retirement planning,,,,,,,,,,,,,,BURNOUT,Important,Important,Important,Important,,Yes,Yes,Yes,none,satisfied
118943705986,Narok Branch,Lead Generator (LG),Yes,Male,25-34,Yes,Yes,,,"Personal challenges (career growth, education)",Work- and work-related stressors,Not Selected,Not Selected,Not Selected,Not Selected,Not Selected,Not Selected,Not Selected,Not Selected,Not Selected,Not Selected,Not Selected,Not Selected,Yes,Not inneed ,Personal financial management,Debt management,Retirement planning,Investment,Financial planning,,,,,,,,,,"Building healthy relationships at work (colleagues, team leaders, managers)",,,Urgent,Important,Important,Urgent,,Yes,No,Yes,Improve on employee and employer relationship ,Okay
118943712191,Bishops Gate,Card Operations,Yes,Male,35-44,Yes,No,Just joined the branch ,,Not Selected,Not Selected,Not Selected,Not Selected,Not Selected,Financial challenges,Not Selected,Not Selected,Not Selected,Not Selected,Not Selected,Not Selected,Not Selected,Not Selected,No,Able to manage well ,,,Retirement planning,Investment,,,,,,Men Cave/Women Forum,,,,Money matters/Financial coaching and literacy sessions,"Building healthy relationships at work (colleagues, team leaders, managers)",,,Important,Urgent,Important,Urgent,,Yes,Yes,No,NA ,"NO, but more physical wellness caravans during the year"
118943720308,Narok Branch,Lead Generator (LG),Yes,Female,25-34,Yes,No,Not aware,None of the above,Not Selected,Not Selected,Not Selected,Not Selected,Not Selected,Not Selected,Not Selected,Not Selected,Not Selected,Not Selected,Not Selected,Not Selected,Not Selected,Not Selected,No,No reason ,,,,Investment,,,,,,,,,,,"Building healthy relationships at work (colleagues, team leaders, managers)",,,Urgent,Important,Important,Urgent,,No,No,No,,No
118943732387,Bishops Gate,Sales,Yes,Male,35-44,Yes,No,didnt have details,None of the above,Not Selected,Not Selected,Not Selected,Not Selected,Not Selected,Not Selected,Not Selected,Not Selected,Not Selected,Not Selected,Not Selected,Not Selected,Not Selected,Not Selected,No,,,,,,,NONE,,,,,,,,,,,NONE,Important,Important,Important,Important,,No,Yes,No,none,satisfied
118943739396,Kakamega Branch,Lead Generator (LG),Yes,Female,45-54,Yes,Yes,,,Not Selected,Not Selected,Not Selected,Not Selected,Not Selected,Not Selected,Not Selected,Not Selected,Not Selected,Not Selected,Loss and Grief,Not Selected,Not Selected,Not Selected,No,MANAGING WELL,Personal financial management,,,,,,,,,,Building healthy relationships/marriages,,,,,,,Important,Important,Important,Important,,Yes,Yes,Yes,NONE,SATISFIED
118943742932,Absa Headquarters (KE),ECO SYSTEMS,Yes,Male,35-44,Yes,Yes,,None of the above,Not Selected,Not Selected,Not Selected,Not Selected,Not Selected,Not Selected,Not Selected,Not Selected,Not Selected,Not Selected,Not Selected,Not Selected,Not Selected,Not Selected,No,MANAGING WELL,,,,,,NONE,,,,,,,,,,,NONE,Important,Important,Important,Important,,Yes,Yes,Yes,NONE,SATISFIED
118943753245,Bishops Gate,Collections,Yes,Female,25-34,Yes,No,,,Not Selected,Not Selected,Not Selected,Not Selected,Not Selected,Financial challenges,Not Selected,Not Selected,Not Selected,Not Selected,Not Selected,Not Selected,Not Selected,Not Selected,No,MANAGING WELL,,,,Investment,,,,,,,,,,,,,NONE,Important,Important,Not Important.,Important,,No,No,No,NONE,SATISFIED
118943761599,Bishops Gate,Contact Centre,Yes,Male,25-34,Yes,Yes,,None of the above,Not Selected,Not Selected,Not Selected,Not Selected,Not Selected,Not Selected,Not Selected,Not Selected,Not Selected,Not Selected,Not Selected,Not Selected,Not Selected,Not Selected,No,MANAGING WELL,,Debt management,,,,,,,,,,,,,,,NONE,Important,Important,Important,Important,,Yes,Yes,No,NONE,SATISFIED
118943764399,Absa Headquarters (KE),asset management,Yes,Female,25-34,Yes,No,,None of the above,Not Selected,Not Selected,Not Selected,Not Selected,Not Selected,Not Selected,Not Selected,Not Selected,Not Selected,Not Selected,Not Selected,Not Selected,Not Selected,Not Selected,No,MANAGING WELL,,,,,,NONE,,,,,,,,,,,NONE,Important,Important,Not Important.,Important,,Yes,Yes,Yes,NONE,NONE
118943769888,Bishops Gate,PRESTIGE,Yes,Female,25-34,Yes,Yes,,,Not Selected,Work- and work-related stressors,Not Selected,Not Selected,Not Selected,Not Selected,Not Selected,Not Selected,Not Selected,Not Selected,Not Selected,Not Selected,Not Selected,Not Selected,No,,,,,,,NONE,,,,,,,Increased awareness sessions on mental health issues,,,,,Urgent,Important,Not Important.,Important,,No,No,No,NONE,NONE
118943779141,Kapenguria Branch,Sales,Yes,Male,35-44,Yes,Yes,,None of the above,Not Selected,Not Selected,Not Selected,Not Selected,Not Selected,Not Selected,Not Selected,Not Selected,Not Selected,Not Selected,Not Selected,Not Selected,Not Selected,Not Selected,No,,,,,,,NONE,,,,,,,,,,,NONE,Important,Important,Important,Important,,No,No,Yes,NONE,NONE
118944567263,Sarit Centre Prestige,Lead Generator (LG),Yes,Female,25-34,Yes,No,joined the organization later,,"Personal challenges (career growth, education)",Work- and work-related stressors,Not Selected,Not Selected,Not Selected,Financial challenges,Not Selected,Not Selected,Not Selected,Not Selected,Not Selected,Not Selected,Not Selected,Not Selected,No,has not had the need,Personal financial management,Debt management,,Investment,Financial planning,,,,,,,,,Money matters/Financial coaching and literacy sessions,"Building healthy relationships at work (colleagues, team leaders, managers)",,,Important,Urgent,Important,Urgent,,Yes,No,No,,NO
118944570780,Machakos Branch,Lead Generator (LG),Yes,Male,25-34,Yes,Yes,,,Not Selected,Work- and work-related stressors,Not Selected,Not Selected,Not Selected,Financial challenges,Not Selected,Not Selected,Not Selected,Not Selected,Not Selected,Not Selected,Not Selected,Not Selected,No,had sessions last year,Personal financial management,,,,,,,,,,,,,,"Building healthy relationships at work (colleagues, team leaders, managers)",,,Urgent,Important,Important,Important,,Yes,Yes,Yes,GROWTH AND MORE EMPOWERMENT,FACE TO FACE 
118944577554,Bishops Gate,Lead Generator (LG),Yes,Male,25-34,Yes,No,joined this year,,Not Selected,Work- and work-related stressors,Not Selected,Gen-Z protests,Not Selected,Not Selected,Not Selected,Not Selected,Not Selected,Not Selected,Not Selected,Not Selected,Not Selected,Not Selected,No,NOT INNEED,Personal financial management,,Retirement planning,Investment,,,,,,,,,Increased awareness sessions on mental health issues,,,,,Urgent,Important,Not Important.,Urgent,,Yes,No,No,,NONE 
118944584564,Webyuye Branch,Lead Generator (LG),Yes,Female,45-54,Yes,No,WAS NOT AROUND,,Not Selected,Work- and work-related stressors,Not Selected,Not Selected,Not Selected,Financial challenges,Not Selected,Not Selected,Not Selected,Not Selected,Not Selected,Not Selected,Not Selected,Not Selected,No,READY TO TRY,Personal financial management,,,,,,,,,,Building healthy relationships/marriages,,Increased awareness sessions on mental health issues,,,,,Important,Urgent,Important,Important,,Yes,Yes,No,,SAFE SPACE IN THE ORGANIZATION 
118944589030,Karen Branch Prestige,Teller/Cashier,Yes,Female,25-34,No,No,JOINED THE BANK RECENTLY,None of the above,Not Selected,Not Selected,Not Selected,Not Selected,Not Selected,Not Selected,Not Selected,Not Selected,Not Selected,Not Selected,Not Selected,Not Selected,Not Selected,Not Selected,No,MANAGING WELL,,,,Investment,,,,,,,,,,,,,NONE,Important,Urgent,Important,Important,,No,Yes,No,NONE,SATISFIED
118944590358,Ruaraka Branch,Sales,Yes,Female,35-44,Yes,No,I WAS AWAY,,Not Selected,Work- and work-related stressors,Not Selected,Not Selected,Not Selected,Not Selected,Not Selected,Not Selected,Not Selected,Not Selected,Not Selected,Not Selected,Not Selected,Not Selected,No,,,,,,,NONE,,,,,,,,,,,WORK LIFE INTEGRATION,Urgent,Important,Important,Important,,No,No,No,NONE,SATISFIED
118944621300,Harambee,Customer Service,Yes,Female,25-34,Yes,Yes,,,"Personal challenges (career growth, education)",Work- and work-related stressors,Not Selected,Not Selected,Not Selected,Not Selected,Not Selected,Not Selected,Not Selected,Not Selected,Not Selected,Not Selected,Not Selected,Not Selected,Yes,,Personal financial management,,,Investment,,,,,,,,Parenting and childcare,Increased awareness sessions on mental health issues,,"Building healthy relationships at work (colleagues, team leaders, managers)",,,Urgent,Urgent,Urgent,Urgent,,Yes,Yes,Yes,SUPPORT IN TERMS OF WELLNESS,NONE
118944626483,Limuru Branch,Sales,Yes,Male,25-34,Yes,No,not around,,"Personal challenges (career growth, education)",Not Selected,Not Selected,Not Selected,Not Selected,Not Selected,Not Selected,Not Selected,Not Selected,Not Selected,Not Selected,Not Selected,Not Selected,Not Selected,Yes,,Personal financial management,,,,,,,,,Men Cave/Women Forum,,,,Money matters/Financial coaching and literacy sessions,,,,Important,Important,Important,Urgent,,No,No,No,,NO
118944631457,Kariobangi Branch,Sales,Yes,Female,35-44,Yes,Yes,,None of the above,Not Selected,Not Selected,Not Selected,Not Selected,Not Selected,Not Selected,Not Selected,Not Selected,Not Selected,Not Selected,Not Selected,Not Selected,Not Selected,Not Selected,No,,,,,,,NONE,,,,,,,,,,,NONE,Important,Important,Important,Important,,Yes,Yes,No,NONE,SATISFIED
118944633832,Contact Centre,Contact Centre,Yes,Male,35-44,Yes,Yes,,None of the above,Not Selected,Not Selected,Not Selected,Not Selected,Not Selected,Not Selected,Not Selected,Not Selected,Not Selected,Not Selected,Not Selected,Not Selected,Not Selected,Not Selected,No,,,,,,,NONE,,,,,,,,,,,NONE,Important,Important,Important,Important,,Yes,No,Yes,NONE,SATISFIED
118944643876,Queensway House,Sales,Yes,Female,35-44,Yes,No,had not joined,,"Personal challenges (career growth, education)",Work- and work-related stressors,Work-life imbalance,Gen-Z protests,Not Selected,Financial challenges,Not Selected,Not Selected,Not Selected,Not Selected,Not Selected,Not Selected,Not Selected,Not Selected,No,did not know how it works,Personal financial management,,Retirement planning,Investment,,,,Health and well-being including lifestyle diseases,,,,Parenting and childcare,Increased awareness sessions on mental health issues,,"Building healthy relationships at work (colleagues, team leaders, managers)",Develop a Teens program on contemporary topics,,Important,Urgent,Important,Urgent,,Yes,Yes,No,,MORE PERSONALIZED TOPICS FOR DIFFERENT DEMOGRAPHIC
118944649443,Queensway House,Lead Generator (LG),Yes,Female,35-44,Yes,No,was not around,None of the above,Not Selected,Not Selected,Not Selected,Not Selected,Not Selected,Not Selected,Not Selected,Not Selected,Not Selected,Not Selected,Not Selected,Not Selected,Not Selected,Not Selected,Yes,,,,,Investment,,,,,,,,,Increased awareness sessions on mental health issues,Money matters/Financial coaching and literacy sessions,,,,Important,Important,Important,Important,,No,No,No,,NO
118944646402,Nairobi West Branch,Retail,Yes,Female,45-54,Yes,Yes,,None of the above,Not Selected,Not Selected,Not Selected,Not Selected,Not Selected,Not Selected,Not Selected,Not Selected,Not Selected,Not Selected,Not Selected,Not Selected,Not Selected,Not Selected,No,,,,,,,NONE,,,,,,,Increased awareness sessions on mental health issues,,,,,Important,Important,Important,Important,,No,No,Yes,THE MANAGEMENT HAVE BEEN FRIENDLY,SATISFIED
118944656214,Isiolo Branch,Lead Generator (LG),Yes,Male,25-34,Yes,No,joined early in the year,,"Personal challenges (career growth, education)",Work- and work-related stressors,Not Selected,Not Selected,Not Selected,Financial challenges,Not Selected,Not Selected,Not Selected,Not Selected,Not Selected,Not Selected,Not Selected,Not Selected,Yes,,Personal financial management,,Retirement planning,Investment,,,,,,Men Cave/Women Forum,,,,Money matters/Financial coaching and literacy sessions,,,,Urgent,Urgent,Not Important.,Urgent,,Yes,Yes,No,,NO
118944660659,Queensway House,Lead Generator (LG),Yes,Female,35-44,Yes,No,,,Not Selected,Not Selected,Not Selected,Not Selected,Not Selected,Financial challenges,Not Selected,Not Selected,Not Selected,Not Selected,Loss and Grief,Not Selected,"Chronic Diseases (nuclear family, parents, other extended family members",Not Selected,Yes,,,,,Investment,,,,,,,,,Increased awareness sessions on mental health issues,,,,,Urgent,Urgent,Important,Important,,Yes,Yes,No,,WELLNESS CARAVANS AT THE ORGANIZATION
118944660059,Two Rivers Mall Branch,Lead Generator (LG),Yes,Female,35-44,Yes,No,Recently employed,,Not Selected,Not Selected,Not Selected,Not Selected,Marital issues,Financial challenges,Not Selected,Not Selected,Not Selected,Not Selected,Not Selected,Not Selected,Not Selected,Not Selected,No,No issue that require counselling,Personal financial management,Debt management,Retirement planning,Investment,Financial planning,,Anxiety/depression,,,,,Parenting and childcare,,,,,,Important,Important,Important,Urgent,,Yes,Yes,No,,None at the moment
118944678031,Kakamega Branch,Lead Generator (LG),Yes,Female,25-34,Yes,No,,,Not Selected,Not Selected,Not Selected,Not Selected,Not Selected,Financial challenges,Not Selected,Not Selected,Anxiety and depression,Not Selected,Not Selected,Not Selected,Not Selected,Not Selected,Yes,,,,Retirement planning,,,,,,,,,,,,,,,,,Urgent,,,Yes,Yes,,,
118944691499,Machakos Branch,Customer Service,Yes,Male,35-44,No,No,NOT AWARE,,"Personal challenges (career growth, education)",Not Selected,Not Selected,Not Selected,Not Selected,Financial challenges,Not Selected,Not Selected,Not Selected,Not Selected,Not Selected,Not Selected,Not Selected,Not Selected,No,NOT INEED,Personal financial management,,,Investment,,,,,,,,,,Money matters/Financial coaching and literacy sessions,,,,Important,Urgent,Important,Urgent,,No,No,No,,NO
118944697290,Eldoret Branch,Lead Generator (LG),Yes,Female,35-44,Yes,No,had not joined,,"Personal challenges (career growth, education)",Work- and work-related stressors,Not Selected,Not Selected,Not Selected,Not Selected,Not Selected,Not Selected,Not Selected,Not Selected,Not Selected,Not Selected,Not Selected,Not Selected,Yes,planning on making an appointment,,,,Investment,,,,,,,,,Increased awareness sessions on mental health issues,,"Building healthy relationships at work (colleagues, team leaders, managers)",,,Urgent,Important,Urgent,Urgent,,Yes,Yes,No,,NO
118944694317,Wote Branch,Lead Generator (LG),Yes,Female,25-34,Yes,No,Recently employed ,,"Personal challenges (career growth, education)",Not Selected,Not Selected,Not Selected,Not Selected,Not Selected,Not Selected,Not Selected,Not Selected,Not Selected,Not Selected,Not Selected,Not Selected,Not Selected,No,There is no issues ,Personal financial management,Debt management,,Investment,Financial planning,,Anxiety/depression,,,,Building healthy relationships/marriages,,,,"Building healthy relationships at work (colleagues, team leaders, managers)",,,,Urgent,Important,Important,,Yes,Yes,No,,None at the moment
118944713253,KAMAKIS,Sales,Yes,Male,35-44,Yes,No,new branch,,Not Selected,Not Selected,Work-life imbalance,Not Selected,Not Selected,Financial challenges,Not Selected,Not Selected,Not Selected,Not Selected,Not Selected,Not Selected,Not Selected,Not Selected,No,not aware,Personal financial management,,,Investment,,,,,,,,,,Money matters/Financial coaching and literacy sessions,,,,Important,Urgent,Important,Urgent,,Yes,Yes,No,,CLASSES ON FINANCIAL DISCIPLINE 
118944769639,Kericho Branch,Lead Generator (LG),Yes,Female,35-44,Yes,No,joined this year,None of the above,Not Selected,Not Selected,Not Selected,Not Selected,Not Selected,Not Selected,Not Selected,Not Selected,Not Selected,Not Selected,Not Selected,Not Selected,Not Selected,Not Selected,No,no reason,,,,Investment,,,,,,,,,,Money matters/Financial coaching and literacy sessions,,,,Urgent,Important,Important,Important,,No,No,No,na,no
118944799983,Imara mall,Lead Generator (LG),Yes,Male,25-34,Yes,No,recently employed,,Not Selected,Not Selected,Not Selected,Not Selected,Marital issues,Financial challenges,Not Selected,Not Selected,Not Selected,Not Selected,Not Selected,Not Selected,Not Selected,Not Selected,No,No issue,Personal financial management,,,Investment,,,Anxiety/depression,,,,,,,,,,,Urgent,Urgent,Not Important.,Urgent,,Yes,Yes,No,,No suggestions at the moment
118945435520,Buruburu Branch,Sales,Yes,Female,35-44,Yes,No,Had not joined ,,"Personal challenges (career growth, education)",Work- and work-related stressors,Work-life imbalance,Not Selected,Not Selected,Financial challenges,Not Selected,Not Selected,Not Selected,Not Selected,Not Selected,Not Selected,Not Selected,Not Selected,Yes,Not inneed ,,,,Investment,Financial planning,,,,,Men Cave/Women Forum,,,,Money matters/Financial coaching and literacy sessions,"Building healthy relationships at work (colleagues, team leaders, managers)",,,Important,Urgent,Important,Urgent,,Yes,Yes,No,,No
118945484887,Changamwe Branch,Lead Generator (LG),Yes,Female,25-34,Yes,No,New Employee,,Not Selected,Not Selected,Not Selected,Not Selected,Not Selected,Financial challenges,Not Selected,Not Selected,Not Selected,Not Selected,Not Selected,Not Selected,Not Selected,Not Selected,No,,Personal financial management,,,,,,,,,,Building healthy relationships/marriages,Parenting and childcare,,,"Building healthy relationships at work (colleagues, team leaders, managers)",,,Important,Urgent,Not Important.,Important,,Yes,No,No,,none at the moment
118945494584,Univ. of Nairobi Branch,Lead Generator (LG),Yes,Female,25-34,Yes,No,Newly employed,,Not Selected,Not Selected,Not Selected,Not Selected,Not Selected,Not Selected,Not Selected,Not Selected,Not Selected,Not Selected,Loss and Grief,Not Selected,Not Selected,Not Selected,No,No Issue that requires counselling,,,Retirement planning,Investment,,,Anxiety/depression,Health and well-being including lifestyle diseases,Dealing with addiction and related stigma,Men Cave/Women Forum,Building healthy relationships/marriages,Parenting and childcare,Increased awareness sessions on mental health issues,Money matters/Financial coaching and literacy sessions,"Building healthy relationships at work (colleagues, team leaders, managers)",Develop a Teens program on contemporary topics,,Important,Urgent,Important,Urgent,,,Yes,No,,no suggestions
118945504028,Nairobi West Branch,Lead Generator (LG),Yes,Female,25-34,Yes,No,newly employed,,Not Selected,Work- and work-related stressors,Not Selected,Not Selected,Not Selected,Financial challenges,Not Selected,Not Selected,Not Selected,Not Selected,Not Selected,Not Selected,Not Selected,Not Selected,No,no issue,Personal financial management,,,Investment,Financial planning,,,,,,,,,Money matters/Financial coaching and literacy sessions,"Building healthy relationships at work (colleagues, team leaders, managers)",,,Urgent,Urgent,Important,Urgent,,No,Yes,No,,no suggestions
118945518467,Kitale Branch,Lead Generator (LG),Yes,Female,25-34,Yes,No,,,Not Selected,Not Selected,Not Selected,Gen-Z protests,Not Selected,Financial challenges,Not Selected,Parenting challenges,Not Selected,Not Selected,Not Selected,Not Selected,Not Selected,Not Selected,No,,,,Retirement planning,,Financial planning,,Anxiety/depression,Health and well-being including lifestyle diseases,Dealing with addiction and related stigma,,Building healthy relationships/marriages,,,,"Building healthy relationships at work (colleagues, team leaders, managers)",,,Important,Urgent,Urgent,Important,,No,Yes,No,,none 
118945530043,Gikomba Branch,Lead Generator (LG),Yes,Male,25-34,Yes,No,New,,Not Selected,Work- and work-related stressors,Not Selected,Gen-Z protests,Not Selected,Financial challenges,Not Selected,Not Selected,Not Selected,Not Selected,Not Selected,Not Selected,Not Selected,Not Selected,No,,,,Retirement planning,Investment,,,,,,Men Cave/Women Forum,,,Increased awareness sessions on mental health issues,Money matters/Financial coaching and literacy sessions,,,,Important,Important,Important,Important,,Yes,Yes,No,,No
118945534052,Kericho Branch,Lead Generator (LG),Yes,Female,35-44,No,No,,None of the above,Not Selected,Not Selected,Not Selected,Not Selected,Not Selected,Not Selected,Not Selected,Not Selected,Not Selected,Not Selected,Not Selected,Not Selected,Not Selected,Not Selected,No,,Personal financial management,,,,,,,,,Men Cave/Women Forum,,,,Money matters/Financial coaching and literacy sessions,,,,,Urgent,,Urgent,,,Yes,No,,None at the moment
118945542083,Kakamega Branch,Lead Generator (LG),Yes,Female,25-34,Yes,No,Recently employed,,Not Selected,Work- and work-related stressors,Not Selected,Not Selected,Not Selected,Financial challenges,Not Selected,Not Selected,Not Selected,Not Selected,Not Selected,Not Selected,Not Selected,Not Selected,No,no issue that requires counselling,Personal financial management,Debt management,,Investment,Financial planning,,,,,,,,,Money matters/Financial coaching and literacy sessions,,,,Urgent,,,,,Yes,Yes,No,,No suggestions for now
118945556943,Nkrumah Road Branch,Lead Generator (LG),Yes,Female,25-34,Yes,No,Recently employed,,Not Selected,Not Selected,Not Selected,Not Selected,Not Selected,Financial challenges,Not Selected,Parenting challenges,Not Selected,Not Selected,Not Selected,Not Selected,Not Selected,Not Selected,No,,,,,Investment,Financial planning,,Anxiety/depression,,,,,,,Money matters/Financial coaching and literacy sessions,"Building healthy relationships at work (colleagues, team leaders, managers)",,,,Urgent,,,,Yes,Yes,No,,No suggestions
118945567445,Nanyuki Branch,Lead Generator (LG),Yes,Female,35-44,Yes,No,Recently employed,,Not Selected,Not Selected,Not Selected,Not Selected,Not Selected,Not Selected,Not Selected,Not Selected,Not Selected,Not Selected,Not Selected,Not Selected,"Chronic Diseases (nuclear family, parents, other extended family members",Not Selected,No,,Personal financial management,,,,,,,Health and well-being including lifestyle diseases,,,Building healthy relationships/marriages,,,Money matters/Financial coaching and literacy sessions,"Building healthy relationships at work (colleagues, team leaders, managers)",,,Important,Urgent,Not Important.,Important,,Yes,Yes,No,,No suggestions 
118946293754,Kariobangi Branch,Lead Generator (LG),Yes,Female,25-34,Yes,No,NOT AROUND,None of the above,Not Selected,Not Selected,Not Selected,Not Selected,Not Selected,Not Selected,Not Selected,Not Selected,Not Selected,Not Selected,Not Selected,Not Selected,Not Selected,Not Selected,No,NOT INNEED,Personal financial management,,,,,,,,,,Building healthy relationships/marriages,,,,,,,Important,Important,Important,Important,,No,No,No,,NO
118946302455,Kitengela Plaza Branch,Lead Generator (LG),Yes,Male,25-34,No,No,NEW EMPLOYEE,,Not Selected,Work- and work-related stressors,Work-life imbalance,Not Selected,Not Selected,Not Selected,Not Selected,Not Selected,Not Selected,Not Selected,Not Selected,Not Selected,Not Selected,Not Selected,No,ABLE TO MANAGE,Personal financial management,,,Investment,,,,,,,,,,Money matters/Financial coaching and literacy sessions,"Building healthy relationships at work (colleagues, team leaders, managers)",,,Important,Urgent,Important,Urgent,,Yes,Yes,No,,NO
118946392544,Thika Branch,Lead Generator (LG),Yes,Male,25-34,Yes,No,had not joined the branch,None of the above,Not Selected,Not Selected,Not Selected,Not Selected,Not Selected,Not Selected,Not Selected,Not Selected,Not Selected,Not Selected,Not Selected,Not Selected,Not Selected,Not Selected,No,not in need,,,,Investment,,,,,,Men Cave/Women Forum,,,,,,,,Important,Important,Important,Urgent,,Yes,Yes,Yes,,no
118946399741,Avon Centre Branch,Sales,Yes,Female,25-34,No,No,HAD NOT JOINED ,,"Personal challenges (career growth, education)",Work- and work-related stressors,Work-life imbalance,Gen-Z protests,Not Selected,Financial challenges,Not Selected,Not Selected,Not Selected,Not Selected,Not Selected,Not Selected,Not Selected,Not Selected,No,NOT AWARE OF THE EWP,,,,Investment,,,,,,,,,Increased awareness sessions on mental health issues,,,,,Important,Urgent,Important,Urgent,,Yes,Yes,No,,NO
118946429935,Bishops Gate,Lead Generator (LG),Yes,Female,25-34,Yes,Yes,,,"Personal challenges (career growth, education)",Work- and work-related stressors,Not Selected,Not Selected,Not Selected,Not Selected,Relationship difficulties,Not Selected,Not Selected,Not Selected,Not Selected,Not Selected,Not Selected,Not Selected,No,NOT AWARE,Personal financial management,,,Investment,,,Anxiety/depression,Health and well-being including lifestyle diseases,,,,,Increased awareness sessions on mental health issues,Money matters/Financial coaching and literacy sessions,"Building healthy relationships at work (colleagues, team leaders, managers)",,,Not Important.,Important,Not Important.,Important,,Yes,Yes,No,,NO
118946442608,Nkrumah Road Branch,Lead Generator (LG),Yes,Female,25-34,Yes,No,NOT JOINED,None of the above,Not Selected,Not Selected,Not Selected,Not Selected,Not Selected,Not Selected,Not Selected,Not Selected,Not Selected,Not Selected,Not Selected,Not Selected,Not Selected,Not Selected,No,NOT AWARE,Personal financial management,,,Investment,,,,,,,,,Increased awareness sessions on mental health issues,Money matters/Financial coaching and literacy sessions,,,,Important,Important,Not Important.,Urgent,,Yes,Yes,No,,NO
118946455771,Nkrumah Road Branch,Lead Generator (LG),Yes,Female,25-34,Yes,No,NOT ,None of the above,Not Selected,Not Selected,Not Selected,Not Selected,Not Selected,Not Selected,Not Selected,Not Selected,Not Selected,Not Selected,Not Selected,Not Selected,Not Selected,Not Selected,No,NOT IN NEED,Personal financial management,,Retirement planning,Investment,Financial planning,,,,,,,Parenting and childcare,Increased awareness sessions on mental health issues,Money matters/Financial coaching and literacy sessions,,,,Urgent,Important,Important,Urgent,,Yes,Yes,No,,NO
118946464540,Limuru Branch,Lead Generator (LG),Yes,Male,25-34,Yes,No,JOINED THIS YEAR,,"Personal challenges (career growth, education)",Work- and work-related stressors,Not Selected,Not Selected,Not Selected,Not Selected,Not Selected,Not Selected,Anxiety and depression,Not Selected,Not Selected,Not Selected,Not Selected,Not Selected,No,NOT AWARE,Personal financial management,,,,,,,,,,,,Increased awareness sessions on mental health issues,,"Building healthy relationships at work (colleagues, team leaders, managers)",,,Not Important.,Urgent,Urgent,Urgent,,Yes,Yes,No,,NO
118946479161,"Parkside Tower ""A"" Branch",Lead Generator (LG),Yes,Female,25-34,Yes,No,HAD NOT JOINED,,Not Selected,Work- and work-related stressors,Not Selected,Not Selected,Not Selected,Not Selected,Not Selected,Not Selected,Not Selected,Not Selected,Not Selected,Not Selected,Not Selected,Not Selected,Yes,,,Debt management,Retirement planning,,,,Anxiety/depression,Health and well-being including lifestyle diseases,,,,,Increased awareness sessions on mental health issues,,"Building healthy relationships at work (colleagues, team leaders, managers)",,,Urgent,Urgent,Important,Important,,Yes,Yes,No,,NO
118946487347,Nairobi West Branch,Customer Service,Yes,Male,35-44,Yes,No,NO REASON,,Not Selected,Work- and work-related stressors,Work-life imbalance,Not Selected,Not Selected,Financial challenges,Not Selected,Not Selected,Not Selected,Not Selected,Not Selected,Not Selected,Not Selected,Not Selected,No,NOT AWARE,,,,Investment,,,,,,,,,,,"Building healthy relationships at work (colleagues, team leaders, managers)",,,Urgent,Urgent,Not Important.,Important,,Yes,Yes,Yes,MORE INFOMATION ON WHERE TO GET SUPPORT,GETTING MENTORS
118946503083,Digo Road Branch,Lead Generator (LG),Yes,Male,25-34,Yes,No,HAD NOT JOINED,,"Personal challenges (career growth, education)",Work- and work-related stressors,Not Selected,Not Selected,Not Selected,Not Selected,Not Selected,Not Selected,Not Selected,Not Selected,Not Selected,Not Selected,Not Selected,Not Selected,No,NOT AWARE,,,Retirement planning,Investment,,,,,,,,,Increased awareness sessions on mental health issues,Money matters/Financial coaching and literacy sessions,"Building healthy relationships at work (colleagues, team leaders, managers)",,,Urgent,Important,Important,Urgent,,Yes,Yes,No,,NO
118946510017,Taveta Branch,Lead Generator (LG),Yes,Male,25-34,No,No,NOT JOINED THE BRANCH YET,,Not Selected,Not Selected,Not Selected,Not Selected,Not Selected,Financial challenges,Not Selected,Not Selected,Not Selected,Not Selected,Not Selected,Not Selected,Not Selected,Not Selected,No,NOT AWARE,,,,Investment,,,,,,,,,,Money matters/Financial coaching and literacy sessions,,,,Urgent,Important,Important,Important,,Yes,Yes,No,,NO
118946620778,Moi Avenue -  Mombasa,Lead Generator (LG),Yes,Male,25-34,Yes,No,Recently employed  ,,Not Selected,Not Selected,Not Selected,Not Selected,Not Selected,Not Selected,Not Selected,Not Selected,Not Selected,Not Selected,Loss and Grief,Not Selected,Not Selected,Not Selected,No,He already got support from colleagues and friends ,Personal financial management,,,Investment,Financial planning,,,,,Men Cave/Women Forum,,,,Money matters/Financial coaching and literacy sessions,"Building healthy relationships at work (colleagues, team leaders, managers)",,,Important,Urgent,Not Important.,Urgent,,Yes,Yes,No,,No suggestions
118946635581,Ongata Rongai Branch,Lead Generator (LG),Yes,Female,25-34,Yes,No,Recently employed,,Not Selected,Not Selected,Not Selected,Not Selected,Not Selected,Financial challenges,Not Selected,Not Selected,Not Selected,Not Selected,Not Selected,Not Selected,Not Selected,Not Selected,No,,Personal financial management,Debt management,Retirement planning,Investment,Financial planning,,Anxiety/depression,Health and well-being including lifestyle diseases,Dealing with addiction and related stigma,Men Cave/Women Forum,Building healthy relationships/marriages,Parenting and childcare,Increased awareness sessions on mental health issues,Money matters/Financial coaching and literacy sessions,"Building healthy relationships at work (colleagues, team leaders, managers)",,,Important,Urgent,Not Important.,Urgent,,,Yes,No,,No suggestions for now
118947023168,Diani Branch,Service agent,Yes,Female,Below 25 Years,Yes,No,,,Not Selected,Not Selected,Not Selected,Not Selected,Not Selected,Financial challenges,Not Selected,Not Selected,Anxiety and depression,Not Selected,Not Selected,Not Selected,Not Selected,Not Selected,No,  No issue that require counselling  ,,,Retirement planning,Investment,Financial planning,,,Health and well-being including lifestyle diseases,,Men Cave/Women Forum,Building healthy relationships/marriages,,,Money matters/Financial coaching and literacy sessions,"Building healthy relationships at work (colleagues, team leaders, managers)",,,Important,Urgent,Urgent,Important,,Yes,Yes,No,,No suggestions
118947051186,Kisii Branch,Lead Generator (LG),Yes,Male,25-34,Yes,No,Recently employed,,"Personal challenges (career growth, education)",Work- and work-related stressors,Not Selected,Not Selected,Not Selected,Financial challenges,Not Selected,Parenting challenges,Not Selected,Not Selected,Not Selected,Not Selected,Not Selected,Not Selected,No,No issue,Personal financial management,Debt management,,Investment,Financial planning,,,Health and well-being including lifestyle diseases,,Men Cave/Women Forum,,,Increased awareness sessions on mental health issues,Money matters/Financial coaching and literacy sessions,"Building healthy relationships at work (colleagues, team leaders, managers)",,,Important,Urgent,Important,Urgent,,Yes,Yes,No,,No suggestions at the moment
118947052952,Village Market Branch,Relationship Manager,Yes,Male,25-34,Yes,No,Recently employed,,Not Selected,Not Selected,Not Selected,Gen-Z protests,Not Selected,Not Selected,Not Selected,Not Selected,Not Selected,Not Selected,Not Selected,Not Selected,Not Selected,Not Selected,No,No issue  ,,,Retirement planning,Investment,,,,,,Men Cave/Women Forum,Building healthy relationships/marriages,Parenting and childcare,Increased awareness sessions on mental health issues,Money matters/Financial coaching and literacy sessions,"Building healthy relationships at work (colleagues, team leaders, managers)",,,Important,Urgent,Important,Urgent,,Yes,Yes,No,,No suggestions for now
118947061492,Bunyala Road Branch,Lead Generator (LG),Yes,Male,25-34,Yes,No,recently employed,,Not Selected,Work- and work-related stressors,Not Selected,Not Selected,Not Selected,Financial challenges,Not Selected,Not Selected,Not Selected,Not Selected,Not Selected,Not Selected,Not Selected,Not Selected,No,no issue that requires counselling,,,,Investment,,,,Health and well-being including lifestyle diseases,,,,Parenting and childcare,,,"Building healthy relationships at work (colleagues, team leaders, managers)",,,Urgent,Important,Not Important.,Urgent,,Yes,Yes,No,,No suggestions
118947069935,Thika Road Mall,Lead Generator (LG),Yes,Female,25-34,Yes,No,Recently employed,,Not Selected,Work- and work-related stressors,Work-life imbalance,Not Selected,Not Selected,Financial challenges,Relationship difficulties,Not Selected,Not Selected,Not Selected,Not Selected,Not Selected,Not Selected,Not Selected,No,No issue that require counselling,Personal financial management,,,,,,,,,Men Cave/Women Forum,Building healthy relationships/marriages,,,Money matters/Financial coaching and literacy sessions,"Building healthy relationships at work (colleagues, team leaders, managers)",,,Important,Urgent,Not Important.,Urgent,,Yes,Yes,No,,None at the moment
118947076500,Univ. of Nairobi Branch,Lead Generator (LG),Yes,Female,25-34,Yes,No,Recently employed,,Not Selected,Not Selected,Not Selected,Not Selected,Not Selected,Financial challenges,Not Selected,Not Selected,Not Selected,Not Selected,Not Selected,Not Selected,Not Selected,Not Selected,No,No issue,Personal financial management,,,Investment,Financial planning,,Anxiety/depression,,,,,Parenting and childcare,Increased awareness sessions on mental health issues,Money matters/Financial coaching and literacy sessions,,,,Important,Urgent,Not Important.,Urgent,,Yes,Yes,No,,No suggestions for now
118947085649,Bishops Gate,obs tech,Yes,Female,Below 25 Years,Yes,No,Recently employed,,"Personal challenges (career growth, education)",Not Selected,Not Selected,Not Selected,Not Selected,Financial challenges,Not Selected,Not Selected,Anxiety and depression,Not Selected,Not Selected,Not Selected,Not Selected,Not Selected,No,No issue,,,,Investment,Financial planning,,,,,Men Cave/Women Forum,,,Increased awareness sessions on mental health issues,Money matters/Financial coaching and literacy sessions,"Building healthy relationships at work (colleagues, team leaders, managers)",,,Important,Urgent,Not Important.,Urgent,,Yes,Yes,No,,No suggestions
118947101946,Bishops Gate,Contact Centre,Yes,Male,25-34,Yes,No,Recently employed,,Not Selected,Work- and work-related stressors,Not Selected,Not Selected,Not Selected,Financial challenges,Relationship difficulties,Not Selected,Not Selected,Not Selected,Not Selected,Not Selected,Not Selected,Not Selected,No,No issue  ,,,,Investment,Financial planning,,Anxiety/depression,,,,,,,,,,,Important,Important,Not Important.,Urgent,,No,No,No,,No suggestions  
118947115863,Westlands Office Park,Collections,Yes,Female,35-44,Yes,Yes,,,Not Selected,Not Selected,Not Selected,Not Selected,Not Selected,Financial challenges,Not Selected,Not Selected,Not Selected,Not Selected,Not Selected,Not Selected,Not Selected,Not Selected,No,,Personal financial management,,Retirement planning,Investment,,,,,,,Building healthy relationships/marriages,,,,,,,Important,Urgent,Important,Urgent,,Yes,Yes,No,,No suggestions
118947122201,Westend,SME,Yes,Male,25-34,Yes,Yes,,,Not Selected,Not Selected,Not Selected,Not Selected,Not Selected,Financial challenges,Not Selected,Not Selected,Not Selected,Not Selected,Not Selected,Not Selected,Not Selected,Not Selected,No,,Personal financial management,,,Investment,,,,,,,,,,Money matters/Financial coaching and literacy sessions,,,,Important,Urgent,Not Important.,Urgent,,Yes,Yes,No,,no Suggestions
118947989684,Bishops Gate,Card Operations,Yes,Male,25-34,Yes,No,Was engaged elsewhere ,,Not Selected,Work- and work-related stressors,Work-life imbalance,Not Selected,Not Selected,Not Selected,Not Selected,Not Selected,Not Selected,Not Selected,Not Selected,Not Selected,Not Selected,Not Selected,No,,Personal financial management,,,,,,,,,Men Cave/Women Forum,,,,Money matters/Financial coaching and literacy sessions,,,,Not Important.,Not Important.,Not Important.,Not Important.,,Yes,No,No,,"more training on mental health, as  well as sharing reading material on programs that are run"
118947994838,Kapsabet Branch,Retail,Yes,Male,35-44,Yes,No,Was not aware of the program,None of the above,Not Selected,Not Selected,Not Selected,Not Selected,Not Selected,Not Selected,Not Selected,Not Selected,Not Selected,Not Selected,Not Selected,Not Selected,Not Selected,Not Selected,No,Managed challenges,,Debt management,Retirement planning,Investment,,,,,,,,,,Money matters/Financial coaching and literacy sessions,,,,Not Important.,Not Important.,Not Important.,Not Important.,,Yes,Yes,Yes,consistency in wellness programs ,Wellness calls to be done twice a year
118948058365,Kericho Branch,Lead Generator (LG),Yes,Male,35-44,Yes,Yes,,None of the above,Not Selected,Not Selected,Not Selected,Not Selected,Not Selected,Not Selected,Not Selected,Not Selected,Not Selected,Not Selected,Not Selected,Not Selected,Not Selected,Not Selected,No,managed challanges,,,Retirement planning,,,,,Health and well-being including lifestyle diseases,,Men Cave/Women Forum,,,Increased awareness sessions on mental health issues,,,,,Important,Important,Important,Important,,Yes,Yes,Yes,issues have been adressed ,physical surveys to be done
118948084347,Nakuru East Branch,Sales,Yes,Female,25-34,Yes,No,had not joined the branch,,Not Selected,Work- and work-related stressors,Work-life imbalance,Not Selected,Not Selected,Not Selected,Not Selected,Not Selected,Not Selected,Not Selected,Not Selected,Not Selected,Not Selected,Not Selected,No,DID NOT KNOW HOW TO REACH OUT,,,,Investment,Financial planning,,Anxiety/depression,,,,,,,,,,,Urgent,Urgent,Important,Important,,Yes,Yes,No,,NO
118948090805,Lavington Branch,Lead Generator (LG),Yes,Female,25-34,No,No,not around,,"Personal challenges (career growth, education)",Not Selected,Not Selected,Not Selected,Not Selected,Not Selected,Not Selected,Not Selected,Not Selected,Not Selected,Not Selected,Not Selected,Not Selected,Not Selected,No,not inneed,Personal financial management,Debt management,Retirement planning,Investment,Financial planning,,,,,,Building healthy relationships/marriages,,,,,,,Important,Important,Important,Important,,Yes,Yes,No,,NONE
118948099947,ABC Place Prestige Branch,Lead Generator (LG),Yes,Female,25-34,No,No,had not joined,,"Personal challenges (career growth, education)",Not Selected,Not Selected,Not Selected,Not Selected,Not Selected,Not Selected,Not Selected,Not Selected,Not Selected,Loss and Grief,Not Selected,Not Selected,Not Selected,No,not aware,Personal financial management,,,,,,,,,,,,,Money matters/Financial coaching and literacy sessions,,,,Urgent,Urgent,Urgent,Urgent,,No,No,No,,NO
118948116429,Univ. of Nairobi Branch,Sales,Yes,Male,25-34,Yes,No,NOT AROUND,,"Personal challenges (career growth, education)",Work- and work-related stressors,Work-life imbalance,Not Selected,Not Selected,Not Selected,Not Selected,Not Selected,Not Selected,Not Selected,Not Selected,Not Selected,Not Selected,Not Selected,No,NOT IN NEED,,,,Investment,Financial planning,,,,,,,,,,"Building healthy relationships at work (colleagues, team leaders, managers)",,,Urgent,Urgent,Important,Urgent,,Yes,Yes,No,,NO
118948122970,Kisii Branch,Lead Generator (LG),Yes,Male,25-34,Yes,No,had not joined,,"Personal challenges (career growth, education)",Not Selected,Work-life imbalance,Not Selected,Not Selected,Financial challenges,Not Selected,Not Selected,Anxiety and depression,Not Selected,Not Selected,Not Selected,Not Selected,Not Selected,No,not aware,Personal financial management,Debt management,Retirement planning,Investment,Financial planning,,Anxiety/depression,,,,,Parenting and childcare,,Money matters/Financial coaching and literacy sessions,"Building healthy relationships at work (colleagues, team leaders, managers)",,,Urgent,Urgent,Important,Urgent,,Yes,Yes,No,NO,NONE
118948132799,Busia,Bancassurance,Yes,Male,25-34,Yes,No,HAD NOT JOINED,,"Personal challenges (career growth, education)",Not Selected,Not Selected,Not Selected,Not Selected,Not Selected,Relationship difficulties,Not Selected,Not Selected,Not Selected,Not Selected,Not Selected,Not Selected,Not Selected,No,ABLE TO MANAGE,Personal financial management,Debt management,Retirement planning,Investment,Financial planning,,,,,,Building healthy relationships/marriages,,,,"Building healthy relationships at work (colleagues, team leaders, managers)",,,Urgent,Urgent,Important,Urgent,,Yes,Yes,No,,OKAY
118948144429,Kakamega Branch,Relationship Manager,Yes,Male,25-34,Yes,No,not joined yet,,Not Selected,Work- and work-related stressors,Not Selected,Not Selected,Not Selected,Financial challenges,Relationship difficulties,Not Selected,Not Selected,Not Selected,Not Selected,Not Selected,Not Selected,Not Selected,No,NOT AWARE,Personal financial management,Debt management,Retirement planning,Investment,Financial planning,,,,,,,,,Money matters/Financial coaching and literacy sessions,"Building healthy relationships at work (colleagues, team leaders, managers)",,,Urgent,Urgent,Important,Urgent,,Yes,Yes,No,,PHYSICAL WELLNESS ENGAGEMENT
118948152929,Kisii Branch,Lead Generator (LG),Yes,Male,35-44,Yes,Yes,,,Not Selected,Work- and work-related stressors,Work-life imbalance,Not Selected,Not Selected,Not Selected,Not Selected,Not Selected,Not Selected,Not Selected,Not Selected,Not Selected,Not Selected,Not Selected,No,NOT IN NEED,Personal financial management,,,,Financial planning,,,,,Men Cave/Women Forum,,,,,"Building healthy relationships at work (colleagues, team leaders, managers)",,,Urgent,Urgent,Important,Urgent,,No,No,No,,ACTIVATION OF THE MEN FORUM
118948214305,Kakamega Branch,Lead Generator (LG),Yes,Male,25-34,Yes,No,had not joined,,Not Selected,Not Selected,Work-life imbalance,Not Selected,Not Selected,Not Selected,Not Selected,Not Selected,Not Selected,Not Selected,Not Selected,Not Selected,Not Selected,Not Selected,No,HAD NO CONTACT,,,,Investment,,,,,,,,,,Money matters/Financial coaching and literacy sessions,"Building healthy relationships at work (colleagues, team leaders, managers)",,,Urgent,Important,Important,Important,,Yes,Yes,No,,NO
118948223179,Thika Branch,Card Operations,Yes,Female,25-34,Yes,No,had not joined,,Not Selected,Work- and work-related stressors,Not Selected,Not Selected,Not Selected,Not Selected,Not Selected,Not Selected,Not Selected,Not Selected,Not Selected,Not Selected,Not Selected,Not Selected,No,not aware,Personal financial management,,,Investment,Financial planning,,,,,,,,,,"Building healthy relationships at work (colleagues, team leaders, managers)",,,Urgent,Urgent,Important,Urgent,,Yes,Yes,No,,NO
118948250573,Digo Road Branch,Lead Generator (LG),Yes,Female,25-34,No,No,HAD NOT JOINED,,"Personal challenges (career growth, education)",Not Selected,Work-life imbalance,Not Selected,Not Selected,Not Selected,Not Selected,Not Selected,Not Selected,Not Selected,Not Selected,Not Selected,Not Selected,Not Selected,No,DID NOT HAVE MUCH DETAILS,Personal financial management,Debt management,Retirement planning,Investment,Financial planning,,,,,,,,Increased awareness sessions on mental health issues,,"Building healthy relationships at work (colleagues, team leaders, managers)",,,Important,Important,Important,Important,,Yes,Yes,No,,NO
118948260986,Meru Branch,Bancassurance,Yes,Female,35-44,Yes,No,NEW EMPLOYEE,None of the above,Not Selected,Not Selected,Not Selected,Not Selected,Not Selected,Not Selected,Not Selected,Not Selected,Not Selected,Not Selected,Not Selected,Not Selected,Not Selected,Not Selected,Yes,NOT AWARE,Personal financial management,,,Investment,,,,,,,,Parenting and childcare,Increased awareness sessions on mental health issues,Money matters/Financial coaching and literacy sessions,"Building healthy relationships at work (colleagues, team leaders, managers)",,,Urgent,Urgent,Important,Important,,Yes,Yes,No,,NONE
118948327027,Bishops Gate,Finance,Yes,Male,25-34,Yes,No,had not joined,,Not Selected,Not Selected,Not Selected,Not Selected,Not Selected,Not Selected,Relationship difficulties,Not Selected,Not Selected,Not Selected,Not Selected,Not Selected,Not Selected,Not Selected,No,was planning to ,Personal financial management,,,,Financial planning,,,,,,,,Increased awareness sessions on mental health issues,,,,,Urgent,Urgent,Important,Important,,Yes,Yes,No,,more check ins
118948765517,Karatina Branch - Kenya,Sales,Yes,Female,25-34,Yes,No,had not joined,None of the above,Not Selected,Not Selected,Not Selected,Not Selected,Not Selected,Not Selected,Not Selected,Not Selected,Not Selected,Not Selected,Not Selected,Not Selected,Not Selected,Not Selected,No,STILL CATCHING UP WITH THE PROGRAM ,,,Retirement planning,Investment,,,,Health and well-being including lifestyle diseases,,,,,,,,,,Important,Urgent,Important,Important,,No,No,No,,NONE
118948805317,"Parkside Tower ""A"" Branch",Lead Generator (LG),Yes,Female,35-44,Yes,Yes,,None of the above,Not Selected,Not Selected,Not Selected,Not Selected,Not Selected,Not Selected,Not Selected,Not Selected,Not Selected,Not Selected,Not Selected,Not Selected,Not Selected,Not Selected,No,Had no reason to reach out for counselling,,,,,,none,,,,,,,Increased awareness sessions on mental health issues,,,,,Urgent,Important,Important,Important,,No,No,No,,
118948808782,Garissa,Lead Generator (LG),Yes,Male,25-34,Yes,Yes,,,Not Selected,Work- and work-related stressors,Not Selected,Not Selected,Not Selected,Not Selected,Not Selected,Not Selected,Not Selected,Not Selected,Not Selected,Not Selected,Not Selected,Not Selected,No,,Personal financial management,Debt management,,Investment,Financial planning,,,Health and well-being including lifestyle diseases,,,,,,Money matters/Financial coaching and literacy sessions,"Building healthy relationships at work (colleagues, team leaders, managers)",,,Important,Important,Urgent,Urgent,,Yes,Yes,Yes,Supportive managers ,On-ground sessions at the branch
118948842830,Kitengela Plaza Branch,Sales,Yes,Female,25-34,Yes,No,was not available,,Not Selected,Work- and work-related stressors,Not Selected,Not Selected,Not Selected,Not Selected,Not Selected,Not Selected,Not Selected,Not Selected,Not Selected,Not Selected,Not Selected,Not Selected,No,was able to manage ,,,,,,,,,,,,,,,,,,Important,Important,Important,Important,,Yes,Yes,Yes,none,none
118948854155,Westend,SME,Yes,Male,Below 25 Years,Yes,No,Recently employed,None of the above,Not Selected,Not Selected,Not Selected,Not Selected,Not Selected,Not Selected,Not Selected,Not Selected,Not Selected,Not Selected,Not Selected,Not Selected,Not Selected,Not Selected,No,no issue ,,,,Investment,Financial planning,,Anxiety/depression,,Dealing with addiction and related stigma,Men Cave/Women Forum,,,,,"Building healthy relationships at work (colleagues, team leaders, managers)",,,Important,Urgent,Not Important.,Urgent,,Yes,No,No,,No suggestions at the moment
118948897254,Bishops Gate,Operations,Yes,Male,25-34,Yes,No,Recently employed,None of the above,Not Selected,Not Selected,Not Selected,Not Selected,Not Selected,Not Selected,Not Selected,Not Selected,Not Selected,Not Selected,Not Selected,Not Selected,Not Selected,Not Selected,No,No issue,,,,Investment,,,Anxiety/depression,,,,,Parenting and childcare,,,"Building healthy relationships at work (colleagues, team leaders, managers)",,,Important,Urgent,Important,Important,,Yes,Yes,No,,None at the moment
118948914039,Bishops Gate,Customer Service,Yes,Female,25-34,Yes,Yes,,,Not Selected,Not Selected,Work-life imbalance,Not Selected,Not Selected,Financial challenges,Not Selected,Parenting challenges,Not Selected,Not Selected,Not Selected,Not Selected,Not Selected,Not Selected,No,,,,,Investment,,,Anxiety/depression,,,,,,Increased awareness sessions on mental health issues,,,,,Urgent,Urgent,Important,Urgent,,No,No,No,,NONE
118948926503,Bishops Gate,Customer Service,Yes,Female,25-34,Yes,Yes,,None of the above,Not Selected,Not Selected,Not Selected,Not Selected,Not Selected,Not Selected,Not Selected,Not Selected,Not Selected,Not Selected,Not Selected,Not Selected,Not Selected,Not Selected,,,Personal financial management,,,Investment,,,Anxiety/depression,Health and well-being including lifestyle diseases,,,,,,,,,,Urgent,Urgent,Important,Urgent,,Yes,Yes,No,,None at the moment
118948934161,Bishops Gate,Collections,Yes,Female,25-34,Yes,Yes,,,Not Selected,Not Selected,Not Selected,Not Selected,Not Selected,Financial challenges,Not Selected,Not Selected,Not Selected,Not Selected,Not Selected,Not Selected,Not Selected,Not Selected,,,Personal financial management,,,Investment,,,,,Dealing with addiction and related stigma,,,,,Money matters/Financial coaching and literacy sessions,,,,Important,Urgent,Important,Important,,No,No,No,,None at the moment
118948948174,Busia,Lead Generator (LG),Yes,Female,35-44,Yes,No,Recently employed,,Not Selected,Not Selected,Not Selected,Not Selected,Marital issues,Financial challenges,Relationship difficulties,Parenting challenges,Anxiety and depression,Not Selected,Loss and Grief,Not Selected,Not Selected,Not Selected,No,In need of counselling ASAP,,,,,,,,,,,,,,,,,,,,,,,,,,,
118948971625,Bishops Gate,Operations,Yes,Female,25-34,Yes,Yes,,None of the above,Not Selected,Not Selected,Not Selected,Not Selected,Not Selected,Not Selected,Not Selected,Not Selected,Not Selected,Not Selected,Not Selected,Not Selected,Not Selected,Not Selected,No,,,,,Investment,,,,,,,,,,Money matters/Financial coaching and literacy sessions,,,,Important,Important,Urgent,Important,,Yes,Yes,No,,None at the moment
118948981361,Bishops Gate,Collections,Yes,Female,25-34,Yes,,,,Not Selected,Not Selected,Work-life imbalance,Not Selected,Not Selected,Financial challenges,Not Selected,Not Selected,Not Selected,Not Selected,Not Selected,Not Selected,Not Selected,Not Selected,No,,,,,Investment,Financial planning,,,,,,Building healthy relationships/marriages,,,Money matters/Financial coaching and literacy sessions,"Building healthy relationships at work (colleagues, team leaders, managers)",,,Urgent,Urgent,Important,Important,,Yes,Yes,No,,None at the moment
118948995119,Westend,DATA OFFICE,Yes,Female,35-44,Yes,No,yet to do it,,"Personal challenges (career growth, education)",Not Selected,Work-life imbalance,Not Selected,Not Selected,Financial challenges,Not Selected,Not Selected,Not Selected,Not Selected,Not Selected,Not Selected,Not Selected,Not Selected,No,,Personal financial management,,,Investment,,,Anxiety/depression,Health and well-being including lifestyle diseases,Dealing with addiction and related stigma,,,,Increased awareness sessions on mental health issues,Money matters/Financial coaching and literacy sessions,,,,Important,Important,Important,Urgent,,Yes,Yes,No,,None at the moment
118949016446,Kakamega Branch,Collections,Yes,Female,25-34,Yes,No,yet to participate,,Not Selected,Not Selected,Not Selected,Not Selected,Not Selected,Financial challenges,Not Selected,Not Selected,Not Selected,Not Selected,Not Selected,Not Selected,"Chronic Diseases (nuclear family, parents, other extended family members",Not Selected,No,Shared the toll free number,,,,Investment,Financial planning,,Anxiety/depression,,,,,,,Money matters/Financial coaching and literacy sessions,,,,Important,Urgent,Important,Urgent,,Yes,Yes,Yes,There is more understanding of the questionnaires.,Implement the programs raised by majority
118949085235,Bishops Gate,Collections,Yes,Female,25-34,Yes,Yes,,None of the above,Not Selected,Not Selected,Not Selected,Not Selected,Not Selected,Not Selected,Not Selected,Not Selected,Not Selected,Not Selected,Not Selected,Not Selected,Not Selected,Not Selected,No,,,,Retirement planning,,Financial planning,,,,,Men Cave/Women Forum,,Parenting and childcare,Increased awareness sessions on mental health issues,,,,,Important,Important,Important,Important,,No,Yes,No,,None at the moment
118949711481,Eldoret Branch,Sales,Yes,Male,35-44,Yes,Yes,,None of the above,Not Selected,Not Selected,Not Selected,Not Selected,Not Selected,Not Selected,Not Selected,Not Selected,Not Selected,Not Selected,Not Selected,Not Selected,Not Selected,Not Selected,No,N/A  ,,,,,,,,,,,,,Increased awareness sessions on mental health issues,,,,,Urgent,,,,,Yes,Yes,Yes,,
118949729766,Buruburu Branch,Lead Generator (LG),Yes,Female,25-34,Yes,No,was engaged elsewhere ,,Not Selected,Work- and work-related stressors,Not Selected,Not Selected,Not Selected,Financial challenges,Not Selected,Not Selected,Not Selected,Not Selected,Not Selected,Not Selected,Not Selected,Not Selected,No,was able to manage challenges,Personal financial management,,,,Financial planning,,,,,,,,Increased awareness sessions on mental health issues,Money matters/Financial coaching and literacy sessions,,,,Urgent,Important,Important,Urgent,,Yes,Yes,Yes,,physical surveys to be done or an email to be sent prior to the survey
118949761561,Bishops Gate,Sales,Yes,Female,25-34,Yes,No,was not available,,"Personal challenges (career growth, education)",Work- and work-related stressors,Not Selected,Not Selected,Not Selected,Not Selected,Not Selected,Not Selected,Anxiety and depression,Not Selected,Not Selected,Not Selected,Not Selected,Not Selected,No,,,,,,,,Anxiety/depression,,,,,,Increased awareness sessions on mental health issues,,"Building healthy relationships at work (colleagues, team leaders, managers)",,,,,,Urgent,,Yes,Yes,Yes,,Indicate the schedule for the program (  Mental Health Peer Counselling Training Program)
118951624419,Westend,CSO,Yes,Female,25-34,Yes,Yes,,,Not Selected,Not Selected,Not Selected,Gen-Z protests,Not Selected,Financial challenges,Not Selected,Not Selected,Not Selected,Not Selected,Not Selected,Not Selected,Not Selected,Not Selected,No,,Personal financial management,,,,Financial planning,,Anxiety/depression,Health and well-being including lifestyle diseases,Dealing with addiction and related stigma,Men Cave/Women Forum,Building healthy relationships/marriages,Parenting and childcare,Increased awareness sessions on mental health issues,Money matters/Financial coaching and literacy sessions,"Building healthy relationships at work (colleagues, team leaders, managers)",,,Important,Urgent,Not Important.,Urgent,,No,Yes,No,,None at the moment
118951649996,Bishops Gate,Operations,Yes,Male,25-34,Yes,No,Yet to participate,,Not Selected,Not Selected,Not Selected,Not Selected,Not Selected,Financial challenges,Not Selected,Parenting challenges,Not Selected,Not Selected,Not Selected,Not Selected,Not Selected,Not Selected,No,,Personal financial management,,,,,,,,,,,,Increased awareness sessions on mental health issues,Money matters/Financial coaching and literacy sessions,,Develop a Teens program on contemporary topics,,,Urgent,,Urgent,,No,Yes,No,,
118951753145,Kisumu Branch,Customer Service,Yes,Female,25-34,Yes,No,,None of the above,Not Selected,Not Selected,Not Selected,Not Selected,Not Selected,Not Selected,Not Selected,Not Selected,Not Selected,Not Selected,Not Selected,Not Selected,Not Selected,Not Selected,No,,,,,Investment,Financial planning,,,Health and well-being including lifestyle diseases,,,,Parenting and childcare,,Money matters/Financial coaching and literacy sessions,"Building healthy relationships at work (colleagues, team leaders, managers)",,,Urgent,Urgent,Urgent,Urgent,,Yes,No,No,,None for now
118951879068,Diani Branch,Life guard,Yes,Male,Below 25 Years,Yes,Yes,,None of the above,Not Selected,Not Selected,Not Selected,Not Selected,Not Selected,Not Selected,Not Selected,Not Selected,Not Selected,Not Selected,Not Selected,Not Selected,Not Selected,Not Selected,No,No reason,,,,Investment,Financial planning,,,,,,Building healthy relationships/marriages,,,,"Building healthy relationships at work (colleagues, team leaders, managers)",,,Urgent,Important,Important,Urgent,,No,No,No,,No suggestions
118951893630,Diani Branch,Cleaner,Yes,Female,25-34,Yes,No,It has never reached the branch,,Not Selected,Not Selected,Not Selected,Not Selected,Not Selected,Financial challenges,Not Selected,Parenting challenges,Not Selected,Not Selected,Not Selected,Not Selected,Not Selected,Not Selected,No,,Personal financial management,,,Investment,,,,,,,Building healthy relationships/marriages,Parenting and childcare,,,"Building healthy relationships at work (colleagues, team leaders, managers)",,,Urgent,Important,Important,Urgent,,Yes,Yes,No,,No suggestions
118951900865,Diani Branch,Cleaner,Yes,Female,25-34,Yes,No,the service is never available,,Not Selected,Not Selected,Not Selected,Not Selected,Not Selected,Financial challenges,Not Selected,Parenting challenges,Not Selected,Not Selected,Not Selected,Not Selected,Not Selected,Not Selected,No,No reason,Personal financial management,,,Investment,,,,,,,Building healthy relationships/marriages,,,,"Building healthy relationships at work (colleagues, team leaders, managers)",,,Important,Urgent,Important,Urgent,,Yes,Yes,No,,No suggestions
118951908572,Queensway House,Sheer logic,Yes,Female,35-44,Yes,No,She is not covered  ,,Not Selected,Work- and work-related stressors,Not Selected,Not Selected,Not Selected,Financial challenges,Not Selected,Not Selected,Not Selected,Not Selected,Not Selected,Not Selected,Not Selected,Not Selected,Yes,No issue ,Personal financial management,Debt management,Retirement planning,Investment,Financial planning,,Anxiety/depression,Health and well-being including lifestyle diseases,Dealing with addiction and related stigma,Men Cave/Women Forum,Building healthy relationships/marriages,Parenting and childcare,Increased awareness sessions on mental health issues,Money matters/Financial coaching and literacy sessions,"Building healthy relationships at work (colleagues, team leaders, managers)",Develop a Teens program on contemporary topics,,Urgent,Urgent,Important,Urgent,,No,No,No,,Nosuggestions
118952282126,Bishops Gate,Customer Service,Yes,Male,25-34,Yes,Yes,,None of the above,Not Selected,Not Selected,Not Selected,Not Selected,Not Selected,Not Selected,Not Selected,Not Selected,Not Selected,Not Selected,Not Selected,Not Selected,Not Selected,Not Selected,No,No issue,,,,Investment,,,,Health and well-being including lifestyle diseases,,Men Cave/Women Forum,,,,,"Building healthy relationships at work (colleagues, team leaders, managers)",,,Urgent,Urgent,Important,Urgent,,No,No,No,,None 
118952284105,Westend,Compliance & Legal,Yes,Female,25-34,No,No,She was committed ,,Not Selected,Not Selected,Not Selected,Not Selected,Not Selected,Financial challenges,Not Selected,Not Selected,Anxiety and depression,Traumatic experiences,Not Selected,Not Selected,Not Selected,Not Selected,No,No issue ,Personal financial management,,,Investment,,,Anxiety/depression,,,,,,Increased awareness sessions on mental health issues,Money matters/Financial coaching and literacy sessions,,,,Urgent,Urgent,Important,Urgent,,No,Yes,,,No suggestions
118952290341,Contact Centre,Q and E,Yes,Female,25-34,Yes,No,,,Not Selected,Not Selected,Not Selected,Not Selected,Not Selected,Financial challenges,Not Selected,Not Selected,Not Selected,Not Selected,Not Selected,Not Selected,Not Selected,Not Selected,No,,,,,,Financial planning,,,,,,,,,,"Building healthy relationships at work (colleagues, team leaders, managers)",,,Urgent,Urgent,Important,Urgent,,No,Yes,No,,None at the moment
118952311578,Bishops Gate,Collections,Yes,Female,Below 25 Years,Yes,Yes,,None of the above,Not Selected,Not Selected,Not Selected,Not Selected,Not Selected,Not Selected,Not Selected,Not Selected,Not Selected,Not Selected,Not Selected,Not Selected,Not Selected,Not Selected,No,NO ISSUE,,,,Investment,,,,,,,,,Increased awareness sessions on mental health issues,Money matters/Financial coaching and literacy sessions,,,,Urgent,Urgent,Important,Important,,No,No,No,,NONE AT THE MOMENT
118952323006,Westend,People and Culture,Yes,Female,25-34,Yes,No,,,Not Selected,Work- and work-related stressors,Not Selected,Not Selected,Not Selected,Not Selected,Not Selected,Not Selected,Not Selected,Not Selected,Not Selected,Not Selected,"Chronic Diseases (nuclear family, parents, other extended family members",Not Selected,No,NO ISSUE,Personal financial management,,,Investment,Financial planning,,,,,,,,,Money matters/Financial coaching and literacy sessions,,,,Important,Urgent,Important,Important,,No,Yes,No,,NO SUGGESTIONS
118952325522,Westend,Customer Service,Yes,Female,35-44,Yes,Yes,,None of the above,Not Selected,Not Selected,Not Selected,Not Selected,Not Selected,Not Selected,Not Selected,Not Selected,Not Selected,Not Selected,Not Selected,Not Selected,Not Selected,Not Selected,No,,,Debt management,,,,,,,,,,,,Money matters/Financial coaching and literacy sessions,"Building healthy relationships at work (colleagues, team leaders, managers)",,,Important,Important,Important,Urgent,,No,Yes,Yes,This year the questionnaire is more detailed ,NONE
118952328230,Bishops Gate,Administration,Yes,Male,25-34,Yes,No,Yet to participate,,"Personal challenges (career growth, education)",Work- and work-related stressors,Not Selected,Not Selected,Not Selected,Not Selected,Not Selected,Not Selected,Not Selected,Not Selected,Not Selected,Not Selected,Not Selected,Not Selected,No,NO ISSUE,,Debt management,,Investment,,,Anxiety/depression,,,,,,,,,,,Urgent,Urgent,Urgent,Urgent,,Yes,Yes,No,,NONE 
118952330955,Bishops Gate,Operations,Yes,Male,25-34,Yes,Yes,,,Not Selected,Not Selected,Work-life imbalance,Gen-Z protests,Not Selected,Financial challenges,Not Selected,Not Selected,Not Selected,Not Selected,Not Selected,Not Selected,Not Selected,Not Selected,No,,Personal financial management,,,Investment,,,Anxiety/depression,Health and well-being including lifestyle diseases,,,,,,Money matters/Financial coaching and literacy sessions,,,,Urgent,Important,Important,Important,,No,No,Yes,ITS MORE DETAILED,NONE FOR NOW
118952346569,Bishops Gate,Administration,Yes,Female,45-54,Yes,Yes,,,Not Selected,Not Selected,Not Selected,Not Selected,Not Selected,Financial challenges,Not Selected,Not Selected,Not Selected,Not Selected,Not Selected,Not Selected,Not Selected,Not Selected,No,,,,Retirement planning,Investment,Financial planning,,Anxiety/depression,,,,,,Increased awareness sessions on mental health issues,Money matters/Financial coaching and literacy sessions,"Building healthy relationships at work (colleagues, team leaders, managers)",,,Urgent,Urgent,Important,Urgent,,No,Yes,No,,NONE
118952354854,Bishops Gate,Collections,Yes,Male,35-44,Yes,Yes,,,Not Selected,Work- and work-related stressors,Work-life imbalance,Not Selected,Not Selected,Financial challenges,Not Selected,Not Selected,Anxiety and depression,Not Selected,Not Selected,Not Selected,Not Selected,Not Selected,,,,,Retirement planning,Investment,,,,Health and well-being including lifestyle diseases,,Men Cave/Women Forum,,,,,,,,Important,Urgent,Not Important.,Urgent,,No,No,Yes,A lot of improvement,NONE
118952368113,Bishops Gate,Operations,Yes,Female,25-34,Yes,Yes,,,Not Selected,Not Selected,Work-life imbalance,Not Selected,Not Selected,Not Selected,Not Selected,Parenting challenges,Not Selected,Not Selected,Not Selected,Not Selected,Not Selected,Not Selected,No,,,,,Investment,Financial planning,,,Health and well-being including lifestyle diseases,,Men Cave/Women Forum,,,,Money matters/Financial coaching and literacy sessions,,,,Urgent,Urgent,Important,Important,,No,No,No,,NONE
118952376374,Bishops Gate,Consumer Banking,Yes,Female,35-44,Yes,Yes,,,"Personal challenges (career growth, education)",Not Selected,Not Selected,Not Selected,Not Selected,Financial challenges,Not Selected,Not Selected,Not Selected,Not Selected,Not Selected,Not Selected,Not Selected,Not Selected,No,,,,,Investment,Financial planning,,,,Dealing with addiction and related stigma,,,Parenting and childcare,,Money matters/Financial coaching and literacy sessions,,,,Important,Urgent,Not Important.,Urgent,,No,Yes,Yes,its detailed,Provide feedback for the survey
118952382024,Bishops Gate,Contact Centre,Yes,Female,25-34,Yes,Yes,,,Not Selected,Not Selected,Work-life imbalance,Not Selected,Not Selected,Not Selected,Not Selected,Not Selected,Not Selected,Not Selected,Loss and Grief,Not Selected,Not Selected,Not Selected,Yes,,,,Retirement planning,,,,Anxiety/depression,,,,,,,,,,,Important,Urgent,Not Important.,Urgent,,No,Yes,No,,
118952396672,Bishops Gate,Operations,Yes,Male,25-34,Yes,No,,,Not Selected,Not Selected,Not Selected,Not Selected,Not Selected,Financial challenges,Not Selected,Not Selected,Not Selected,Not Selected,Not Selected,Not Selected,Not Selected,Not Selected,No,,,,Retirement planning,,,,,,,,,,,,,,,,,,,,,,,,
118952398982,Bishops Gate,Contact Centre,Yes,Female,25-34,Yes,Yes,,None of the above,Not Selected,Not Selected,Not Selected,Not Selected,Not Selected,Not Selected,Not Selected,Not Selected,Not Selected,Not Selected,Not Selected,Not Selected,Not Selected,Not Selected,,,Personal financial management,,,,Financial planning,,Anxiety/depression,,,,Building healthy relationships/marriages,Parenting and childcare,,,,,,Urgent,Urgent,Important,Urgent,,No,Yes,Yes,The questionnaire is a bit detailed,none
118952403779,Diani Branch,Hospitality,Yes,Female,35-44,Yes,No,it has never reached her branch,,Not Selected,Work- and work-related stressors,Work-life imbalance,Not Selected,Not Selected,Financial challenges,Not Selected,Not Selected,Anxiety and depression,Not Selected,Not Selected,Not Selected,Not Selected,Not Selected,No,,Personal financial management,Debt management,Retirement planning,Investment,Financial planning,,Anxiety/depression,Health and well-being including lifestyle diseases,Dealing with addiction and related stigma,Men Cave/Women Forum,Building healthy relationships/marriages,Parenting and childcare,Increased awareness sessions on mental health issues,Money matters/Financial coaching and literacy sessions,"Building healthy relationships at work (colleagues, team leaders, managers)",Develop a Teens program on contemporary topics,,Urgent,Urgent,Urgent,Urgent,,Yes,Yes,No,,The wellness caravan
118952408865,Bishops Gate,Credit,Yes,Female,25-34,Yes,No,She works from home,,Not Selected,Work- and work-related stressors,Not Selected,Not Selected,Not Selected,Financial challenges,Not Selected,Not Selected,Not Selected,Not Selected,Not Selected,Not Selected,Not Selected,Not Selected,,,Personal financial management,,,,,,,,,,,,Increased awareness sessions on mental health issues,Money matters/Financial coaching and literacy sessions,,,,Urgent,Urgent,Important,Urgent,,Yes,Yes,No,,
118955888757,Bishops Gate,Operations,Yes,Female,45-54,Yes,No,HAD TRAVELLED,,Not Selected,Not Selected,Not Selected,Not Selected,Not Selected,Not Selected,Not Selected,Not Selected,Not Selected,Not Selected,Not Selected,Not Selected,"Chronic Diseases (nuclear family, parents, other extended family members",Not Selected,No,,,,Retirement planning,,,,,,,,,,Increased awareness sessions on mental health issues,,,,BURNOUT,Important,Important,Not Important.,Important,,Yes,No,Yes,WELL DETAILED,NONE
118955894476,Absa Headquarters (KE),Business Banking,Yes,Female,35-44,Yes,No,,,Not Selected,Not Selected,Work-life imbalance,Not Selected,Not Selected,Financial challenges,Not Selected,Not Selected,Not Selected,Not Selected,Not Selected,Not Selected,Not Selected,Not Selected,Yes,,,Debt management,,,,,,,,,,,,,,,MENOPAUSE 7,Urgent,Urgent,Not Important.,Important,,Yes,Yes,Yes,WELL DETAILED,NONE
118955899128,Absa Headquarters (KE),Finance,Yes,Female,45-54,Yes,Yes,,,"Personal challenges (career growth, education)",Not Selected,Not Selected,Not Selected,Not Selected,Not Selected,Not Selected,Not Selected,Not Selected,Not Selected,Not Selected,Not Selected,Not Selected,Not Selected,Yes,,Personal financial management,,,,,,,,,,,,Increased awareness sessions on mental health issues,,,,,Important,Important,Not Important.,Important,,Yes,No,Yes,NONE,NONE
118955903825,Absa Headquarters (KE),Compliance & Legal,Yes,Male,45-54,Yes,Yes,,,"Personal challenges (career growth, education)",Not Selected,Not Selected,Not Selected,Not Selected,Not Selected,Not Selected,Not Selected,Not Selected,Not Selected,Not Selected,Not Selected,Not Selected,Not Selected,No,,,,,,,NONE,,,,,,,,,,,NONE,Important,Important,Important,Important,,Yes,Yes,No,NONE,NONE
118955908263,Absa Headquarters (KE),Sales,Yes,Male,35-44,Yes,No,,,Not Selected,Work- and work-related stressors,Not Selected,Not Selected,Not Selected,Not Selected,Not Selected,Not Selected,Not Selected,Not Selected,Not Selected,Not Selected,Not Selected,Not Selected,No,,,,,,,NONE,,,,,,,Increased awareness sessions on mental health issues,,,,,Important,Important,Not Important.,Important,,No,No,Yes,NONE,NONE
118955913889,Absa Headquarters (KE),Corporate Banking,Yes,Male,35-44,Yes,Yes,,,"Personal challenges (career growth, education)",Not Selected,Not Selected,Not Selected,Not Selected,Not Selected,Not Selected,Not Selected,Not Selected,Not Selected,Loss and Grief,Not Selected,Not Selected,Not Selected,No,,,,,,,NONE,,,,,,,Increased awareness sessions on mental health issues,,,,,Important,Important,Not Important.,Important,,Yes,Yes,Yes,NONE,NONE
118955929144,Absa Headquarters (KE),Sales,Yes,Male,35-44,Yes,Yes,,,"Personal challenges (career growth, education)",Work- and work-related stressors,Not Selected,Not Selected,Not Selected,Not Selected,Not Selected,Not Selected,Not Selected,Not Selected,Not Selected,Not Selected,Not Selected,Not Selected,No,,,Debt management,,,,,,,,,Building healthy relationships/marriages,,,,"Building healthy relationships at work (colleagues, team leaders, managers)",,,Important,Important,Important,Important,,No,No,Yes,NONE,NONE
118955933959,Bishops Gate,I.T,Yes,Female,35-44,Yes,Yes,,,"Personal challenges (career growth, education)",Not Selected,Not Selected,Not Selected,Not Selected,Not Selected,Not Selected,Not Selected,Not Selected,Not Selected,Not Selected,Not Selected,Not Selected,Not Selected,No,,,,Retirement planning,,,,,,,,,,Increased awareness sessions on mental health issues,,,,,Urgent,Urgent,Important,Urgent,,Yes,Yes,Yes,NONE,NONE
118955938285,Absa Headquarters (KE),Risk,Yes,Male,45-54,Yes,Yes,,,Not Selected,Not Selected,Not Selected,Not Selected,Not Selected,Financial challenges,Not Selected,Not Selected,Not Selected,Not Selected,Not Selected,Not Selected,Not Selected,Not Selected,No,,Personal financial management,,,,,,,,,Men Cave/Women Forum,,,,,,,,Important,Important,Important,Important,,Yes,Yes,Yes,NONE,NONE
118955956782,Absa Headquarters (KE),production,Yes,Male,45-54,Yes,Yes,,,"Personal challenges (career growth, education)",Not Selected,Not Selected,Not Selected,Not Selected,Not Selected,Not Selected,Not Selected,Not Selected,Not Selected,Not Selected,Not Selected,Not Selected,Not Selected,No,,,,,,,NONE,,,,,,,,,,,NONE,Important,Important,Not Important.,Important,,Yes,No,Yes,NONE,ANY UNIQUENESS THEY HAVE AS A PERSON
118955963173,Absa Plaza,PREMIUM,Yes,Female,35-44,Yes,Yes,,None of the above,Not Selected,Not Selected,Not Selected,Not Selected,Not Selected,Not Selected,Not Selected,Not Selected,Not Selected,Not Selected,Not Selected,Not Selected,Not Selected,Not Selected,No,,Personal financial management,,,,,,,,,,,,Increased awareness sessions on mental health issues,,,,LOSS AND GRIEF,Important,Important,Important,Important,,Yes,No,Yes,NONE,NONE
118955967349,Absa Headquarters (KE),Corporate Banking,Yes,Male,45-54,Yes,Yes,,,Not Selected,Work- and work-related stressors,Not Selected,Not Selected,Not Selected,Not Selected,Not Selected,Not Selected,Not Selected,Not Selected,Not Selected,Not Selected,Not Selected,Not Selected,No,,,,,Investment,,,,,,,,,,,,,NONE,Important,Urgent,Important,Urgent,,Yes,No,Yes,NONE,ASK ON MEDICAL REPORT FROM THE CARAVAN
118955983901,Absa Headquarters (KE),CHANGE,Yes,Female,35-44,Yes,Yes,,,Not Selected,Not Selected,Work-life imbalance,Not Selected,Not Selected,Not Selected,Not Selected,Not Selected,Not Selected,Not Selected,Not Selected,Not Selected,Not Selected,Not Selected,No,,,Debt management,,Investment,,,,,,,,,Increased awareness sessions on mental health issues,,,,,Important,Urgent,Not Important.,Important,,Yes,Yes,No,DETAILED,NONE
118955987613,Absa Headquarters (KE),Business Banking,Yes,Male,35-44,Yes,No,,None of the above,Not Selected,Not Selected,Not Selected,Not Selected,Not Selected,Not Selected,Not Selected,Not Selected,Not Selected,Not Selected,Not Selected,Not Selected,Not Selected,Not Selected,No,,,,,,,,,,,,,,,,,,,Important,Important,Not Important.,Important,,Yes,No,Yes,NONE,NONE
118955990412,Absa Headquarters (KE),Business Banking,Yes,Male,35-44,Yes,Yes,,,"Personal challenges (career growth, education)",Not Selected,Not Selected,Not Selected,Not Selected,Not Selected,Not Selected,Not Selected,Not Selected,Not Selected,Not Selected,Not Selected,Not Selected,Not Selected,No,,Personal financial management,,,,,,,,,,,,Increased awareness sessions on mental health issues,,,,,Important,Important,Not Important.,Important,,Yes,Yes,Yes,NONE,NONE
118956015567,Absa Headquarters (KE),Corporate Banking,Yes,Female,45-54,Yes,No,,,Not Selected,Not Selected,Not Selected,Not Selected,Not Selected,Not Selected,Not Selected,Not Selected,Not Selected,Not Selected,Loss and Grief,Not Selected,Not Selected,Not Selected,No,,Personal financial management,,,,,,,,,,,,Increased awareness sessions on mental health issues,,,,,Important,Important,Important,Important,,No,No,Yes,NONE,NONE
118956016968,Absa Headquarters (KE),Business Banking,Yes,Male,45-54,Yes,No,HYBRID,None of the above,Not Selected,Not Selected,Not Selected,Not Selected,Not Selected,Not Selected,Not Selected,Not Selected,Not Selected,Not Selected,Not Selected,Not Selected,Not Selected,Not Selected,No,,,,,,,NONE,,,,,,,,,,,NONE,Important,Important,Not Important.,Important,,No,No,Yes,NONE,NONE
118956023449,Absa Headquarters (KE),Business Banking,Yes,Female,55-64,Yes,Yes,,,"Personal challenges (career growth, education)",Not Selected,Not Selected,Not Selected,Not Selected,Not Selected,Not Selected,Not Selected,Not Selected,Not Selected,Not Selected,Not Selected,Not Selected,Not Selected,Yes,,Personal financial management,,,,,,,,,,,,,Money matters/Financial coaching and literacy sessions,,,,Important,Important,Important,Important,,,Yes,No,WELL DETAILED,NONE
118956037630,Nkrumah Road Branch,Branch Manager,Yes,Male,55-64,Yes,Yes,,None of the above,Not Selected,Not Selected,Not Selected,Not Selected,Not Selected,Not Selected,Not Selected,Not Selected,Not Selected,Not Selected,Not Selected,Not Selected,Not Selected,Not Selected,No,,Personal financial management,Debt management,,,,,,,,,,,Increased awareness sessions on mental health issues,,,,,Important,Important,Important,Important,,Yes,Yes,Yes,WELL DETAILED,NONE
118956044898,Absa Headquarters (KE),Credit,Yes,Female,45-54,Yes,No,,,Not Selected,Work- and work-related stressors,Not Selected,Not Selected,Not Selected,Not Selected,Not Selected,Not Selected,Not Selected,Not Selected,Not Selected,Not Selected,Not Selected,Not Selected,No,,,,Retirement planning,,,,,Health and well-being including lifestyle diseases,,,,,Increased awareness sessions on mental health issues,,"Building healthy relationships at work (colleagues, team leaders, managers)",,,Important,Important,Important,Important,,No,No,Yes,MORE FOCUSED AND INTENTIONAL,NONE
118956091305,Absa Headquarters (KE),Credit,Yes,Female,45-54,Yes,No,HYBRID,,Not Selected,Work- and work-related stressors,Not Selected,Not Selected,Not Selected,Financial challenges,Not Selected,Not Selected,Not Selected,Not Selected,Not Selected,Not Selected,Not Selected,Not Selected,No,,Personal financial management,,,,,,,,,,,,Increased awareness sessions on mental health issues,,,,BURNOUT,Important,Important,Not Important.,Important,,No,No,No,MORE DETAILED,NONE
118956105835,Sarit Centre Prestige,PREMIUM,Yes,Male,45-54,Yes,Yes,,,Not Selected,Work- and work-related stressors,Not Selected,Not Selected,Not Selected,Not Selected,Not Selected,Not Selected,Not Selected,Not Selected,Not Selected,Not Selected,Not Selected,Not Selected,No,,,,,,,,,,,,,,,,,,NONE,Important,Important,Important,Important,,No,No,Yes,NONE,NONE
118956117924,Absa Headquarters (KE),Corporate Banking,Yes,Male,45-54,Yes,No,,,Not Selected,Not Selected,Not Selected,Not Selected,Not Selected,Not Selected,Not Selected,Parenting challenges,Not Selected,Not Selected,Not Selected,Not Selected,Not Selected,Not Selected,No,,Personal financial management,,,,,,,,,,,,,,,,AUTISM,Important,Important,Important,Important,,Yes,No,Yes,NONE,NONE
118956123363,Absa Headquarters (KE),Corporate Banking,Yes,Male,25-34,Yes,Yes,,None of the above,Not Selected,Not Selected,Not Selected,Not Selected,Not Selected,Not Selected,Not Selected,Not Selected,Not Selected,Not Selected,Not Selected,Not Selected,Not Selected,Not Selected,Yes,,,,,,,NONE,,,,,,,,,,,NONE,Important,Important,Not Important.,Important,,Yes,Yes,No,NONE,ENQUIRE ON FAMILY
118956128242,Absa Headquarters (KE),Strategy & Transformation,Yes,Male,25-34,Yes,Yes,,None of the above,Not Selected,Not Selected,Not Selected,Not Selected,Not Selected,Not Selected,Not Selected,Not Selected,Not Selected,Not Selected,Not Selected,Not Selected,Not Selected,Not Selected,Yes,,,,,Investment,,,,,,Men Cave/Women Forum,,,,,,,SUPPORT GROUPS,Not Important.,Not Important.,Not Important.,Not Important.,,Yes,No,Yes,MORE DETAILED,NONE
118956137661,Absa Headquarters (KE),Markets,Yes,Female,35-44,Yes,Yes,,None of the above,Not Selected,Not Selected,Not Selected,Not Selected,Not Selected,Not Selected,Not Selected,Not Selected,Not Selected,Not Selected,Not Selected,Not Selected,Not Selected,Not Selected,No,,,,,,,NONE,,,,,,,Increased awareness sessions on mental health issues,,,,,Important,Important,Important,Important,,Yes,Yes,Yes,WELLNESS FOR DEPENDANTS,NONE
118956149300,Kisii Branch,Branch Manager,Yes,Male,45-54,Yes,Yes,,None of the above,Not Selected,Not Selected,Not Selected,Not Selected,Not Selected,Not Selected,Not Selected,Not Selected,Not Selected,Not Selected,Not Selected,Not Selected,Not Selected,Not Selected,Yes,,Personal financial management,,,,,,,,,,,Parenting and childcare,,,,,,Important,Important,Important,Important,,Yes,Yes,Yes,NONE,NONE
118956157217,Absa Headquarters (KE),asset management,Yes,Male,45-54,Yes,No,,None of the above,Not Selected,Not Selected,Not Selected,Not Selected,Not Selected,Not Selected,Not Selected,Not Selected,Not Selected,Not Selected,Not Selected,Not Selected,Not Selected,Not Selected,No,,,,,Investment,,,,,,,,,Increased awareness sessions on mental health issues,,,,,Important,Important,Important,Important,,Yes,Yes,Yes,MORE ENGAGING,NONE
118956164372,Absa Headquarters (KE),Compliance & Legal,Yes,Female,45-54,Yes,No,BUSY SCHEDULE,None of the above,Not Selected,Not Selected,Not Selected,Not Selected,Not Selected,Not Selected,Not Selected,Not Selected,Not Selected,Not Selected,Not Selected,Not Selected,Not Selected,Not Selected,Yes,,Personal financial management,,,,,,,,,,,,Increased awareness sessions on mental health issues,,,,,Important,Important,Important,Important,,Yes,No,No,NONE,NONE
118956178349,Absa Headquarters (KE),Finance,Yes,Male,35-44,Yes,No,,None of the above,Not Selected,Not Selected,Not Selected,Not Selected,Not Selected,Not Selected,Not Selected,Not Selected,Not Selected,Not Selected,Not Selected,Not Selected,Not Selected,Not Selected,Yes,,,,Retirement planning,,,,,,,Men Cave/Women Forum,,,Increased awareness sessions on mental health issues,,,,,Important,Important,Important,Important,,Yes,Yes,Yes,NONE,NONE
118956774215,Absa Headquarters (KE),Audit,Yes,Male,45-54,Yes,No,I HAD ALREADY DONE,,"Personal challenges (career growth, education)",Not Selected,Not Selected,Not Selected,Not Selected,Not Selected,Not Selected,Not Selected,Not Selected,Not Selected,Not Selected,Not Selected,Not Selected,Not Selected,Yes,,Personal financial management,,,,,,,,,,,,,,,,SENIOR MANAGEMENT SPECIAL WELLNESS,Urgent,Urgent,Not Important.,Urgent,,Yes,Yes,Yes,NONE,NONE
118956777944,DIDNT SPECIFY,Branch Manager,Yes,Male,45-54,Yes,No,,,Not Selected,Work- and work-related stressors,Not Selected,Not Selected,Not Selected,Not Selected,Not Selected,Not Selected,Not Selected,Not Selected,Not Selected,Not Selected,Not Selected,Not Selected,No,,Personal financial management,,,,,,,,,,,,,,"Building healthy relationships at work (colleagues, team leaders, managers)",,,Urgent,Urgent,Important,Urgent,,Yes,Yes,No,NONE,NONE
118956794109,Digo Road Branch,Teller/Cashier,Yes,Male,25-34,Yes,Yes,,None of the above,Not Selected,Not Selected,Not Selected,Not Selected,Not Selected,Not Selected,Not Selected,Not Selected,Not Selected,Not Selected,Not Selected,Not Selected,Not Selected,Not Selected,No,,Personal financial management,,,,,,Anxiety/depression,Health and well-being including lifestyle diseases,,,,,,Money matters/Financial coaching and literacy sessions,,,,Not Important.,Important,Important,Urgent,,Yes,No,,,Kindly ensure sending the feedback of the survey back to the organisation for employees to see.
118956796634,Absa Headquarters (KE),Markets,Yes,Female,35-44,Yes,No,HYBRID,None of the above,Not Selected,Not Selected,Not Selected,Not Selected,Not Selected,Not Selected,Not Selected,Not Selected,Not Selected,Not Selected,Not Selected,Not Selected,Not Selected,Not Selected,No,,,,,,,NONE,,,,,,,,,,,NONE,Important,Not Important.,Not Important.,Important,,Yes,Yes,Yes,NONE,NONE
118956800332,Absa Headquarters (KE),Customer Service,Yes,Female,45-54,Yes,No,,None of the above,Not Selected,Not Selected,Not Selected,Not Selected,Not Selected,Not Selected,Not Selected,Not Selected,Not Selected,Not Selected,Not Selected,Not Selected,Not Selected,Not Selected,No,,Personal financial management,,,,,,,,,,,,,,,,HOW TO ENGAGE WITH AN UPSET CUSTOMER,Important,Important,Urgent,Important,,Yes,No,No,NONE,NONE
118956804505,Absa Headquarters (KE),Markets,Yes,Male,45-54,Yes,Yes,,,Not Selected,Not Selected,Not Selected,Not Selected,Not Selected,Financial challenges,Not Selected,Not Selected,Not Selected,Not Selected,Not Selected,Not Selected,Not Selected,Not Selected,No,,Personal financial management,,,,,,,,,,,,,Money matters/Financial coaching and literacy sessions,,,,Important,Important,Not Important.,Important,,No,No,Yes,NONE,NONE
118956806750,Absa Headquarters (KE),CLEARING,Yes,Female,45-54,Yes,Yes,,None of the above,Not Selected,Not Selected,Not Selected,Not Selected,Not Selected,Not Selected,Not Selected,Not Selected,Not Selected,Not Selected,Not Selected,Not Selected,Not Selected,Not Selected,Yes,,,,,,,NONE,,,,,,,,,,,NONE,Important,Important,Not Important.,Important,,No,No,Yes,NONE,NONE
118956828548,Absa Headquarters (KE),Business Banking,Yes,Female,45-54,Yes,No,,None of the above,Not Selected,Not Selected,Not Selected,Not Selected,Not Selected,Not Selected,Not Selected,Not Selected,Not Selected,Not Selected,Not Selected,Not Selected,Not Selected,Not Selected,No,,,,,,,NONE,,,,,,,Increased awareness sessions on mental health issues,,,,,Important,Important,Not Important.,Important,,No,No,No,NONE,NONE
118956832018,Absa Headquarters (KE),Finance,Yes,Male,35-44,Yes,Yes,,,Not Selected,Work- and work-related stressors,Not Selected,Not Selected,Not Selected,Not Selected,Not Selected,Not Selected,Not Selected,Not Selected,Not Selected,Not Selected,Not Selected,Not Selected,No,,Personal financial management,Debt management,,Investment,,,,,,,,,Increased awareness sessions on mental health issues,Money matters/Financial coaching and literacy sessions,,,,Urgent,Important,Important,Important,,Yes,Yes,Yes,NONE,NONE
118956836554,Absa Headquarters (KE),Credit,Yes,Male,35-44,Yes,Yes,,,Not Selected,Work- and work-related stressors,Not Selected,Not Selected,Not Selected,Not Selected,Not Selected,Not Selected,Not Selected,Not Selected,Not Selected,Not Selected,Not Selected,Not Selected,No,,,,,,,,,,,Men Cave/Women Forum,,,Increased awareness sessions on mental health issues,,,,,Important,Important,Urgent,Important,,Yes,Yes,No,NONE,NONE
118956841228,Absa Headquarters (KE),Corporate Banking,Yes,Male,25-34,No,No,,,Not Selected,Work- and work-related stressors,Not Selected,Not Selected,Not Selected,Not Selected,Not Selected,Not Selected,Not Selected,Not Selected,Not Selected,Not Selected,Not Selected,Not Selected,No,,,,,,,NONE,,,,,,,Increased awareness sessions on mental health issues,,,,,Urgent,Not Important.,,Not Important.,,Yes,Yes,No,NONE,NONE
118956845694,Absa Headquarters (KE),Corporate Banking,Yes,Female,45-54,Yes,Yes,,None of the above,Not Selected,Not Selected,Not Selected,Not Selected,Not Selected,Not Selected,Not Selected,Not Selected,Not Selected,Not Selected,Not Selected,Not Selected,Not Selected,Not Selected,No,,,Debt management,,,,,,,,,,,Increased awareness sessions on mental health issues,Money matters/Financial coaching and literacy sessions,,,,Important,Important,Important,Important,,Yes,No,No,NONE,NONE
118956855231,Absa Headquarters (KE),Audit,Yes,Female,25-34,Yes,No,,,Not Selected,Not Selected,Work-life imbalance,Not Selected,Not Selected,Not Selected,Not Selected,Not Selected,Not Selected,Not Selected,Not Selected,Not Selected,Not Selected,Not Selected,No,,,,,,,NONE,,,,,,,,,,,NONE,Important,Important,Urgent,Important,,No,No,Yes,NONE,NONE
118956887521,Absa Headquarters (KE),COMMERCIAL,Yes,Female,45-54,Yes,No,OFTENLY DO CHECK UP,,Not Selected,Not Selected,Not Selected,Not Selected,Not Selected,Not Selected,Not Selected,Not Selected,Not Selected,Not Selected,Not Selected,Not Selected,"Chronic Diseases (nuclear family, parents, other extended family members",Not Selected,No,,,,,,,NONE,,,,,,,Increased awareness sessions on mental health issues,,,,,Important,Important,Important,Important,,Yes,Yes,Yes,NONE,NONE
118956882413,Absa Headquarters (KE),Corporate Banking,Yes,Male,45-54,Yes,No,,,Not Selected,Work- and work-related stressors,Not Selected,Not Selected,Not Selected,Not Selected,Not Selected,Not Selected,Not Selected,Not Selected,Not Selected,Not Selected,Not Selected,Not Selected,Yes,,Personal financial management,,,,,,,,,,,,Increased awareness sessions on mental health issues,,,,,Urgent,Important,Not Important.,Important,,No,No,Yes,NONE,NONE
118956896973,Absa Headquarters (KE),Business Banking,Yes,Female,55-64,Yes,Yes,,,Not Selected,Work- and work-related stressors,Not Selected,Not Selected,Not Selected,Not Selected,Not Selected,Not Selected,Not Selected,Not Selected,Not Selected,Not Selected,Not Selected,Not Selected,No,,,,Retirement planning,,,,,,,,,,,,,,NONE,Urgent,Important,Important,Important,,Yes,Yes,Yes,NONE,NONE
118956915676,Nakuru East Branch,Branch Manager,Yes,Male,45-54,Yes,Yes,,None of the above,Not Selected,Not Selected,Not Selected,Not Selected,Not Selected,Not Selected,Not Selected,Not Selected,Not Selected,Not Selected,Not Selected,Not Selected,Not Selected,Not Selected,,,Personal financial management,,,,,,,,,,,,Increased awareness sessions on mental health issues,,,,,Important,Important,Not Important.,Important,,Yes,Yes,Yes,NONE,NONE
118956919380,Absa Headquarters (KE),Corporate Banking,Yes,Male,45-54,Yes,Yes,,None of the above,Not Selected,Not Selected,Not Selected,Not Selected,Not Selected,Not Selected,Not Selected,Not Selected,Not Selected,Not Selected,Not Selected,Not Selected,Not Selected,Not Selected,No,,,,,,,NONE,,,,,,,Increased awareness sessions on mental health issues,,,,,Important,Important,Important,Important,,Yes,Yes,Yes,NONE,NONE
118956923951,Absa Headquarters (KE),Business Banking,Yes,Male,45-54,Yes,Yes,,None of the above,Not Selected,Not Selected,Not Selected,Not Selected,Not Selected,Not Selected,Not Selected,Not Selected,Not Selected,Not Selected,Not Selected,Not Selected,Not Selected,Not Selected,Yes,,,,,,,NONE,,,,,,,,,,,NONE,Important,Important,,Important,,No,No,Yes,NONE,NONE
118956928104,Absa Headquarters (KE),SME,Yes,Male,35-44,Yes,Yes,,None of the above,Not Selected,Not Selected,Not Selected,Not Selected,Not Selected,Not Selected,Not Selected,Not Selected,Not Selected,Not Selected,Not Selected,Not Selected,Not Selected,Not Selected,Yes,,Personal financial management,,,,,,,,,,,,,,,,NONE,Important,Important,Important,Important,,No,No,Yes,NONE,NONE
118956944278,Absa Headquarters (KE),HUMAN CAPITAL,Yes,Female,45-54,Yes,No,,,Not Selected,Work- and work-related stressors,Not Selected,Not Selected,Not Selected,Not Selected,Not Selected,Not Selected,Not Selected,Not Selected,Not Selected,Not Selected,Not Selected,Not Selected,No,,,,Retirement planning,,,,,,,,,,,,,,WORK LIFE INTEGRATION,Important,Important,Important,Important,,No,No,Yes,NONE,NONE
118956951838,Absa Headquarters (KE),Finance,Yes,Female,35-44,Yes,No,,,Not Selected,Work- and work-related stressors,Not Selected,Not Selected,Not Selected,Not Selected,Not Selected,Not Selected,Not Selected,Not Selected,Not Selected,Not Selected,Not Selected,Not Selected,No,,,,,,,,,,,,,,Increased awareness sessions on mental health issues,,,,,Urgent,Urgent,Not Important.,Urgent,,No,No,Yes,NONE,NONE
118956965747,Absa Headquarters (KE),Credit,Yes,Female,45-54,Yes,Yes,,,Not Selected,Work- and work-related stressors,Not Selected,Not Selected,Not Selected,Not Selected,Not Selected,Not Selected,Not Selected,Not Selected,Not Selected,Not Selected,"Chronic Diseases (nuclear family, parents, other extended family members",Not Selected,No,,Personal financial management,,,,,,,,,,,,Increased awareness sessions on mental health issues,,,,,Important,Important,Important,Important,,Yes,Yes,No,NONE,NONE
118956969412,Absa Headquarters (KE),Business Banking,Yes,Male,45-54,Yes,Yes,,None of the above,Not Selected,Not Selected,Not Selected,Not Selected,Not Selected,Not Selected,Not Selected,Not Selected,Not Selected,Not Selected,Not Selected,Not Selected,Not Selected,Not Selected,Yes,,,,,,,NONE,,,,,,,Increased awareness sessions on mental health issues,,,,,Important,Important,Not Important.,Important,,Yes,Yes,Yes,RELEVANT QUESTIONS,NONE
118956974129,Absa Headquarters (KE),Compliance & Legal,Yes,Female,35-44,Yes,Yes,,None of the above,Not Selected,Not Selected,Not Selected,Not Selected,Not Selected,Not Selected,Not Selected,Not Selected,Not Selected,Not Selected,Not Selected,Not Selected,Not Selected,Not Selected,No,,,,,,,NONE,,,,,,,Increased awareness sessions on mental health issues,,,,,Important,Important,Not Important.,Important,,Yes,No,Yes,NONE,NONE
118958187221,Absa Headquarters (KE),Bancassurance,Yes,Male,45-54,Yes,Yes,,None of the above,Not Selected,Not Selected,Not Selected,Not Selected,Not Selected,Not Selected,Not Selected,Not Selected,Not Selected,Not Selected,Not Selected,Not Selected,Not Selected,Not Selected,No,,,,,,,NONE,,,,,,,,,,,BURNOUT,Important,Important,Important,Important,,No,No,Yes,NONE,NONE
118958245633,Absa Headquarters (KE),DESIRE TO REMAIN ANONYMOUS,Yes,Male,45-54,Yes,Yes,,None of the above,Not Selected,Not Selected,Not Selected,Not Selected,Not Selected,Not Selected,Not Selected,Not Selected,Not Selected,Not Selected,Not Selected,Not Selected,Not Selected,Not Selected,No,,,,,,,NONE,,,,,,,,,,,NONE,Important,Important,Not Important.,Important,,No,No,Yes,NONE,NONE
118958251571,Absa Headquarters (KE),Business Banking,Yes,Female,45-54,Yes,Yes,,,Not Selected,Not Selected,Not Selected,Not Selected,Not Selected,Not Selected,Not Selected,Not Selected,Not Selected,Not Selected,Not Selected,Not Selected,"Chronic Diseases (nuclear family, parents, other extended family members",Not Selected,Yes,,,,Retirement planning,,,,,,,,,,,,,,RETIREMENT PREPATION,Important,Important,Important,Important,,Yes,Yes,Yes,MORE ENGAGING,NONE
118958256017,Absa Headquarters (KE),Business Banking,Yes,Male,45-54,Yes,Yes,,,Not Selected,Not Selected,Not Selected,Not Selected,Not Selected,Not Selected,Not Selected,Not Selected,Not Selected,Not Selected,Not Selected,Not Selected,"Chronic Diseases (nuclear family, parents, other extended family members",Not Selected,No,,,,,Investment,,,,,,,,,Increased awareness sessions on mental health issues,,,,,Important,Important,,Important,,Yes,Yes,No,NONE,ECONOMIC CHANGES
118958261851,Absa Headquarters (KE),Business Banking,Yes,Male,45-54,Yes,Yes,,,Not Selected,Not Selected,Not Selected,Not Selected,Not Selected,Not Selected,Not Selected,Not Selected,Not Selected,Not Selected,Loss and Grief,Not Selected,Not Selected,Not Selected,Yes,,,,,,,NONE,,,,,,,,,,,LOSS AND GRIEF,Important,Important,Important,Important,,Yes,Yes,Yes,NONE,NONE
118958267512,Absa Headquarters (KE),Corporate Banking,Yes,Male,45-54,Yes,Yes,,None of the above,Not Selected,Not Selected,Not Selected,Not Selected,Not Selected,Not Selected,Not Selected,Not Selected,Not Selected,Not Selected,Not Selected,Not Selected,Not Selected,Not Selected,No,,,,,,,NONE,,,,,,,Increased awareness sessions on mental health issues,,,,,Important,Important,Not Important.,Important,,Yes,Yes,No,NONE,NONE
118958271622,Absa Headquarters (KE),Compliance & Legal,Yes,Male,45-54,Yes,Yes,,None of the above,Not Selected,Not Selected,Not Selected,Not Selected,Not Selected,Not Selected,Not Selected,Not Selected,Not Selected,Not Selected,Not Selected,Not Selected,Not Selected,Not Selected,No,,,,,,,NONE,,,,,,,,,,,NONE,Important,Important,Not Important.,Important,,No,No,No,NONE,NONE
118958273138,Absa Headquarters (KE),Finance,Yes,Male,45-54,Yes,Yes,,None of the above,Not Selected,Not Selected,Not Selected,Not Selected,Not Selected,Not Selected,Not Selected,Not Selected,Not Selected,Not Selected,Not Selected,Not Selected,Not Selected,Not Selected,No,,,,,,,,,,,,,,Increased awareness sessions on mental health issues,,,,LOSS AND GRIEF,Important,Important,Important,Important,,Yes,No,No,MORE RELEVANT QUESTIONS,NONE
118958279836,Bishops Gate,ACQUIRY,Yes,Male,45-54,Yes,Yes,,,Not Selected,Work- and work-related stressors,Not Selected,Not Selected,Not Selected,Not Selected,Not Selected,Not Selected,Not Selected,Not Selected,Not Selected,Not Selected,Not Selected,Not Selected,No,,Personal financial management,,,,,,,,,,,,,,,,DEALING WITH GENZ,Important,Important,Important,Important,,Yes,Yes,No,NONE,NONE
118958300423,Absa Headquarters (KE),Retail,Yes,Male,45-54,Yes,Yes,,,Not Selected,Work- and work-related stressors,Not Selected,Not Selected,Not Selected,Not Selected,Not Selected,Not Selected,Not Selected,Not Selected,Not Selected,Not Selected,Not Selected,Not Selected,No,,,,,,,NONE,,,,,,,Increased awareness sessions on mental health issues,,,,,Important,Important,Important,Important,,Yes,Yes,Yes,NONE,NONE
118958303292,Absa Headquarters (KE),CHANGE,Yes,Male,45-54,Yes,Yes,,,Not Selected,Work- and work-related stressors,Not Selected,Not Selected,Not Selected,Not Selected,Not Selected,Not Selected,Not Selected,Not Selected,Not Selected,Not Selected,Not Selected,Not Selected,No,,,,,Investment,,,,,,,,,Increased awareness sessions on mental health issues,,,,BURNOUT,Important,Important,Important,Important,,No,Yes,Yes,NONE,NONE
118958305048,Absa Headquarters (KE),Corporate Banking,Yes,Female,45-54,Yes,Yes,,,Not Selected,Work- and work-related stressors,Not Selected,Not Selected,Not Selected,Not Selected,Not Selected,Not Selected,Not Selected,Not Selected,Not Selected,Not Selected,Not Selected,Not Selected,No,,,,,,,ALL ASPECT,,,,,,,Increased awareness sessions on mental health issues,,,,,Urgent,Important,Important,Important,,Yes,Yes,No,NONE,NONE
118958309420,Absa Headquarters (KE),Corporate Banking,Yes,Female,45-54,Yes,Yes,,None of the above,Not Selected,Not Selected,Not Selected,Not Selected,Not Selected,Not Selected,Not Selected,Not Selected,Not Selected,Not Selected,Not Selected,Not Selected,Not Selected,Not Selected,No,,,,,,,,,,,,,,,,,,SESSIONS FOR DIFFERENT AGE GROUP,Important,Important,Not Important.,Important,,Yes,Yes,Yes,NONE,NONE
118958320163,Absa Headquarters (KE),Compliance & Legal,Yes,Male,45-54,Yes,No,,None of the above,Not Selected,Not Selected,Not Selected,Not Selected,Not Selected,Not Selected,Not Selected,Not Selected,Not Selected,Not Selected,Not Selected,Not Selected,Not Selected,Not Selected,No,,,,,,,NONE,,,,,,,,,,,NONE,Important,Important,Not Important.,Important,,Yes,Yes,Yes,NONE,NONE
118958326258,ABC Place Prestige Branch,Sales,Yes,Female,45-54,Yes,Yes,,None of the above,Not Selected,Not Selected,Not Selected,Not Selected,Not Selected,Not Selected,Not Selected,Not Selected,Not Selected,Not Selected,Not Selected,Not Selected,Not Selected,Not Selected,Yes,,,,,,,NONE,,,,,,,,,,,NONE,Important,Important,Not Important.,Important,,No,No,No,NONE,NONE
118958333114,Absa Headquarters (KE),Finance,Yes,Male,35-44,Yes,No,,,Not Selected,Not Selected,Not Selected,Not Selected,Not Selected,Not Selected,Not Selected,Not Selected,Not Selected,Not Selected,Not Selected,Not Selected,"Chronic Diseases (nuclear family, parents, other extended family members",Not Selected,No,,,,,,,NONE,,Health and well-being including lifestyle diseases,,,,,,,,,,,Important,Important,Important,,No,No,Yes,NONE,NONE
118958347246,Absa Plaza,WEALTH,Yes,Female,45-54,Yes,Yes,,,Not Selected,Not Selected,Not Selected,Not Selected,Not Selected,Not Selected,Not Selected,Not Selected,Not Selected,Not Selected,Not Selected,Not Selected,Not Selected,Not Selected,No,,,,Retirement planning,,,,,,,,,,,Money matters/Financial coaching and literacy sessions,,,,Important,Important,Important,Important,,Yes,Yes,No,NONE,NONE
118958352239,Absa Headquarters (KE),Markets,Yes,Male,45-54,Yes,Yes,,None of the above,Not Selected,Not Selected,Not Selected,Not Selected,Not Selected,Not Selected,Not Selected,Not Selected,Not Selected,Not Selected,Not Selected,Not Selected,Not Selected,Not Selected,No,,,,,,,NONE,,,,,,,,,,,NONE,Important,Important,Important,Important,,No,No,Yes,NONE,NONE
118958401762,Nkrumah Road Branch,Credit,Yes,Male,45-54,Yes,Yes,,None of the above,Not Selected,Not Selected,Not Selected,Not Selected,Not Selected,Not Selected,Not Selected,Not Selected,Not Selected,Not Selected,Not Selected,Not Selected,Not Selected,Not Selected,No,,Personal financial management,,,,,,,,,,,,Increased awareness sessions on mental health issues,,,,,Urgent,Important,Important,Important,,Yes,Yes,Yes,TOTAL WELLNESS,NONE
118958404823,Eldoret Branch,Business Banking,Yes,Male,45-54,Yes,Yes,,None of the above,Not Selected,Not Selected,Not Selected,Not Selected,Not Selected,Not Selected,Not Selected,Not Selected,Not Selected,Not Selected,Not Selected,Not Selected,Not Selected,Not Selected,No,,,,,,,NONE,,,,,,,,,,,NONE,Important,Important,Not Important.,Important,,Yes,Yes,Yes,NONE,NONE
118958414705,Absa Headquarters (KE),Corporate Banking,Yes,Female,45-54,Yes,Yes,,None of the above,Not Selected,Not Selected,Not Selected,Not Selected,Not Selected,Not Selected,Not Selected,Not Selected,Not Selected,Not Selected,Not Selected,Not Selected,Not Selected,Not Selected,No,,,,,,,NONE,,,,,,,Increased awareness sessions on mental health issues,,,,,Not Important.,Not Important.,Not Important.,Important,,Yes,Yes,Yes,NONE,WORK PRESSURE
118958423274,Absa Headquarters (KE),Compliance & Legal,Yes,Female,55-64,Yes,No,,None of the above,Not Selected,Not Selected,Not Selected,Not Selected,Not Selected,Not Selected,Not Selected,Not Selected,Not Selected,Not Selected,Not Selected,Not Selected,Not Selected,Not Selected,No,,,,,,,NONE,,,,Men Cave/Women Forum,,,,,,,- MENOPAUSE FOR ALL ,Important,Important,,Important,,No,No,Yes,NONE,NONE
118958431700,Absa Headquarters (KE),Corporate Banking,Yes,Female,55-64,Yes,Yes,,None of the above,Not Selected,Not Selected,Not Selected,Not Selected,Not Selected,Not Selected,Not Selected,Not Selected,Not Selected,Not Selected,Not Selected,Not Selected,Not Selected,Not Selected,Yes,,,,Retirement planning,,,,,,,,,,,,,,RETIREMENT PREPATION,Important,Important,Important,Important,,No,No,Yes,NONE,NONE
118958460895,Nyali Branch,Sales,Yes,Female,35-44,Yes,Yes,,,Not Selected,Work- and work-related stressors,Not Selected,Not Selected,Not Selected,Not Selected,Not Selected,Not Selected,Not Selected,Not Selected,Not Selected,Not Selected,Not Selected,Not Selected,Yes,,Personal financial management,,,,,,,,,,,,Increased awareness sessions on mental health issues,,,,BURNOUT,Important,Important,Not Important.,Important,,Yes,Yes,No,NONE,NONE
118959113389,Sarit Centre Prestige,PREFERS NOT TO SHARE,Yes,Female,35-44,Yes,Yes,,None of the above,Not Selected,Not Selected,Not Selected,Not Selected,Not Selected,Not Selected,Not Selected,Not Selected,Not Selected,Not Selected,Not Selected,Not Selected,Not Selected,Not Selected,No,,,,,,,NONE,,,,,,,,,,,NONE,Important,Important,Important,Important,,Yes,Yes,No,NONE,NONE
118959118518,Digo Road Branch,PREFERS NOT TO SHARE,Yes,Female,45-54,Yes,Yes,,,Not Selected,Work- and work-related stressors,Not Selected,Not Selected,Not Selected,Not Selected,Not Selected,Not Selected,Not Selected,Not Selected,Not Selected,Not Selected,"Chronic Diseases (nuclear family, parents, other extended family members",Not Selected,No,,,,,,,NONE,,Health and well-being including lifestyle diseases,,,,,,,,,,Important,Important,Important,Important,,Yes,Yes,Yes,NONE,NONE
118959122761,Absa Headquarters (KE),Audit,Yes,Male,45-54,Yes,Yes,,,Not Selected,Work- and work-related stressors,Not Selected,Not Selected,Not Selected,Not Selected,Not Selected,Not Selected,Not Selected,Not Selected,Not Selected,Not Selected,Not Selected,Not Selected,No,,Personal financial management,,,,,,,,,,,,,,,,BURNOUT,Urgent,Urgent,Important,Urgent,,Yes,Yes,No,NONE,NONE
118959127793,Market Branch,Finance,Yes,Female,35-44,Yes,Yes,,None of the above,Not Selected,Not Selected,Not Selected,Not Selected,Not Selected,Not Selected,Not Selected,Not Selected,Not Selected,Not Selected,Not Selected,Not Selected,Not Selected,Not Selected,Yes,,,,,,,,,,,,,,Increased awareness sessions on mental health issues,,,,,Important,Urgent,Important,Urgent,,Yes,Yes,No,NONE,NONE
118959131583,Absa Headquarters (KE),Business Banking,Yes,Male,45-54,Yes,Yes,,,Not Selected,Work- and work-related stressors,Not Selected,Not Selected,Not Selected,Financial challenges,Not Selected,Not Selected,Not Selected,Not Selected,Not Selected,Not Selected,Not Selected,Not Selected,Yes,,,,,,,NONE,,,,,,,Increased awareness sessions on mental health issues,,,,,Urgent,Urgent,Not Important.,Urgent,,Yes,Yes,Yes,NONE,NONE
118959141308,Bishops Gate,Corporate Banking,Yes,Male,55-64,Yes,Yes,,,Not Selected,Not Selected,Not Selected,Not Selected,Not Selected,Not Selected,Not Selected,Parenting challenges,Not Selected,Not Selected,Not Selected,Not Selected,Not Selected,Not Selected,No,,,,,Investment,,,,,,,,Parenting and childcare,,,,,,Important,Important,Important,Important,,Yes,Yes,Yes,NONE,NONE
118959142343,Absa Headquarters (KE),Business Banking,Yes,Male,45-54,Yes,Yes,,None of the above,Not Selected,Not Selected,Not Selected,Not Selected,Not Selected,Not Selected,Not Selected,Not Selected,Not Selected,Not Selected,Not Selected,Not Selected,Not Selected,Not Selected,No,,,,,,,NONE,,,,,,,,,,,NONE,Important,Important,Not Important.,Important,,No,No,No,NONE,NONE
118959145408,Absa Headquarters (KE),Corporate Banking,Yes,Female,45-54,Yes,Yes,,None of the above,Not Selected,Not Selected,Not Selected,Not Selected,Not Selected,Not Selected,Not Selected,Not Selected,Not Selected,Not Selected,Not Selected,Not Selected,Not Selected,Not Selected,Yes,,,,,,,NONE,,,,,,,Increased awareness sessions on mental health issues,,,,,Important,Important,Not Important.,Important,,No,No,Yes,NONE,NONE
118959151440,Absa Headquarters (KE),Customer Service,Yes,Male,45-54,Yes,Yes,,,Not Selected,Not Selected,Not Selected,Not Selected,Not Selected,Financial challenges,Not Selected,Not Selected,Not Selected,Not Selected,Not Selected,Not Selected,Not Selected,Not Selected,Yes,,,,,Investment,,,,,,Men Cave/Women Forum,,,,,,,SESSIONS WITH YOUNGER COLLEAGUES,Urgent,Urgent,Urgent,Urgent,,Yes,Yes,Yes,NONE,NONE
118959154081,Absa Headquarters (KE),Business Banking,Yes,Male,45-54,Yes,No,,None of the above,Not Selected,Not Selected,Not Selected,Not Selected,Not Selected,Not Selected,Not Selected,Not Selected,Not Selected,Not Selected,Not Selected,Not Selected,Not Selected,Not Selected,No,,,,,,,NONE,,,,,,,,,,,NONE,Important,Important,Important,Important,,Yes,Yes,Yes,NONE,NONE
118959160173,Absa Headquarters (KE),Risk,Yes,Female,45-54,Yes,Yes,,,Not Selected,Not Selected,Not Selected,Not Selected,Not Selected,Financial challenges,Not Selected,Not Selected,Not Selected,Not Selected,Not Selected,Not Selected,Not Selected,Not Selected,No,,,,,,,NONE,,,,,,,Increased awareness sessions on mental health issues,,,,LOSS AND GRIEF,Important,Important,Not Important.,Urgent,,Yes,Yes,Yes,NONE,NONE
118958448321,Absa Headquarters (KE),Corporate Banking,Yes,Male,45-54,Yes,Yes,,,Not Selected,Work- and work-related stressors,Not Selected,Not Selected,Not Selected,Not Selected,Not Selected,Not Selected,Not Selected,Not Selected,Not Selected,Not Selected,Not Selected,Not Selected,Yes,,,,,,,,,,,,,,Increased awareness sessions on mental health issues,,,,,Important,Important,Not Important.,Important,,Yes,Yes,Yes,NONE,NONE
118959208503,Absa Headquarters (KE),Finance,Yes,Female,55-64,Yes,No,,,Not Selected,Not Selected,Not Selected,Not Selected,Not Selected,Not Selected,Not Selected,Not Selected,Not Selected,Not Selected,Loss and Grief,Not Selected,Not Selected,Not Selected,Yes,,,,,,,NONE,,,,,,,Increased awareness sessions on mental health issues,,,,,Important,Important,Important,Important,,Yes,Yes,Yes,NONE,NONE
118959210004,Nkrumah Road Branch,Corporate Banking,Yes,Male,45-54,Yes,Yes,,None of the above,Not Selected,Not Selected,Not Selected,Not Selected,Not Selected,Not Selected,Not Selected,Not Selected,Not Selected,Not Selected,Not Selected,Not Selected,Not Selected,Not Selected,No,,,,,,,NONE,,,,,,,,,,,NONE,Urgent,Urgent,Not Important.,Urgent,,Yes,Yes,Yes,WELL DETAILED,NONE
118959211248,Absa Headquarters (KE),COO,Yes,Female,55-64,Yes,No,JOINED THE BANKN RECENTLY,,"Personal challenges (career growth, education)",Not Selected,Not Selected,Not Selected,Not Selected,Not Selected,Not Selected,Not Selected,Not Selected,Not Selected,Not Selected,Not Selected,Not Selected,Not Selected,No,HAVE PERSONAL THERAPIST,,,,,,NONE,,,,Men Cave/Women Forum,,,,,,,IMPOSTER SYDROME,Urgent,Urgent,Important,Urgent,,No,No,No,RECENLY JOINED THE ORGANISATION,NONE
118959213242,Absa Headquarters (KE),Business Banking,Yes,Male,45-54,Yes,Yes,,None of the above,Not Selected,Not Selected,Not Selected,Not Selected,Not Selected,Not Selected,Not Selected,Not Selected,Not Selected,Not Selected,Not Selected,Not Selected,Not Selected,Not Selected,No,MANAGING WELL,,,,,,NONE,,,,,,,,,,,NONE,Urgent,Urgent,Not Important.,Urgent,,No,No,Yes,NONE,NONE
118959308237,Absa Headquarters (KE),Finance,Yes,Female,45-54,Yes,No,,None of the above,Not Selected,Not Selected,Not Selected,Not Selected,Not Selected,Not Selected,Not Selected,Not Selected,Not Selected,Not Selected,Not Selected,Not Selected,Not Selected,Not Selected,No,,,,,,,FINANCES PHILOSOPHY,,,,,,,Increased awareness sessions on mental health issues,,,,,Important,Important,Not Important.,Important,,No,No,Yes,NONE,NONE
118959326727,Absa Headquarters (KE),Markets,Yes,Female,45-54,Yes,Yes,,None of the above,Not Selected,Not Selected,Not Selected,Not Selected,Not Selected,Not Selected,Not Selected,Not Selected,Not Selected,Not Selected,Not Selected,Not Selected,Not Selected,Not Selected,No,,,,,,,NONE,,,,,,,Increased awareness sessions on mental health issues,,,,,Important,Important,Not Important.,Important,,Yes,Yes,Yes,NWELL DETAILED,NONE
118959329196,Absa Headquarters (KE),TID,Yes,Female,45-54,Yes,Yes,,None of the above,Not Selected,Not Selected,Not Selected,Not Selected,Not Selected,Not Selected,Not Selected,Not Selected,Not Selected,Not Selected,Not Selected,Not Selected,Not Selected,Not Selected,No,,,,,,,NONE,,,,,,,Increased awareness sessions on mental health issues,,,,,Important,Important,Important,Important,,Yes,Yes,No,NONE,NONE
118959331850,Absa Headquarters (KE),ACCESS,Yes,Male,45-54,Yes,Yes,,,Not Selected,Not Selected,Not Selected,Not Selected,Not Selected,Not Selected,Not Selected,Not Selected,Not Selected,Not Selected,Loss and Grief,Not Selected,Not Selected,Not Selected,Yes,,,,,,,NONE,,,,,,,,,,,LOSS AND GRIEF,Important,Important,Important,Important,,No,No,Yes,NONE,NONE
118959333544,Bishops Gate,Customer Service,Yes,Female,45-54,Yes,No,DOES PRIVATELY,,Not Selected,Work- and work-related stressors,Not Selected,Not Selected,Not Selected,Not Selected,Not Selected,Not Selected,Not Selected,Not Selected,Not Selected,Not Selected,Not Selected,Not Selected,No,MANAGING WELL,,,,,,NONE,,,,,,,Increased awareness sessions on mental health issues,,,,,Important,Important,Not Important.,Important,,Yes,Yes,Yes,WELL DETAILED,NONE
118959336317,Absa Headquarters (KE),SECURITY,Yes,Male,45-54,Yes,Yes,,,Not Selected,Not Selected,Not Selected,Not Selected,Not Selected,Financial challenges,Not Selected,Not Selected,Not Selected,Not Selected,Not Selected,Not Selected,"Chronic Diseases (nuclear family, parents, other extended family members",Not Selected,No,,Personal financial management,,,,,,,,,,,,,,,,CAREGIVING,Urgent,Urgent,Not Important.,Urgent,,No,No,Yes,NONE,NONE
118959957693,Absa Headquarters (KE),Corporate Banking,Yes,Female,45-54,Yes,Yes,,,"Personal challenges (career growth, education)",Not Selected,Not Selected,Not Selected,Not Selected,Not Selected,Not Selected,Not Selected,Not Selected,Not Selected,Not Selected,Not Selected,Not Selected,Not Selected,Yes,,Personal financial management,,,,,,,,,,Building healthy relationships/marriages,,,,,,,Important,Important,Important,Important,,Yes,No,Yes,WELL DETAILED,NONE
118959958650,Absa Headquarters (KE),Corporate Banking,Yes,Female,45-54,Yes,No,PRIVATELY DONE,,Not Selected,Work- and work-related stressors,Not Selected,Not Selected,Not Selected,Not Selected,Not Selected,Not Selected,Not Selected,Not Selected,Not Selected,Not Selected,Not Selected,Not Selected,No,,,,,,,NONE,,,,,,,,,,,NONE,Important,Important,Important,Important,,No,No,Yes,NONE,NONE
118959963117,Absa Plaza,Corporate Banking,Yes,Male,45-54,Yes,No,,,"Personal challenges (career growth, education)",Not Selected,Not Selected,Not Selected,Not Selected,Not Selected,Not Selected,Not Selected,Not Selected,Not Selected,Not Selected,Not Selected,Not Selected,Not Selected,Yes,,,,,,,NONE,,,,,,,Increased awareness sessions on mental health issues,,,,,Not Important.,Not Important.,Not Important.,Important,,Yes,Yes,Yes,WELL DETAILED,NONE
118959966724,Absa Headquarters (KE),DIGITAL,Yes,Male,45-54,Yes,Yes,,,"Personal challenges (career growth, education)",Not Selected,Not Selected,Not Selected,Not Selected,Not Selected,Not Selected,Not Selected,Not Selected,Not Selected,Not Selected,Not Selected,Not Selected,Not Selected,No,MANAGING WELL,Personal financial management,,,,,,,,,,,,,,,,CHRONIC DISEASES TALK LIKE SICKLE CELL,Important,Important,Not Important.,Important,,Yes,No,Yes,WELL DETAILED,NONE
118960047884,Absa Headquarters (KE),Credit,Yes,Female,45-54,Yes,Yes,,,Not Selected,Work- and work-related stressors,Not Selected,Not Selected,Not Selected,Not Selected,Not Selected,Not Selected,Not Selected,Not Selected,Not Selected,Not Selected,Not Selected,Not Selected,No,,,,,,,NONE,,,,,,,Increased awareness sessions on mental health issues,,,,CHILDREN ABLED DIFFERENTLY,Urgent,Important,Not Important.,Important,,Yes,No,Yes,NONE,NONE
118960083131,Absa Headquarters (KE),Corporate Banking,Yes,Male,35-44,Yes,No,JOINED RECENTLY,,Not Selected,Not Selected,Not Selected,Not Selected,Not Selected,Financial challenges,Not Selected,Not Selected,Not Selected,Not Selected,Not Selected,Not Selected,Not Selected,Not Selected,No,,,,,,,NONE,,,,,,,Increased awareness sessions on mental health issues,,,,,Important,Important,Not Important.,Important,,Yes,No,No,NONE,NONE
118960084773,Bishops Gate,INVESTIGATIONS,Yes,Male,45-54,Yes,Yes,,,Not Selected,Work- and work-related stressors,Not Selected,Not Selected,Not Selected,Not Selected,Not Selected,Not Selected,Not Selected,Not Selected,Not Selected,Not Selected,Not Selected,Not Selected,No,,,,Retirement planning,Investment,,,,,,,,,,,,,STRESS MANAGEMENT,Urgent,Urgent,Important,Urgent,,Yes,Yes,Yes,WELL DETAILED,NONE
118960085929,Absa Headquarters (KE),Business Banking,Yes,Male,45-54,Yes,No,BOOKEDV PRIVATELY,,Not Selected,Work- and work-related stressors,Not Selected,Not Selected,Not Selected,Not Selected,Not Selected,Not Selected,Not Selected,Not Selected,Not Selected,Not Selected,Not Selected,Not Selected,No,,,,,,,NONE,,,,,,,,,,,LOSS AND GRIEF,Important,Urgent,Important,Urgent,,Yes,Yes,No,NONE,NONE
118960088847,Absa Headquarters (KE),Business Banking,Yes,Female,45-54,Yes,Yes,,,Not Selected,Work- and work-related stressors,Not Selected,Not Selected,Not Selected,Not Selected,Not Selected,Not Selected,Not Selected,Not Selected,Not Selected,Not Selected,Not Selected,Not Selected,No,,,,,Investment,,,,,,,,,,,,,WORK LIFE INTEGRATION,Important,Urgent,Important,Urgent,,Yes,No,No,NONE,NONE
118960090766,Absa Headquarters (KE),Markets,Yes,Female,45-54,Yes,No,,None of the above,Not Selected,Not Selected,Not Selected,Not Selected,Not Selected,Not Selected,Not Selected,Not Selected,Not Selected,Not Selected,Not Selected,Not Selected,Not Selected,Not Selected,No,,,Debt management,,Investment,,,,,,,,,Increased awareness sessions on mental health issues,,,,,Important,Important,Important,Important,,Yes,Yes,No,NONE,NONE
118960101587,Harambee,Branch Manager,Yes,Male,45-54,Yes,No,,,Not Selected,Work- and work-related stressors,Not Selected,Not Selected,Not Selected,Not Selected,Not Selected,Not Selected,Not Selected,Not Selected,Not Selected,Not Selected,Not Selected,Not Selected,Yes,,Personal financial management,Debt management,,,,FINANCIAL DISCIPLINE,Anxiety/depression,,,,,,,Money matters/Financial coaching and literacy sessions,,,SUICIDE,Important,Important,Important,Important,,Yes,Yes,No,NONE,NONE
118960111846,Absa Headquarters (KE),Risk,Yes,Female,25-34,Yes,Yes,,,"Personal challenges (career growth, education)",Not Selected,Not Selected,Not Selected,Not Selected,Not Selected,Not Selected,Not Selected,Not Selected,Not Selected,Not Selected,Not Selected,Not Selected,Not Selected,Yes,,,,,,,NONE,,,,,,,Increased awareness sessions on mental health issues,,,,,Important,Important,Not Important.,Important,,No,No,No,NONE,NONE
118960116809,Absa Headquarters (KE),production,Yes,Female,35-44,Yes,No,,,Not Selected,Work- and work-related stressors,Not Selected,Not Selected,Not Selected,Not Selected,Not Selected,Not Selected,Not Selected,Not Selected,Not Selected,Not Selected,Not Selected,Not Selected,No,,Personal financial management,,,,,,,,,,,,,,,,"BURNOUT, ",Important,Important,Not Important.,Important,,Yes,No,Yes,NONE,NONE
118960123175,Absa Headquarters (KE),Finance,Yes,Male,35-44,Yes,Yes,,None of the above,Not Selected,Not Selected,Not Selected,Not Selected,Not Selected,Not Selected,Not Selected,Not Selected,Not Selected,Not Selected,Not Selected,Not Selected,Not Selected,Not Selected,Yes,,,,,Investment,,,,Health and well-being including lifestyle diseases,,,,,,,,,,Important,Important,Important,Important,,No,No,No,NONE,NONE
118960130429,Absa Headquarters (KE),Business Banking,Yes,Female,45-54,Yes,Yes,,,Not Selected,Work- and work-related stressors,Not Selected,Not Selected,Not Selected,Not Selected,Not Selected,Not Selected,Not Selected,Not Selected,Not Selected,Not Selected,Not Selected,Not Selected,No,,,,,,,ALL ASPECT,,Health and well-being including lifestyle diseases,,,,,Increased awareness sessions on mental health issues,,,,,Urgent,Urgent,Not Important.,Important,,No,No,Yes,WELL DETAILED,NONE
118960136149,Absa Headquarters (KE),Business Banking,Yes,Male,45-54,Yes,No,,None of the above,Not Selected,Not Selected,Not Selected,Not Selected,Not Selected,Not Selected,Not Selected,Not Selected,Not Selected,Not Selected,Not Selected,Not Selected,Not Selected,Not Selected,No,MANAGING WELL,,,,,,NONE,,,,,,,Increased awareness sessions on mental health issues,,,,,Important,Urgent,Not Important.,Important,,No,No,Yes,MORE ENGAGING,NONE
118960145971,Absa Headquarters (KE),Risk,Yes,Female,45-54,Yes,No,,,"Personal challenges (career growth, education)",Not Selected,Not Selected,Not Selected,Not Selected,Not Selected,Not Selected,Not Selected,Not Selected,Not Selected,Not Selected,Not Selected,Not Selected,Not Selected,No,,,,,,,NONE,,,,,,,Increased awareness sessions on mental health issues,,,,,Urgent,Urgent,Important,Urgent,,Yes,No,Yes,ENGAGING,NONE
118960153430,Absa Headquarters (KE),Sales,Yes,Female,45-54,Yes,No,BUSY SCHEDULE,None of the above,Not Selected,Not Selected,Not Selected,Not Selected,Not Selected,Not Selected,Not Selected,Not Selected,Not Selected,Not Selected,Not Selected,Not Selected,Not Selected,Not Selected,Yes,,,,,,,NONE,,,,,,,Increased awareness sessions on mental health issues,,,,"ADHD, BURNOUT, PRE-MENOPAUSE",Important,Urgent,Important,Important,,Yes,Yes,Yes,MORE ENGAGING,NONE
118960206462,Absa Headquarters (KE),PREFERS NOT TO SHARE,Yes,Male,45-54,Yes,No,WORKS HYBRID,None of the above,Not Selected,Not Selected,Not Selected,Not Selected,Not Selected,Not Selected,Not Selected,Not Selected,Not Selected,Not Selected,Not Selected,Not Selected,Not Selected,Not Selected,No,MANAGING WELL,,,,,,NONE,,,,,,,Increased awareness sessions on mental health issues,,,,,Important,Important,Not Important.,Important,,No,No,No,NONE,NONE
118960161621,Absa Headquarters (KE),COO,Yes,Female,45-54,Yes,Yes,,None of the above,Not Selected,Not Selected,Not Selected,Not Selected,Not Selected,Not Selected,Not Selected,Not Selected,Not Selected,Not Selected,Not Selected,Not Selected,Not Selected,Not Selected,No,,,,,,,NONE,,,,,,,,,,,NONE,Important,Important,Important,Important,,Yes,No,Yes,NONE,NONE
118960209538,Absa Headquarters (KE),SUPPORT ANALYST,Yes,Male,45-54,Yes,No,,,Not Selected,Work- and work-related stressors,Not Selected,Not Selected,Not Selected,Not Selected,Not Selected,Not Selected,Not Selected,Not Selected,Not Selected,Not Selected,Not Selected,Not Selected,No,,,,,,,SAVINGS,,,,,,,Increased awareness sessions on mental health issues,,,,,Important,Important,Not Important.,Important,,No,No,Yes,NONE,NONE
118960839870,Absa Headquarters (KE),SME,Yes,Female,45-54,Yes,Yes,,None of the above,Not Selected,Not Selected,Not Selected,Not Selected,Not Selected,Not Selected,Not Selected,Not Selected,Not Selected,Not Selected,Not Selected,Not Selected,Not Selected,Not Selected,No,,,,,,,NONE,,,,,,,Increased awareness sessions on mental health issues,,,,,Important,Urgent,Not Important.,Urgent,,Yes,Yes,No,NONE,NONE
118960845781,Absa Headquarters (KE),TEHNOLOGY,Yes,Male,45-54,Yes,Yes,,None of the above,Not Selected,Not Selected,Not Selected,Not Selected,Not Selected,Not Selected,Not Selected,Not Selected,Not Selected,Not Selected,Not Selected,Not Selected,Not Selected,Not Selected,No,,,,,,,NONE,,,,,,,,,,,NONE,Important,Urgent,Not Important.,Important,,Yes,Yes,No,NONE,NONE
118960848575,Nkrumah Road Branch,Finance,Yes,Male,35-44,Yes,Yes,,None of the above,Not Selected,Not Selected,Not Selected,Not Selected,Not Selected,Not Selected,Not Selected,Not Selected,Not Selected,Not Selected,Not Selected,Not Selected,Not Selected,Not Selected,,,,,,,,NONE,,,,,,,,,,,NONE,Important,Important,Urgent,Important,,Yes,Yes,No,NONE,NONE
118960851199,Absa Headquarters (KE),asset management,Yes,Male,35-44,Yes,No,,None of the above,Not Selected,Not Selected,Not Selected,Not Selected,Not Selected,Not Selected,Not Selected,Not Selected,Not Selected,Not Selected,Not Selected,Not Selected,Not Selected,Not Selected,Yes,,,Debt management,,Investment,,,,,,,,,Increased awareness sessions on mental health issues,,,,,Important,Urgent,Important,Urgent,,Yes,Yes,Yes,NONE,NONE
118960856227,Absa Headquarters (KE),Corporate Banking,Yes,Female,45-54,Yes,No,DONE PRIVATELY,,Not Selected,Work- and work-related stressors,Not Selected,Not Selected,Not Selected,Not Selected,Not Selected,Not Selected,Not Selected,Not Selected,Not Selected,Not Selected,Not Selected,Not Selected,No,MANAGING WELL,Personal financial management,,,,,,,,,Men Cave/Women Forum,,,,,,,NUTRITION,Urgent,Important,Important,Important,,Yes,Yes,Yes,WELL DETAILED,NONE
118960861161,Absa Headquarters (KE),GLOBAL MARKETING,Yes,Female,45-54,Yes,Yes,,,Not Selected,Not Selected,Not Selected,Not Selected,Not Selected,Financial challenges,Not Selected,Not Selected,Not Selected,Not Selected,Not Selected,Not Selected,Not Selected,Not Selected,No,MANAGING WELL,Personal financial management,,,,,ALL ASPECT,,,,,,,,,,,NONE,Important,Urgent,Urgent,Urgent,,Yes,Yes,Yes,CONSITENT,NONE
118960866370,Eldoret Branch,Business Banking,Yes,Male,45-54,Yes,Yes,,,Not Selected,Not Selected,Not Selected,Not Selected,Not Selected,Not Selected,Not Selected,Not Selected,Not Selected,Not Selected,Not Selected,Not Selected,"Chronic Diseases (nuclear family, parents, other extended family members",Not Selected,No,,,,,,,NONE,,,,,,,,,,,NONE,Important,Important,Not Important.,Important,,No,No,No,NONE,NONE
118960869923,Absa Headquarters (KE),Compliance & Legal,Yes,Female,45-54,Yes,Yes,,,"Personal challenges (career growth, education)",Not Selected,Not Selected,Not Selected,Not Selected,Not Selected,Not Selected,Not Selected,Not Selected,Not Selected,Not Selected,Not Selected,Not Selected,Not Selected,Yes,,,,,Investment,,,,,,,,,Increased awareness sessions on mental health issues,,,,,Important,Important,Important,Important,,Yes,Yes,No,NONE,NONE
118960874356,Absa Headquarters (KE),Business Banking,Yes,Male,45-54,Yes,Yes,,,Not Selected,Work- and work-related stressors,Not Selected,Not Selected,Not Selected,Not Selected,Not Selected,Not Selected,Not Selected,Not Selected,Not Selected,Not Selected,Not Selected,Not Selected,No,,,,,,,NONE,,,,,,,Increased awareness sessions on mental health issues,,,,,Important,Urgent,Important,Urgent,,Yes,Yes,No,NONE,NONE
118960896862,Absa Headquarters (KE),CUSTODY ,Yes,Female,45-54,Yes,Yes,,None of the above,Not Selected,Not Selected,Not Selected,Not Selected,Not Selected,Not Selected,Not Selected,Not Selected,Not Selected,Not Selected,Not Selected,Not Selected,Not Selected,Not Selected,Yes,,,,,,,NONE,,Health and well-being including lifestyle diseases,,,,,Increased awareness sessions on mental health issues,,,,,Important,Important,Important,Important,,Yes,Yes,Yes,NONE,NONE
118960901056,Absa Headquarters (KE),Card Operations,Yes,Male,35-44,Yes,Yes,,None of the above,Not Selected,Not Selected,Not Selected,Not Selected,Not Selected,Not Selected,Not Selected,Not Selected,Not Selected,Not Selected,Not Selected,Not Selected,Not Selected,Not Selected,No,,,,,,,NONE,,,,,,,,,,,NONE,Important,Urgent,Not Important.,Important,,Yes,Yes,No,NONE,NONE
118960904372,Absa Headquarters (KE),CIB,Yes,Male,45-54,Yes,Yes,,None of the above,Not Selected,Not Selected,Not Selected,Not Selected,Not Selected,Not Selected,Not Selected,Not Selected,Not Selected,Not Selected,Not Selected,Not Selected,Not Selected,Not Selected,No,,,,,,,NONE,,,,,,,Increased awareness sessions on mental health issues,,,,,Important,Important,Important,Important,,Yes,Yes,No,NONE,NONE
118960917824,Absa Headquarters (KE),Risk,Yes,Male,45-54,Yes,No,,None of the above,Not Selected,Not Selected,Not Selected,Not Selected,Not Selected,Not Selected,Not Selected,Not Selected,Not Selected,Not Selected,Not Selected,Not Selected,Not Selected,Not Selected,No,MANAGING WELL,,,,,,NONE,,,,,,,Increased awareness sessions on mental health issues,,,,,Important,Important,Important,Important,,No,No,Yes,NONE,NONE
118960920209,Absa Headquarters (KE),Compliance & Legal,Yes,Male,45-54,Yes,Yes,,,"Personal challenges (career growth, education)",Not Selected,Not Selected,Not Selected,Not Selected,Not Selected,Not Selected,Not Selected,Not Selected,Not Selected,Not Selected,Not Selected,Not Selected,Not Selected,No,,,,,,,NONE,,,,,,,Increased awareness sessions on mental health issues,,,,,Important,Important,Not Important.,Important,,No,No,No,NONE,NONE
118960945833,Absa Headquarters (KE),production,Yes,Female,45-54,Yes,No,DONE ONE PRIVATELY,,Not Selected,Not Selected,Not Selected,Not Selected,Not Selected,Not Selected,Not Selected,Not Selected,Not Selected,Not Selected,Not Selected,Not Selected,"Chronic Diseases (nuclear family, parents, other extended family members",Not Selected,No,,,,,,,NONE,,Health and well-being including lifestyle diseases,,,,,,,,,DIABETES TYPE 1,Important,Important,Not Important.,Important,,Yes,Yes,Yes,NONE,NONE
118961014581,Machakos Branch,Branch Manager,Yes,Male,55-64,Yes,Yes,,,Not Selected,Not Selected,Not Selected,Not Selected,Not Selected,Not Selected,Not Selected,Not Selected,Not Selected,Not Selected,Loss and Grief,Not Selected,Not Selected,Not Selected,No,,,,,,,NONE,,,,,,,,,,,NONE,Important,Important,Important,Important,,Yes,Yes,Yes,NONE,NONE
118961684160,Machakos Branch,Operations,Yes,Female,35-44,Yes,Yes,,None of the above,Not Selected,Not Selected,Not Selected,Not Selected,Not Selected,Not Selected,Not Selected,Not Selected,Not Selected,Not Selected,Not Selected,Not Selected,Not Selected,Not Selected,Yes,MANAGING,,,,Investment,,,,,,,,,,,,,WORK LIFE INTEGRATION,Important,Important,Important,Important,,Yes,Yes,No,NONE,NONE
118961692144,Bungoma Branch,Branch Manager,Yes,Male,45-54,Yes,Yes,,None of the above,Not Selected,Not Selected,Not Selected,Not Selected,Not Selected,Not Selected,Not Selected,Not Selected,Not Selected,Not Selected,Not Selected,Not Selected,Not Selected,Not Selected,No,,,,,,,NONE,,,,,,,,,,,NONE,Urgent,Important,Not Important.,Important,,Yes,Yes,No,NONE,NONE
118961695833,Eldoret Branch,Operations,Yes,Male,45-54,Yes,Yes,,,Not Selected,Not Selected,Not Selected,Not Selected,Not Selected,Not Selected,Not Selected,Not Selected,Not Selected,Not Selected,Not Selected,Not Selected,"Chronic Diseases (nuclear family, parents, other extended family members",Not Selected,No,,Personal financial management,,,,,,,,,,,,,,,,SUPPORTING ELDERLY PARENTS,Important,Important,Important,Important,,Yes,Yes,Yes,NONE,NONE
118961699115,Kabarnet Branch,Operations,Yes,Female,35-44,Yes,Yes,,None of the above,Not Selected,Not Selected,Not Selected,Not Selected,Not Selected,Not Selected,Not Selected,Not Selected,Not Selected,Not Selected,Not Selected,Not Selected,Not Selected,Not Selected,Yes,,,,,Investment,,,,,,,,,,,,,NONE,Important,Urgent,Important,Important,,Yes,Yes,Yes,NONE,NONE
118961702940,Absa Headquarters (KE),SCHEME,Yes,Male,45-54,Yes,Yes,,None of the above,Not Selected,Not Selected,Not Selected,Not Selected,Not Selected,Not Selected,Not Selected,Not Selected,Not Selected,Not Selected,Not Selected,Not Selected,Not Selected,Not Selected,No,,,,,,,NONE,,,,,,,Increased awareness sessions on mental health issues,,,,,Important,Urgent,Important,Important,,Yes,Yes,Yes,NONE,NONE
118961708364,Absa Headquarters (KE),Operations,Yes,Female,45-54,Yes,Yes,,,"Personal challenges (career growth, education)",Not Selected,Not Selected,Not Selected,Not Selected,Not Selected,Not Selected,Not Selected,Not Selected,Not Selected,Not Selected,Not Selected,Not Selected,Not Selected,Yes,,,,,,,,,,,,,,Increased awareness sessions on mental health issues,,,,,Important,Important,Not Important.,Important,,No,No,No,NONE,NONE
118961710079,Nanyuki Branch,Operations,Yes,Male,35-44,Yes,Yes,,,"Personal challenges (career growth, education)",Not Selected,Not Selected,Not Selected,Not Selected,Not Selected,Not Selected,Not Selected,Not Selected,Not Selected,Not Selected,Not Selected,Not Selected,Not Selected,No,,,,,,,NONE,,,,,,,Increased awareness sessions on mental health issues,,,,,Important,Important,Important,Important,,Yes,Yes,Yes,NONE,NONE
118961715114,Buruburu Branch,Operations,Yes,Female,45-54,Yes,Yes,,None of the above,Not Selected,Not Selected,Not Selected,Not Selected,Not Selected,Not Selected,Not Selected,Not Selected,Not Selected,Not Selected,Not Selected,Not Selected,Not Selected,Not Selected,No,,,,,,,NONE,,,,,,,,,,,NONE,Important,Important,Important,Important,,No,No,Yes,NONE,NONE
118961720161,Changamwe Branch,Operations,Yes,Male,45-54,Yes,Yes,,None of the above,Not Selected,Not Selected,Not Selected,Not Selected,Not Selected,Not Selected,Not Selected,Not Selected,Not Selected,Not Selected,Not Selected,Not Selected,Not Selected,Not Selected,No,MANAGING WELL ,,,,,,,,,,,,,Increased awareness sessions on mental health issues,,,,,Important,Urgent,Important,Important,,Yes,No,Yes,NONE,NONE
118961723740,Narok Branch,Operations,Yes,Female,45-54,Yes,Yes,,None of the above,Not Selected,Not Selected,Not Selected,Not Selected,Not Selected,Not Selected,Not Selected,Not Selected,Not Selected,Not Selected,Not Selected,Not Selected,Not Selected,Not Selected,Yes,,Personal financial management,,,Investment,,,,,,,,,Increased awareness sessions on mental health issues,,,,,Important,Urgent,Important,Important,,No,No,Yes,NONE,NONE
118961726516,Bungoma Branch,Retail,Yes,Female,45-54,Yes,Yes,,,Not Selected,Work- and work-related stressors,Not Selected,Not Selected,Not Selected,Not Selected,Not Selected,Not Selected,Not Selected,Not Selected,Not Selected,Not Selected,"Chronic Diseases (nuclear family, parents, other extended family members",WORK TRANSFER,No,,,,,,,NONE,,,,,,,Increased awareness sessions on mental health issues,,,,,Urgent,Urgent,Urgent,Urgent,,No,No,Yes,NONE,NONE
118961730747,Two Rivers Mall Branch,Teller/Cashier,Yes,Female,35-44,Yes,Yes,,None of the above,Not Selected,Not Selected,Not Selected,Not Selected,Not Selected,Not Selected,Not Selected,Not Selected,Not Selected,Not Selected,Not Selected,Not Selected,Not Selected,Not Selected,No,,,,,,,,,,,,,,,,,,NONE,Important,Important,Not Important.,Important,,No,No,Yes,NONE,NONE
118961734346,Isiolo Branch,Operations,Yes,Female,35-44,Yes,Yes,,,Not Selected,Not Selected,Not Selected,Not Selected,Not Selected,Not Selected,Not Selected,Not Selected,Not Selected,Not Selected,Loss and Grief,Not Selected,Not Selected,Not Selected,No,,,,,,,NONE,,,,,,,,,,,LOSS AND GRIEF,Important,Important,Important,Urgent,,Yes,Yes,Yes,NONE,NONE
118961737518,Hurlingham Branch,Operations,Yes,Female,35-44,Yes,No,,,Not Selected,Work- and work-related stressors,Not Selected,Not Selected,Not Selected,Not Selected,Not Selected,Not Selected,Not Selected,Not Selected,Not Selected,Not Selected,Not Selected,Not Selected,Yes,,,,,,,NONE,,,,,,,Increased awareness sessions on mental health issues,,,,,Important,Urgent,Important,Important,,Yes,No,Yes,NONE,NONE
118961740904,Gilgil Express Branch,Customer Service,Yes,Female,35-44,Yes,Yes,,,Not Selected,Work- and work-related stressors,Not Selected,Not Selected,Not Selected,Not Selected,Not Selected,Not Selected,Not Selected,Not Selected,Not Selected,Not Selected,Not Selected,Not Selected,No,,Personal financial management,,,,,,,,,,,,,,,,STRESS MANAGEMENT,Urgent,Urgent,Important,Important,,No,No,Yes,WELL DETAILED,NONE
118961744684,Diani Branch,Operations,Yes,Female,35-44,Yes,Yes,,,Not Selected,Work- and work-related stressors,Not Selected,Not Selected,Not Selected,Not Selected,Not Selected,Not Selected,Not Selected,Not Selected,Not Selected,Not Selected,Not Selected,Not Selected,No,,,,,,,NONE,,,,,,,,,,,WORK LIFE INTEGRATION,Important,Important,Not Important.,Important,,No,No,Yes,WELL DETAILED,NONE
118961750913,Bishops Gate,SCHEME,Yes,Female,45-54,Yes,Yes,,None of the above,Not Selected,Not Selected,Not Selected,Not Selected,Not Selected,Not Selected,Not Selected,Not Selected,Not Selected,Not Selected,Not Selected,Not Selected,Not Selected,Not Selected,No,MANAGING WELL,Personal financial management,,,,,,,,,,,Parenting and childcare,,,,,,Important,Important,Important,Important,,Yes,Yes,Yes,WELL DETAILED,NONE
118961756886,Absa Headquarters (KE),Risk,Yes,Male,35-44,Yes,No,,,"Personal challenges (career growth, education)",Not Selected,Not Selected,Not Selected,Not Selected,Not Selected,Not Selected,Not Selected,Not Selected,Not Selected,Not Selected,Not Selected,Not Selected,Not Selected,No,,,,,,,NONE,,,,,,,Increased awareness sessions on mental health issues,,,,,Urgent,Not Important.,Not Important.,Not Important.,,Yes,Yes,Yes,WELL DETAILED,NONE
118961770815,Kitale Branch,Operations,Yes,Male,35-44,Yes,Yes,,None of the above,Not Selected,Not Selected,Not Selected,Not Selected,Not Selected,Not Selected,Not Selected,Not Selected,Not Selected,Not Selected,Not Selected,Not Selected,Not Selected,Not Selected,No,MANAGING WELL,,,,,,NONE,,,,,,,Increased awareness sessions on mental health issues,,,,,Important,Important,Important,Important,,Yes,Yes,Yes,WELL DETAILED,NONE
118961782671,Absa Headquarters (KE),Retail,Yes,Female,35-44,Yes,No,DID PRIVATELY,,Not Selected,Work- and work-related stressors,Not Selected,Not Selected,Not Selected,Not Selected,Not Selected,Not Selected,Not Selected,Not Selected,Not Selected,Not Selected,Not Selected,Not Selected,No,,,,,,,,,,,,,,Increased awareness sessions on mental health issues,,,,,Urgent,Urgent,Important,Urgent,,No,No,Yes,WELL DETAILED,NONE
118961800729,Bomet Branch,Operations,Yes,Male,45-54,Yes,Yes,,None of the above,Not Selected,Not Selected,Not Selected,Not Selected,Not Selected,Not Selected,Not Selected,Not Selected,Not Selected,Not Selected,Not Selected,Not Selected,Not Selected,Not Selected,Yes,,Personal financial management,Debt management,,,,,,,,,,,,Money matters/Financial coaching and literacy sessions,,,,Important,Important,Important,Important,,Yes,Yes,No,NONE,NONE
118961705007,Kitui Branch,Operations,Yes,Female,45-54,Yes,Yes,,None of the above,Not Selected,Not Selected,Not Selected,Not Selected,Not Selected,Not Selected,Not Selected,Not Selected,Not Selected,Not Selected,Not Selected,Not Selected,Not Selected,Not Selected,No,MANAGING WELL,,,,,,NONE,,,,,,,,,,,STRESS MANAGEMENT,Important,Important,Not Important.,Important,,Yes,Yes,Yes,WELL DETAILED,NONE
118962519055,Narok Branch,Operations,Yes,Female,35-44,Yes,Yes,,None of the above,Not Selected,Not Selected,Not Selected,Not Selected,Not Selected,Not Selected,Not Selected,Not Selected,Not Selected,Not Selected,Not Selected,Not Selected,Not Selected,Not Selected,No,MANAGING WELL,,,,,,NONE,,,,,,,Increased awareness sessions on mental health issues,,,,,Important,Important,Not Important.,Important,,Yes,Yes,Yes,WELL DETAILED,NONE
118962519890,Webyuye Branch,Operations,Yes,Female,25-34,Yes,Yes,,None of the above,Not Selected,Not Selected,Not Selected,Not Selected,Not Selected,Not Selected,Not Selected,Not Selected,Not Selected,Not Selected,Not Selected,Not Selected,Not Selected,Not Selected,No,MANAGING WELL,,,,,Financial planning,,,,,,,,Increased awareness sessions on mental health issues,,,,,Important,Important,Not Important.,Important,,Yes,Yes,Yes,ENGAGING,NONE
118962520866,Taveta Branch,Operations,Yes,Male,35-44,Yes,Yes,,None of the above,Not Selected,Not Selected,Not Selected,Not Selected,Not Selected,Not Selected,Not Selected,Not Selected,Not Selected,Not Selected,Not Selected,Not Selected,Not Selected,Not Selected,No,MANaging well,,,,,,NONE,,,,,,,Increased awareness sessions on mental health issues,,,,,Urgent,Urgent,Not Important.,Important,,No,No,No,none,none
118962521592,Digo Road Branch,Operations,Yes,Male,35-44,Yes,No,,None of the above,Not Selected,Not Selected,Not Selected,Not Selected,Not Selected,Not Selected,Not Selected,Not Selected,Not Selected,Not Selected,Not Selected,Not Selected,Not Selected,Not Selected,No,managing well,,,,,,NONE,,,,,,,,,,,NONE,Important,Important,Not Important.,Important,,Yes,Yes,No,none,none
118962522541,Digo Road Branch,Teller/Cashier,Yes,Female,25-34,Yes,No,,None of the above,Not Selected,Not Selected,Not Selected,Not Selected,Not Selected,Not Selected,Not Selected,Not Selected,Not Selected,Not Selected,Not Selected,Not Selected,Not Selected,Not Selected,No,managing well,,,,,,NONE,,,,,,,,,,,NONE,Important,Important,Not Important.,Important,,No,No,Yes,well detailed,none
118962523346,Karen Branch Prestige,Operations,Yes,Female,35-44,Yes,Yes,,,"Personal challenges (career growth, education)",Not Selected,Not Selected,Not Selected,Not Selected,Not Selected,Not Selected,Not Selected,Not Selected,Not Selected,Not Selected,Not Selected,Not Selected,Not Selected,Yes,,,,,,Financial planning,,,,,,,,Increased awareness sessions on mental health issues,,,,,Important,Important,Important,Important,,Yes,Yes,No,none,none
118962524100,Thika Road Mall,Operations,Yes,Female,35-44,Yes,Yes,,None of the above,Not Selected,Not Selected,Not Selected,Not Selected,Not Selected,Not Selected,Not Selected,Not Selected,Not Selected,Not Selected,Not Selected,Not Selected,Not Selected,Not Selected,No,managing well,,,,Investment,,,,,,,,,Increased awareness sessions on mental health issues,,,,,Important,Urgent,Not Important.,Important,,Yes,Yes,Yes,engaging,none
118962525081,Univ. of Nairobi Branch,Teller/Cashier,Yes,Female,35-44,Yes,Yes,,None of the above,Not Selected,Not Selected,Not Selected,Not Selected,Not Selected,Not Selected,Not Selected,Not Selected,Not Selected,Not Selected,Not Selected,Not Selected,Not Selected,Not Selected,No,,,,,,,NONE,,,,,,,,,,,none,Important,Important,Not Important.,Important,,Yes,Yes,No,well detailed,none
118962535220,Migori Branch,Operations,Yes,Female,35-44,Yes,Yes,,None of the above,Not Selected,Not Selected,Not Selected,Not Selected,Not Selected,Not Selected,Not Selected,Not Selected,Not Selected,Not Selected,Not Selected,Not Selected,Not Selected,Not Selected,No,managing well,,,,Investment,,,,,,,,,Increased awareness sessions on mental health issues,,,,,Important,Important,Not Important.,Important,,Yes,Yes,No,none,none
118962536189,Queensway House,Customer Service,Yes,Female,25-34,Yes,Yes,,None of the above,Not Selected,Not Selected,Not Selected,Not Selected,Not Selected,Not Selected,Not Selected,Not Selected,Not Selected,Not Selected,Not Selected,Not Selected,Not Selected,Not Selected,No,managing well,,,,Investment,,,,,,,,,Increased awareness sessions on mental health issues,,,,,Important,Important,Not Important.,Important,,No,No,No,none,none
118962537198,Karen Branch Prestige,Operations,Yes,Female,35-44,Yes,Yes,,,Not Selected,Work- and work-related stressors,Not Selected,Not Selected,Not Selected,Not Selected,Not Selected,Not Selected,Not Selected,Not Selected,Not Selected,Not Selected,Not Selected,Not Selected,No,,,,Retirement planning,,Financial planning,,,,,,,,,Money matters/Financial coaching and literacy sessions,,,,Urgent,Urgent,Important,Important,,Yes,Yes,No,none,none
118962537839,Busia,Customer Service,Yes,Female,25-34,Yes,Yes,,None of the above,Not Selected,Not Selected,Not Selected,Not Selected,Not Selected,Not Selected,Not Selected,Not Selected,Not Selected,Not Selected,Not Selected,Not Selected,Not Selected,Not Selected,No,managing well,,,,,,NONE,,,,,,,,,,,NONE,Important,Important,Not Important.,Important,,Yes,Yes,No,none,none
118962538582,Kapsabet Branch,Operations,Yes,Female,25-34,Yes,Yes,,None of the above,Not Selected,Not Selected,Not Selected,Not Selected,Not Selected,Not Selected,Not Selected,Not Selected,Not Selected,Not Selected,Not Selected,Not Selected,Not Selected,Not Selected,No,managing well,,,,Investment,,,,,,,,,,,,,NONE,Urgent,Urgent,Not Important.,Important,,Yes,Yes,Yes,detailed,none
118962539728,Digo Road Branch,Customer Service,Yes,Male,25-34,Yes,Yes,,,Not Selected,Work- and work-related stressors,Not Selected,Not Selected,Not Selected,Not Selected,Not Selected,Not Selected,Not Selected,Not Selected,Not Selected,Not Selected,Not Selected,Not Selected,No,managing well,,,,,,NONE,,,,,,,,,,,NONE,Important,Important,Not Important.,Important,,Yes,Yes,Yes,none,none
118962540600,Nkrumah Road Branch,Operations,Yes,Female,35-44,Yes,Yes,,None of the above,Not Selected,Not Selected,Not Selected,Not Selected,Not Selected,Not Selected,Not Selected,Not Selected,Not Selected,Not Selected,Not Selected,Not Selected,Not Selected,Not Selected,No,,,,,Investment,Financial planning,,,,,,,,,,,,LOSS AND GRIEF,Important,Important,Not Important.,Important,,Yes,Yes,Yes,detailed,none
118962541826,ABC Place Prestige Branch,Customer Service,Yes,Female,35-44,Yes,Yes,,None of the above,Not Selected,Not Selected,Not Selected,Not Selected,Not Selected,Not Selected,Not Selected,Not Selected,Not Selected,Not Selected,Not Selected,Not Selected,Not Selected,Not Selected,No,,,,,,,NONE,,,,,,,,,,,NONE,Not Important.,Not Important.,Not Important.,Not Important.,,No,No,No,none,none
118962542470,Nyahururu Branch,Operations,Yes,Male,35-44,Yes,Yes,,None of the above,Not Selected,Not Selected,Not Selected,Not Selected,Not Selected,Not Selected,Not Selected,Not Selected,Not Selected,Not Selected,Not Selected,Not Selected,Not Selected,Not Selected,No,,,,,,,NONE,,,,,,,,,,,NONE,Important,Important,Not Important.,Important,,Yes,Yes,Yes,none,none
118962543104,Nyali Branch,Customer Service,Yes,Female,35-44,Yes,Yes,,,"Personal challenges (career growth, education)",Not Selected,Not Selected,Not Selected,Not Selected,Not Selected,Not Selected,Parenting challenges,Not Selected,Not Selected,Not Selected,Not Selected,Not Selected,Not Selected,No,,,,,Investment,,,,,,,,,Increased awareness sessions on mental health issues,,,,,Important,Important,Important,Important,,Yes,Yes,No,none,none
118962543835,Absa Plaza,Teller/Cashier,Yes,Female,35-44,Yes,Yes,,None of the above,Not Selected,Not Selected,Not Selected,Not Selected,Not Selected,Not Selected,Not Selected,Not Selected,Not Selected,Not Selected,Not Selected,Not Selected,Not Selected,Not Selected,No,,,,,,,NONE,,,,,,,,,,,NONE,Important,Important,Not Important.,Important,,No,No,No,none,none
118962545763,Absa Headquarters (KE),Finance,Yes,Female,35-44,Yes,Yes,,,Not Selected,Not Selected,Not Selected,Not Selected,Not Selected,Not Selected,Not Selected,Parenting challenges,Not Selected,Not Selected,Not Selected,Not Selected,Not Selected,Not Selected,No,,,,,,,NONE,,,,,,,,,,,LOSS AND GRIEF,Important,Important,Important,Important,,Yes,Yes,Yes,none,none
118962546670,Absa Headquarters (KE),Strategy & Transformation,Yes,Female,45-54,Yes,Yes,,,Not Selected,Work- and work-related stressors,Not Selected,Not Selected,Not Selected,Not Selected,Not Selected,Not Selected,Not Selected,Not Selected,Not Selected,Not Selected,Not Selected,Not Selected,Yes,,,,,,,NONE,,,,,,,,,,,NONE,Important,Important,Not Important.,Important,,Yes,Yes,Yes,none,none
118963261589,Village Market Branch,Operations,Yes,Male,35-44,Yes,Yes,,None of the above,Not Selected,Not Selected,Not Selected,Not Selected,Not Selected,Not Selected,Not Selected,Not Selected,Not Selected,Not Selected,Not Selected,Not Selected,Not Selected,Not Selected,No,,,,,Investment,,,,,,,,,Increased awareness sessions on mental health issues,,,,,Important,Important,Not Important.,Important,,Yes,Yes,No,NONE,NONE
118963267282,Bomet Branch,ENQUIRY,Yes,Male,45-54,Yes,Yes,,,Not Selected,Not Selected,Not Selected,Not Selected,Not Selected,Not Selected,Not Selected,Not Selected,Anxiety and depression,Not Selected,Not Selected,Not Selected,Not Selected,Not Selected,Yes,,,,,,,NONE,,,,,,,Increased awareness sessions on mental health issues,,,,,Important,Important,Important,Important,,No,No,No,NONE,NONE
118963282151,Absa Headquarters (KE),Risk,Yes,Female,35-44,Yes,No,HYBRID,,Not Selected,Not Selected,Not Selected,Not Selected,Marital issues,Not Selected,Not Selected,Not Selected,Not Selected,Not Selected,Not Selected,Not Selected,Not Selected,Not Selected,Yes,,,Debt management,,Investment,,,,,,,,,,,,,SEPARATION & DIVORCE,Important,Important,Important,Important,,Yes,Yes,Yes,DETAILED,NONE
118963286903,Eastleigh Branch,Operations,Yes,Male,35-44,Yes,Yes,,None of the above,Not Selected,Not Selected,Not Selected,Not Selected,Not Selected,Not Selected,Not Selected,Not Selected,Not Selected,Not Selected,Not Selected,Not Selected,Not Selected,Not Selected,No,MANAGING WELL,,,,,,NONE,,,,,,,,,,,NONE,Important,Important,Not Important.,Important,,No,No,No,NONE,NONE
118963288182,Gikomba Branch,Teller/Cashier,Yes,Female,35-44,Yes,Yes,,None of the above,Not Selected,Not Selected,Not Selected,Not Selected,Not Selected,Not Selected,Not Selected,Not Selected,Not Selected,Not Selected,Not Selected,Not Selected,Not Selected,Not Selected,No,MANAGING WELL,,,,,,NONE,,,,,,,,,,,NONE,Important,Important,Not Important.,Important,,No,No,No,NONE,NONE
118963329794,Changamwe Branch,Operations,Yes,Female,25-34,Yes,No,ON LEAVE,None of the above,Not Selected,Not Selected,Not Selected,Not Selected,Not Selected,Not Selected,Not Selected,Not Selected,Not Selected,Not Selected,Not Selected,Not Selected,Not Selected,Not Selected,No,PERFECTLY OK,,,,,,NONE,,,,,,,,,,,NONE,Important,Important,Not Important.,Important,,Yes,No,No,NONE,NONE
118963330806,Nanyuki Branch,Operations,Yes,Female,35-44,Yes,Yes,,,Not Selected,Work- and work-related stressors,Not Selected,Not Selected,Not Selected,Not Selected,Not Selected,Not Selected,Not Selected,Not Selected,Not Selected,Not Selected,Not Selected,Not Selected,No,MANAGING,,,,,,NONE,,,,,,,,,,,WORK STRESS,Important,Important,Not Important.,Important,,No,No,Yes,DETAILED,NONE
118963332575,Buruburu Branch,Operations,Yes,Female,25-34,Yes,Yes,,None of the above,Not Selected,Not Selected,Not Selected,Not Selected,Not Selected,Not Selected,Not Selected,Not Selected,Not Selected,Not Selected,Not Selected,Not Selected,Not Selected,Not Selected,No,MANAGING WELL,,,,,,NONE,,,,,,,,,,,NONE,Urgent,Urgent,Important,Urgent,,Yes,Yes,No,NONE,NONE
118963333802,Absa Headquarters (KE),Risk,Yes,Male,45-54,Yes,Yes,,None of the above,Not Selected,Not Selected,Not Selected,Not Selected,Not Selected,Not Selected,Not Selected,Not Selected,Not Selected,Not Selected,Not Selected,Not Selected,Not Selected,Not Selected,No,DOING WELL,,,,,,NONE,,,,,,,,,,,NONE,Not Important.,Not Important.,Not Important.,Not Important.,,No,No,No,NONE,NONE
118963348908,River Road Branch Kianjoya Bulding,Operations,Yes,Female,35-44,Yes,Yes,,None of the above,Not Selected,Not Selected,Not Selected,Not Selected,Not Selected,Not Selected,Not Selected,Not Selected,Not Selected,Not Selected,Not Selected,Not Selected,Not Selected,Not Selected,No,MANAGING WELL,,,,Investment,,,,Health and well-being including lifestyle diseases,,,,,Increased awareness sessions on mental health issues,,,,,Urgent,Important,Not Important.,Important,,Yes,Yes,No,NONE,NONE
118963353064,Absa Headquarters (KE),Operations,Yes,Female,35-44,Yes,Yes,,None of the above,Not Selected,Not Selected,Not Selected,Not Selected,Not Selected,Not Selected,Not Selected,Not Selected,Not Selected,Not Selected,Not Selected,Not Selected,Not Selected,Not Selected,No,MANAGING WELL,,,,,,NONE,,,,,,,,,,,NONE,Important,Important,Not Important.,Important,,Yes,Yes,Yes,ENGAGING,NONE
118963357514,Muthaiga Branch,Customer Service,Yes,Male,25-34,Yes,Yes,,,Not Selected,Not Selected,Not Selected,Not Selected,Not Selected,Financial challenges,Not Selected,Not Selected,Not Selected,Not Selected,Not Selected,Not Selected,Not Selected,Not Selected,No,MANAGING WELL,,,Retirement planning,,,,,,,,,,,,,,NONE,Important,Urgent,Not Important.,Important,,Yes,Yes,Yes,ENGAGING,NONE
118963360976,Maua Branch,Operations,Yes,Female,25-34,Yes,Yes,,None of the above,Not Selected,Not Selected,Not Selected,Not Selected,Not Selected,Not Selected,Not Selected,Not Selected,Not Selected,Not Selected,Not Selected,Not Selected,Not Selected,Not Selected,No,,,,,,,NONE,,,,,,,,,,,NONE,Important,Important,Important,Important,,Yes,Yes,Yes,ENGAGEMENT,NONE
118963364052,Gikomba Branch,Operations,Yes,Male,35-44,Yes,Yes,,,"Personal challenges (career growth, education)",Not Selected,Not Selected,Not Selected,Not Selected,Not Selected,Not Selected,Not Selected,Not Selected,Not Selected,Not Selected,Not Selected,Not Selected,Not Selected,No,MANAGING,,,,,,NONE,,,,,,,,,,,NONE,Important,Important,Not Important.,Important,,Yes,Yes,Yes,NONE,NONE
118963366464,Bishops Gate,Customer Service,Yes,Female,35-44,Yes,Yes,,,Not Selected,Not Selected,Not Selected,Not Selected,Not Selected,Not Selected,Not Selected,Not Selected,Not Selected,Not Selected,Not Selected,Not Selected,Not Selected,INJURY,No,MANAGING WELL ,,,,,,NONE,,,,,,,,,,,NONE,Urgent,Urgent,Not Important.,Important,,Yes,Yes,No,NONE,NONE
118963374074,Eldoret Branch,Operations,Yes,Female,35-44,Yes,No,ON LEAVE,None of the above,Not Selected,Not Selected,Not Selected,Not Selected,Not Selected,Not Selected,Not Selected,Not Selected,Not Selected,Not Selected,Not Selected,Not Selected,Not Selected,Not Selected,No,,,,,,,NONE,,,,,,,,,,,NONE,Important,Important,Important,Important,,Yes,Yes,No,NONE,NONE
118963377366,Kitui Branch,Teller/Cashier,Yes,Male,25-34,Yes,Yes,,,"Personal challenges (career growth, education)",Not Selected,Not Selected,Not Selected,Not Selected,Not Selected,Not Selected,Not Selected,Not Selected,Not Selected,Not Selected,Not Selected,Not Selected,Not Selected,No,MANAGING WELL,,,,,,NONE,,,,,,,Increased awareness sessions on mental health issues,,,,,Important,Important,Not Important.,Important,,No,No,Yes,NONE,NONE
118963380484,Muranga Branch,Customer Service,Yes,Female,25-34,Yes,No,BUSY SCHEDULE,None of the above,Not Selected,Not Selected,Not Selected,Not Selected,Not Selected,Not Selected,Not Selected,Not Selected,Not Selected,Not Selected,Not Selected,Not Selected,Not Selected,Not Selected,Yes,,,,,,,NONE,,,,,,,,,,,NONE,Important,Important,Important,Important,,Yes,Yes,No,NONE,NONE
118963383480,Ongata Rongai Branch,Operations,Yes,Female,25-34,Yes,Yes,,,Not Selected,Work- and work-related stressors,Not Selected,Not Selected,Not Selected,Not Selected,Not Selected,Not Selected,Not Selected,Not Selected,Not Selected,Not Selected,Not Selected,Not Selected,No,MANAGING WELL,Personal financial management,,,,,,,,,,,,,,,,BURNOUT,Urgent,Urgent,Not Important.,Urgent,,Yes,Yes,No,NONE,NONE
118963390685,Absa Headquarters (KE),Operations,Yes,Male,25-34,Yes,Yes,,None of the above,Not Selected,Not Selected,Not Selected,Not Selected,Not Selected,Not Selected,Not Selected,Not Selected,Not Selected,Not Selected,Not Selected,Not Selected,Not Selected,Not Selected,Yes,,Personal financial management,,,,,,,,,,,,,Money matters/Financial coaching and literacy sessions,,,,Important,Important,Important,Important,,Yes,Yes,No,NONE,NONE
118963648041,Absa Headquarters (KE),Operations,Yes,Male,45-54,Yes,Yes,,None of the above,Not Selected,Not Selected,Not Selected,Not Selected,Not Selected,Not Selected,Not Selected,Not Selected,Not Selected,Not Selected,Not Selected,Not Selected,Not Selected,Not Selected,No,MANAGING WELL,,,,,,NONE,,,,,,,Increased awareness sessions on mental health issues,,,,,Important,Important,Not Important.,Important,,Yes,Yes,No,NONE,NONE
118963649797,Absa Plaza,Operations,Yes,Female,35-44,Yes,No,BUSY SCHEDULE,,Not Selected,Not Selected,Not Selected,Not Selected,Not Selected,Not Selected,Not Selected,Not Selected,Not Selected,Not Selected,Loss and Grief,Not Selected,Not Selected,Not Selected,No,WASNT AWARE OF THE SERVICES,,,,,,NONE,,,,,,,,,,,LOSS AND GRIEF,Important,Important,Important,Important,,Yes,Yes,Yes,ENGAGING,NONE
118963651565,Karen Branch Prestige,Customer Service,Yes,Female,35-44,Yes,No,ON LEAVE,,Not Selected,Not Selected,Not Selected,Not Selected,Not Selected,Not Selected,Not Selected,Parenting challenges,Not Selected,Not Selected,Not Selected,Not Selected,Not Selected,Not Selected,No,MANAGING WELL,,,,Investment,,,Anxiety/depression,,,,,,,,,,,Important,Important,Important,Important,,No,No,No,NONE,NONE
118963653648,JKIA Branch,Operations,Yes,Female,35-44,Yes,Yes,,None of the above,Not Selected,Not Selected,Not Selected,Not Selected,Not Selected,Not Selected,Not Selected,Not Selected,Not Selected,Not Selected,Not Selected,Not Selected,Not Selected,Not Selected,No,MANAGING WELL,,,,,,NONE,,,,,,,,,,,NONE,Important,Important,Not Important.,Important,,Yes,Yes,No,NONE,NONE
118963655483,Kariobangi Branch,Customer Service,Yes,Female,35-44,Yes,Yes,,None of the above,Not Selected,Not Selected,Not Selected,Not Selected,Not Selected,Not Selected,Not Selected,Not Selected,Not Selected,Not Selected,Not Selected,Not Selected,Not Selected,Not Selected,No,MANAGING WELL,,,,,,NONE,,,,,,Parenting and childcare,,,,,,Important,Important,Not Important.,Important,,Yes,Yes,No,NONE,NONE
118963657231,Eastleigh Branch,Teller/Cashier,Yes,Female,35-44,Yes,Yes,,None of the above,Not Selected,Not Selected,Not Selected,Not Selected,Not Selected,Not Selected,Not Selected,Not Selected,Not Selected,Not Selected,Not Selected,Not Selected,Not Selected,Not Selected,No,MANAGING WELL,,,,,,NONE,,,,,,,,,,,NONE,Important,Important,Not Important.,Important,,No,No,Yes,WELL DETAILED,NONE
118964286076,Webyuye Branch,Customer Service,Yes,Male,35-44,Yes,Yes,,None of the above,Not Selected,Not Selected,Not Selected,Not Selected,Not Selected,Not Selected,Not Selected,Not Selected,Not Selected,Not Selected,Not Selected,Not Selected,Not Selected,Not Selected,Yes,MANAGING WELL,Personal financial management,Debt management,,,,,,,,,,,,Money matters/Financial coaching and literacy sessions,,,,Important,Important,Important,Important,,Yes,Yes,Yes,WELL DETAILED,NONE
118965971457,Kisii Branch,Teller/Cashier,Yes,Male,25-34,Yes,Yes,,None of the above,Not Selected,Not Selected,Not Selected,Not Selected,Not Selected,Not Selected,Not Selected,Not Selected,Not Selected,Not Selected,Not Selected,Not Selected,Not Selected,Not Selected,No,,Personal financial management,,,,Financial planning,,Anxiety/depression,Health and well-being including lifestyle diseases,,,,,,Money matters/Financial coaching and literacy sessions,,,,Important,Urgent,Important,Not Important.,,No,Yes,No,,None at the moment 
118965973736,Digo Road Branch,Teller/Cashier,Yes,Male,25-34,Yes,Yes,,None of the above,Not Selected,Not Selected,Not Selected,Not Selected,Not Selected,Not Selected,Not Selected,Not Selected,Not Selected,Not Selected,Not Selected,Not Selected,Not Selected,Not Selected,No,,Personal financial management,,,,,,Anxiety/depression,Health and well-being including lifestyle diseases,,Men Cave/Women Forum,,Parenting and childcare,,,,,,Important,Urgent,Not Important.,Urgent,,Yes,No,No,,None 
118965976471,Embu Branch,Teller/Cashier,Yes,Male,25-34,Yes,Yes,,None of the above,Not Selected,Not Selected,Not Selected,Not Selected,Not Selected,Not Selected,Not Selected,Not Selected,Not Selected,Not Selected,Not Selected,Not Selected,Not Selected,Not Selected,Yes,,,Debt management,,Investment,,,Anxiety/depression,Health and well-being including lifestyle diseases,Dealing with addiction and related stigma,Men Cave/Women Forum,Building healthy relationships/marriages,Parenting and childcare,Increased awareness sessions on mental health issues,Money matters/Financial coaching and literacy sessions,"Building healthy relationships at work (colleagues, team leaders, managers)",Develop a Teens program on contemporary topics,,Important,Important,Important,Important,,Yes,Yes,Yes, It's abit detailed ,Organise more of financial coaching or clinics to reach to more of other colleagues 
118965981683,"Parkside Tower ""A"" Branch",Teller/Cashier,Yes,Female,25-34,Yes,Yes,,None of the above,Not Selected,Not Selected,Not Selected,Not Selected,Not Selected,Not Selected,Not Selected,Not Selected,Not Selected,Not Selected,Not Selected,Not Selected,Not Selected,Not Selected,No,,,,,,,None ,Anxiety/depression,Health and well-being including lifestyle diseases,Dealing with addiction and related stigma,Men Cave/Women Forum,Building healthy relationships/marriages,Parenting and childcare,Increased awareness sessions on mental health issues,Money matters/Financial coaching and literacy sessions,"Building healthy relationships at work (colleagues, team leaders, managers)",,,Urgent,Important,Not Important.,Urgent,,No,No,Yes,Can't remember the last survey.,None at the moment 
118965985859,Diani Branch,Teller/Cashier,Yes,Female,45-54,Yes,No,She was held up at work ,,Not Selected,Not Selected,Work-life imbalance,Not Selected,Marital issues,Not Selected,Not Selected,Not Selected,Not Selected,Not Selected,Not Selected,Not Selected,Not Selected,Not Selected,No,,,,,Investment,,,,,,,Building healthy relationships/marriages,Parenting and childcare,,,"Building healthy relationships at work (colleagues, team leaders, managers)",,,Urgent,Important,Important,Important,,No,Yes,Yes,She can't remember ,None at the moment 
118965988968,Kitengela Plaza Branch,Teller/Cashier,Yes,Female,45-54,Yes,No,She was unwell and was at  byhome,,Not Selected,Not Selected,Not Selected,Not Selected,Not Selected,Not Selected,Not Selected,Not Selected,Not Selected,Traumatic experiences,Not Selected,Not Selected,Not Selected,Not Selected,No,,,,,Investment,Financial planning,,,,,,,,,,,,,,,,,,,,,,
118966988908,Queensway House,Lead Generator (LG),Yes,Female,25-34,Yes,Yes,,,Not Selected,Work- and work-related stressors,Work-life imbalance,Not Selected,Not Selected,Financial challenges,Not Selected,Not Selected,Not Selected,Not Selected,Not Selected,Not Selected,"Chronic Diseases (nuclear family, parents, other extended family members",Not Selected,No,,,,,Investment,,,,Health and well-being including lifestyle diseases,,,,,,,"Building healthy relationships at work (colleagues, team leaders, managers)",,,Urgent,,,,,,,,,
118968527113,Digo Road Branch,Customer Service,Yes,Female,35-44,Yes,Yes,,,Not Selected,Not Selected,Not Selected,Not Selected,Not Selected,Not Selected,Not Selected,Not Selected,Not Selected,Not Selected,Not Selected,Not Selected,Not Selected,FATIGUE,No,,Personal financial management,,,,,,,,,,,,,,,,WORK LIFE INTEGRATION,Important,Important,Not Important.,Important,,No,No,Yes,WELL DETAILED,NONE
118968524823,Lavington Branch,Retail,Yes,Male,35-44,Yes,Yes,,,"Personal challenges (career growth, education)",Not Selected,Not Selected,Not Selected,Not Selected,Not Selected,Not Selected,Not Selected,Not Selected,Not Selected,Not Selected,Not Selected,Not Selected,Not Selected,Yes,,,,,,,NONE,,,,,,,,,,,BURNOUT,Important,Urgent,Not Important.,Important,,No,No,No,WELL DETAILED,NONE
118968532286,Karen Branch Prestige,Customer Service,Yes,Male,35-44,Yes,Yes,,None of the above,Not Selected,Not Selected,Not Selected,Not Selected,Not Selected,Not Selected,Not Selected,Not Selected,Not Selected,Not Selected,Not Selected,Not Selected,Not Selected,Not Selected,No,,,,,,,ALL ASPECT,,,,,,,Increased awareness sessions on mental health issues,,,,,Important,Important,Not Important.,Important,,No,No,Yes,NONE,NONE
118968533402,Absa Headquarters (KE),Operations,Yes,Female,45-54,Yes,Yes,,None of the above,Not Selected,Not Selected,Not Selected,Not Selected,Not Selected,Not Selected,Not Selected,Not Selected,Not Selected,Not Selected,Not Selected,Not Selected,Not Selected,Not Selected,,,Personal financial management,,,,,,,,,,,,Increased awareness sessions on mental health issues,,,,,Important,Important,Important,Important,,Yes,Yes,Yes,ENGAGING,NONE
118968535116,Wote Branch,Operations,Yes,Male,35-44,Yes,Yes,,,Not Selected,Work- and work-related stressors,Not Selected,Not Selected,Not Selected,Not Selected,Not Selected,Not Selected,Not Selected,Not Selected,Not Selected,Not Selected,Not Selected,Not Selected,No,,,,,Investment,,,Anxiety/depression,,,,,,,,,,,Important,Important,Important,Important,,Yes,Yes,No,NONE,NONE
118968540201,Garissa,Operations,Yes,Female,45-54,Yes,Yes,,None of the above,Not Selected,Not Selected,Not Selected,Not Selected,Not Selected,Not Selected,Not Selected,Not Selected,Not Selected,Not Selected,Not Selected,Not Selected,Not Selected,Not Selected,No,,,,,,,NONE,,,,,,,Increased awareness sessions on mental health issues,,,,,Important,Important,Important,Important,,Yes,Yes,Yes,WELL DETAILED,NONE
118968545671,Bishops Gate,Collections,Yes,Male,45-54,Yes,Yes,,None of the above,Not Selected,Not Selected,Not Selected,Not Selected,Not Selected,Not Selected,Not Selected,Not Selected,Not Selected,Not Selected,Not Selected,Not Selected,Not Selected,Not Selected,No,MANAGING WELL,Personal financial management,,,Investment,,,,,,,,,,,,,SOCIAL MEDIA INFLUENCE,Important,Important,Not Important.,Important,,No,No,No,NONE,NONE
118968547855,Kakamega Branch,Teller/Cashier,Yes,Female,35-44,Yes,Yes,,None of the above,Not Selected,Not Selected,Not Selected,Not Selected,Not Selected,Not Selected,Not Selected,Not Selected,Not Selected,Not Selected,Not Selected,Not Selected,Not Selected,Not Selected,No,,,,,,,ALL ASPECT,,,,,,,Increased awareness sessions on mental health issues,,,,,Important,Urgent,Not Important.,Important,,Yes,Yes,No,NONE,NONE
118968554667,Kisii Branch,Teller/Cashier,Yes,Female,25-34,Yes,Yes,,None of the above,Not Selected,Not Selected,Not Selected,Not Selected,Not Selected,Not Selected,Not Selected,Not Selected,Not Selected,Not Selected,Not Selected,Not Selected,Not Selected,Not Selected,No,,Personal financial management,,,,,,,,,,,,Increased awareness sessions on mental health issues,,,,,Important,Important,Important,Important,,Yes,Yes,Yes,ENGAGING,NONE
118968656073,Nyali Branch,Customer Service,Yes,Female,25-34,Yes,Yes,,None of the above,Not Selected,Not Selected,Not Selected,Not Selected,Not Selected,Not Selected,Not Selected,Not Selected,Not Selected,Not Selected,Not Selected,Not Selected,Not Selected,Not Selected,No,,,,Retirement planning,Investment,,,,,,,,,,,,,WORK LIFE INTEGRATION,Important,Important,Important,Important,,Yes,Yes,No,NONE,NONE
118968654448,Kerugoya Branch,Teller/Cashier,Yes,Female,35-44,Yes,No,Yet to start the process ,None of the above,Not Selected,Not Selected,Not Selected,Not Selected,Not Selected,Not Selected,Not Selected,Not Selected,Not Selected,Not Selected,Not Selected,Not Selected,Not Selected,Not Selected,No,,,,Retirement planning,,Financial planning,,,,,,,Parenting and childcare,Increased awareness sessions on mental health issues,,,Develop a Teens program on contemporary topics,,Important,Important,Urgent,Important,,No,Yes,No,,None at the moment 
118968561965,Kericho Branch,Operations,Yes,Female,25-34,Yes,No,,,Not Selected,Not Selected,Not Selected,Not Selected,Not Selected,Not Selected,Not Selected,Not Selected,Not Selected,Not Selected,Not Selected,Not Selected,Not Selected,Not Selected,No,MANAGING WELL,,Debt management,,,,,,,,,,,,,,,NONE,Important,Important,Not Important.,Important,,Yes,Yes,No,NONE,NONE
118968664007,Webyuye Branch,Operations,Yes,Female,35-44,Yes,Yes,,,"Personal challenges (career growth, education)",Not Selected,Not Selected,Not Selected,Not Selected,Not Selected,Not Selected,Not Selected,Not Selected,Not Selected,Not Selected,Not Selected,Not Selected,Not Selected,No,,,,,Investment,,,,,,,,,,,,,NONE,Important,Important,Not Important.,Important,,Yes,No,No,NONE,NONE
118968664168,Nyeri Branch,Customer Service,Yes,Female,25-34,Yes,No,Yet to go for check up ,,Not Selected,Work- and work-related stressors,Work-life imbalance,Not Selected,Not Selected,Not Selected,Not Selected,Not Selected,Not Selected,Not Selected,Not Selected,Not Selected,Not Selected,Not Selected,No,,,,,Investment,Financial planning,,Anxiety/depression,Health and well-being including lifestyle diseases,Dealing with addiction and related stigma,Men Cave/Women Forum,Building healthy relationships/marriages,Parenting and childcare,Increased awareness sessions on mental health issues,Money matters/Financial coaching and literacy sessions,"Building healthy relationships at work (colleagues, team leaders, managers)",Develop a Teens program on contemporary topics,,Urgent,Important,Important,Important,,Yes,Yes,Yes,2025 questionnaire is more detailed ,None 
118968670222,Bishops Gate,Operations,Yes,Male,35-44,Yes,Yes,,None of the above,Not Selected,Not Selected,Not Selected,Not Selected,Not Selected,Not Selected,Not Selected,Not Selected,Not Selected,Not Selected,Not Selected,Not Selected,Not Selected,Not Selected,No,,,,,,,NONE,,,,,,,,,,,NONE,Not Important.,Not Important.,Not Important.,Not Important.,,No,No,No,NONE,NONE
118968675952,Bishops Gate,PAYMENT,Yes,Male,35-44,Yes,No,HYBRID,None of the above,Not Selected,Not Selected,Not Selected,Not Selected,Not Selected,Not Selected,Not Selected,Not Selected,Not Selected,Not Selected,Not Selected,Not Selected,Not Selected,Not Selected,No,,,,,,,,,,,,,,Increased awareness sessions on mental health issues,,,,,Important,Important,Not Important.,Important,,Yes,No,Yes,ENGAGING,NONE
118968678239,Maua Branch,Customer Service,Yes,Female,45-54,Yes,No,Yet to participate ,None of the above,Not Selected,Not Selected,Not Selected,Not Selected,Not Selected,Not Selected,Not Selected,Not Selected,Not Selected,Not Selected,Not Selected,Not Selected,Not Selected,Not Selected,No,,,,Retirement planning,Investment,,,,,,,,,Increased awareness sessions on mental health issues,Money matters/Financial coaching and literacy sessions,,,,Important,Important,Important,Urgent,,Yes,Yes,No,,No suggestions 
118968682216,Kitale Branch,Teller/Cashier,Yes,Male,35-44,Yes,No,Yet a participate ,,Not Selected,Not Selected,Work-life imbalance,Not Selected,Not Selected,Financial challenges,Not Selected,Not Selected,Not Selected,Not Selected,Not Selected,Not Selected,Not Selected,Not Selected,No,,,,,Investment,Financial planning,,Anxiety/depression,,,,,,,Money matters/Financial coaching and literacy sessions,,,,Urgent,Urgent,Important,Important,,No,Yes,,,No suggestions 
118968691882,Ngong Branch,Operations,Yes,Female,35-44,Yes,No,,,Not Selected,Not Selected,Not Selected,Not Selected,Not Selected,Not Selected,Not Selected,Not Selected,Not Selected,Not Selected,Not Selected,Not Selected,Not Selected,HEALTH,No,,,,,,,NONE,,,,,,,,,,,NONE,Important,Important,Not Important.,Important,,Yes,Yes,Yes,ENGAGING,NONE
118968693373,Muthaiga Branch,Customer Service,Yes,Female,35-44,Yes,No,She was on leave ,None of the above,Not Selected,Not Selected,Not Selected,Not Selected,Not Selected,Not Selected,Not Selected,Not Selected,Not Selected,Not Selected,Not Selected,Not Selected,Not Selected,Not Selected,No,,Personal financial management,,,Investment,,,,,,,,,,Money matters/Financial coaching and literacy sessions,,,,Urgent,Important,Important,Urgent,,Yes,Yes,Yes,Detailed survey ,No suggestions 
118968701029,River Road Branch Kianjoya Bulding,Business Banking,Yes,Male,35-44,Yes,Yes,,,Not Selected,Work- and work-related stressors,Not Selected,Not Selected,Not Selected,Not Selected,Not Selected,Not Selected,Not Selected,Not Selected,Not Selected,Not Selected,Not Selected,Not Selected,No,,,,,,,NONE,,,,,,,,,,,,Important,Important,Not Important.,Important,,Yes,No,Yes,WELL DETAILED,NONE
118968699180,Eastleigh Branch,Teller/Cashier,Yes,Female,25-34,Yes,No,She's on leave ,None of the above,Not Selected,Not Selected,Not Selected,Not Selected,Not Selected,Not Selected,Not Selected,Not Selected,Not Selected,Not Selected,Not Selected,Not Selected,Not Selected,Not Selected,No,,,,,,Financial planning,,Anxiety/depression,,,,Building healthy relationships/marriages,,Increased awareness sessions on mental health issues,Money matters/Financial coaching and literacy sessions,,,,Urgent,Urgent,Important,Important,,Yes,Yes,Yes,,Try to do carecalls twice a year or even quarterly 
118968706369,Nyeri Branch,Teller/Cashier,Yes,Male,25-34,Yes,No,Yet to participate ,None of the above,Not Selected,Not Selected,Not Selected,Not Selected,Not Selected,Not Selected,Not Selected,Not Selected,Not Selected,Not Selected,Not Selected,Not Selected,Not Selected,Not Selected,No,,,,,,Financial planning,,Anxiety/depression,,,,,,,,,,,Urgent,Important,Important,Important,,Yes,Yes,No,,No suggestions 
118968717379,Two Rivers Mall Branch,Teller/Cashier,Yes,Female,25-34,Yes,No,She was held up at work ,None of the above,Not Selected,Not Selected,Not Selected,Not Selected,Not Selected,Not Selected,Not Selected,Not Selected,Not Selected,Not Selected,Not Selected,Not Selected,Not Selected,Not Selected,No,,,,,Investment,,,,,,Men Cave/Women Forum,,Parenting and childcare,,,"Building healthy relationships at work (colleagues, team leaders, managers)",,,Urgent,Important,Important,Important,,No,Yes,No,,
118968755407,Nakuru East Branch,Retail,Yes,Male,35-44,Yes,No,THE MEDICAL CAMP TOO LATE,None of the above,Not Selected,Not Selected,Not Selected,Not Selected,Not Selected,Not Selected,Not Selected,Not Selected,Not Selected,Not Selected,Not Selected,Not Selected,Not Selected,Not Selected,No,,,,,,,NONE,,,,,,,Increased awareness sessions on mental health issues,,,,,Important,Important,Not Important.,Important,,No,No,Yes,NONE,NONE
118968785865,Nakuru West Branch,Teller/Cashier,Yes,Male,35-44,Yes,Yes,,,Not Selected,Not Selected,Not Selected,Not Selected,Not Selected,Financial challenges,Not Selected,Not Selected,Not Selected,Not Selected,Not Selected,Not Selected,"Chronic Diseases (nuclear family, parents, other extended family members",Not Selected,No,,Personal financial management,,Retirement planning,,,,Anxiety/depression,,,Men Cave/Women Forum,Building healthy relationships/marriages,,,,"Building healthy relationships at work (colleagues, team leaders, managers)",,,Urgent,Urgent,Important,Important,,Yes,Yes,Yes,The questions are more detailed ,None at the moment 
118968791352,Kikuyu Branch,Teller/Cashier,Yes,Male,35-44,Yes,Yes,,None of the above,Not Selected,Not Selected,Not Selected,Not Selected,Not Selected,Not Selected,Not Selected,Not Selected,Not Selected,Not Selected,Not Selected,Not Selected,Not Selected,Not Selected,No,,,,,Investment,Financial planning,,,,,,Building healthy relationships/marriages,,,,,,,Urgent,Urgent,Important,Important,,No,No,Yes,,No suggestions 
118968798628,Bishops Gate,Payment department ,Yes,Female,45-54,Yes,No,She's working from home ,,Not Selected,Not Selected,Not Selected,Not Selected,Not Selected,Financial challenges,Not Selected,Not Selected,Not Selected,Not Selected,Not Selected,Not Selected,Not Selected,Not Selected,No,,,,,,,,,,,,,,Increased awareness sessions on mental health issues,Money matters/Financial coaching and literacy sessions,,,,Urgent,Urgent,Important,Important,,Yes,Yes,Yes,The questionnaire . Detailed and more ,No 
118968813979,Thika Branch,Teller/Cashier,Yes,Female,35-44,Yes,No,,,Not Selected,Not Selected,Not Selected,Not Selected,Not Selected,Not Selected,Not Selected,Not Selected,Anxiety and depression,Not Selected,Not Selected,Not Selected,Not Selected,Not Selected,No,,,,,Investment,Financial planning,,,,Dealing with addiction and related stigma,Men Cave/Women Forum,Building healthy relationships/marriages,Parenting and childcare,Increased awareness sessions on mental health issues,Money matters/Financial coaching and literacy sessions,"Building healthy relationships at work (colleagues, team leaders, managers)",Develop a Teens program on contemporary topics,,Urgent,Urgent,Important,Not Important.,,No,Yes,No,,None at the moment 
118968850503,Nkrumah Road Branch,Teller/Cashier,Yes,Male,25-34,Yes,Yes,,,Not Selected,Work- and work-related stressors,Work-life imbalance,Not Selected,Not Selected,Financial challenges,Not Selected,Not Selected,Not Selected,Not Selected,Not Selected,Not Selected,Not Selected,Not Selected,No,,,,,Investment,,,Anxiety/depression,,Dealing with addiction and related stigma,,Building healthy relationships/marriages,,Increased awareness sessions on mental health issues,,"Building healthy relationships at work (colleagues, team leaders, managers)",,,Urgent,Urgent,Important,Important,,Yes,Yes,Yes,,No suggestions 
118968875709,Airport ,Teller/Cashier,Yes,Female,45-54,Yes,Yes,,,Not Selected,Not Selected,Not Selected,Not Selected,Marital issues,Not Selected,Not Selected,Not Selected,Not Selected,Not Selected,Not Selected,Not Selected,Not Selected,Not Selected,No,,,,Retirement planning,Investment,,,Anxiety/depression,Health and well-being including lifestyle diseases,,,Building healthy relationships/marriages,,,,"Building healthy relationships at work (colleagues, team leaders, managers)",,,Urgent,Urgent,Important,Important,,Yes,Yes,Yes,A big improvement ,None for now
118968930461,Absa Headquarters (KE),Collections,Yes,Female,35-44,Yes,No,Working from home ,None of the above,Not Selected,Not Selected,Not Selected,Not Selected,Not Selected,Not Selected,Not Selected,Not Selected,Not Selected,Not Selected,Not Selected,Not Selected,Not Selected,Not Selected,No,,,Debt management,Retirement planning,Investment,,,Anxiety/depression,Health and well-being including lifestyle diseases,Dealing with addiction and related stigma,Men Cave/Women Forum,Building healthy relationships/marriages,Parenting and childcare,Increased awareness sessions on mental health issues,Money matters/Financial coaching and literacy sessions,"Building healthy relationships at work (colleagues, team leaders, managers)",Develop a Teens program on contemporary topics,,Important,Important,Important,Urgent,,Yes,Yes,Yes,It's abit detailed ,No suggestions 
118969333820,Queensway House,Operations,Yes,Female,35-44,Yes,Yes,,,Not Selected,Not Selected,Not Selected,Not Selected,Not Selected,Not Selected,Not Selected,Not Selected,Not Selected,Not Selected,Loss and Grief,Not Selected,Not Selected,Not Selected,No,MANAGING WELL,Personal financial management,,,,,,,,,,,,Increased awareness sessions on mental health issues,,,,,Important,Important,Important,Important,,Yes,Yes,No,NONE,NONE
118968760283,Sarit Centre Prestige,Operations,Yes,Female,35-44,Yes,Yes,,,Not Selected,Work- and work-related stressors,Not Selected,Not Selected,Not Selected,Not Selected,Not Selected,Not Selected,Not Selected,Not Selected,Not Selected,Not Selected,Not Selected,Not Selected,No,,,,,,,NONE,,,,,,,,,,,NONE,Urgent,Urgent,Not Important.,Urgent,,No,No,Yes,NONE,NONE
118969342093,Sarit Centre Prestige,Operations,Yes,Female,35-44,Yes,Yes,,,Not Selected,Not Selected,Not Selected,Not Selected,Not Selected,Not Selected,Not Selected,Not Selected,Not Selected,Not Selected,Not Selected,Not Selected,Not Selected,HEALTH,No,MANAGING WELL,,,,,,NONE,,Health and well-being including lifestyle diseases,,,,,,,,,,Important,Important,Not Important.,Important,,Yes,No,No,NONE,NONE
118969449102,Bishops Gate,Risk,Yes,Female,35-44,Yes,Yes,,None of the above,Not Selected,Not Selected,Not Selected,Not Selected,Not Selected,Not Selected,Not Selected,Not Selected,Not Selected,Not Selected,Not Selected,Not Selected,Not Selected,Not Selected,No,,Personal financial management,,,,,,,,,,,,Increased awareness sessions on mental health issues,,,,,Urgent,Urgent,Not Important.,Important,,No,No,Yes,ENGAGING,NONE
118969456500,Eldoret Branch,Operations,Yes,Female,35-44,Yes,Yes,,,Not Selected,Work- and work-related stressors,Not Selected,Not Selected,Not Selected,Not Selected,Not Selected,Not Selected,Not Selected,Not Selected,Not Selected,Not Selected,Not Selected,Not Selected,No,MANAGING WELL,,,,,,NONE,,,,,,,Increased awareness sessions on mental health issues,,,,,Urgent,Important,Not Important.,Important,,Yes,Yes,Yes,ENGAGING,NONE
118969455983,Lunga Lunga Square,Teller/Cashier,Yes,Female,35-44,Yes,No,,None of the above,Not Selected,Not Selected,Not Selected,Not Selected,Not Selected,Not Selected,Not Selected,Not Selected,Not Selected,Not Selected,Not Selected,Not Selected,Not Selected,Not Selected,No,,,,,,,NONE,,,,,,,,,,,NONE,Important,Important,Important,Important,,No,No,Yes,ENGAGING,NONE
118969459376,Bishops Gate,Corporate Banking,Yes,Male,35-44,Yes,No,BUSY SCHEDULE,None of the above,Not Selected,Not Selected,Not Selected,Not Selected,Not Selected,Not Selected,Not Selected,Not Selected,Not Selected,Not Selected,Not Selected,Not Selected,Not Selected,Not Selected,No,MANAGING WELL,,,,,,NONE,,,,,,,Increased awareness sessions on mental health issues,,,,,Important,Important,Important,Important,,Yes,Yes,Yes,MORE ENGAGING,NONE
118969484262,Nakuru East Branch,Operations,Yes,Female,35-44,Yes,No,THE CARAVAN STARTED,None of the above,Not Selected,Not Selected,Not Selected,Not Selected,Not Selected,Not Selected,Not Selected,Not Selected,Not Selected,Not Selected,Not Selected,Not Selected,Not Selected,Not Selected,No,MANAGING WELL,Personal financial management,,,,,,,,,,,,Increased awareness sessions on mental health issues,,,,,Important,Important,Not Important.,Important,,No,No,Yes,GREAT ENGAGEMENT,NONE
118969486967,Bishops Gate,Risk,Yes,Male,35-44,Yes,Yes,,,Not Selected,Not Selected,Not Selected,Not Selected,Not Selected,Not Selected,Not Selected,Not Selected,Not Selected,Traumatic experiences,Loss and Grief,Not Selected,Not Selected,Not Selected,Yes,,,,,,,NONE,,,,,,,,,,,LOSS AND GRIEF,Important,Important,Important,Important,,No,No,No,NONE,NONE
118969498577,Diani Branch,Teller/Cashier,Yes,Female,35-44,Yes,Yes,,None of the above,Not Selected,Not Selected,Not Selected,Not Selected,Not Selected,Not Selected,Not Selected,Not Selected,Not Selected,Not Selected,Not Selected,Not Selected,Not Selected,Not Selected,No,,Personal financial management,,,,,,,,,,,,,,,,WORK LIFE INTEGRATION,Important,Important,Important,Important,,Yes,Yes,No,NONE,NONE
118969501339,River Road Branch Kianjoya Bulding,Retail,Yes,Male,35-44,Yes,Yes,,,Not Selected,Not Selected,Not Selected,Not Selected,Not Selected,Not Selected,Not Selected,Not Selected,Not Selected,Not Selected,Not Selected,Not Selected,"Chronic Diseases (nuclear family, parents, other extended family members",Not Selected,No,MANAGING WELL,,,,,,,,,,,,,Increased awareness sessions on mental health issues,,,,SOCIAL MEDIA INFLUENCE,Important,Important,Important,Important,,Yes,Yes,No,NONE,NONE
118969538106,Bishops Gate,Card Operations,Yes,Male,45-54,Yes,No,HYBRID,,Not Selected,Not Selected,Not Selected,Not Selected,Not Selected,Not Selected,Not Selected,Not Selected,Not Selected,Not Selected,Not Selected,Not Selected,"Chronic Diseases (nuclear family, parents, other extended family members",Not Selected,No,MANAGING WELL,,,Retirement planning,,,,,Health and well-being including lifestyle diseases,,,,,,,,,,Important,Important,Not Important.,Important,,Yes,Yes,Yes,SATISFACTORY QUESTIONS,NONE
118969540065,Bishops Gate,ACQUIRY,Yes,Female,35-44,Yes,Yes,,,Not Selected,Work- and work-related stressors,Not Selected,Not Selected,Not Selected,Not Selected,Not Selected,Not Selected,Not Selected,Not Selected,Not Selected,Not Selected,Not Selected,Not Selected,No,MANAGING WELL,,,,,,NONE,,,,,,,,,,,NONE,Important,Important,Not Important.,Important,,No,No,Yes,ENGAGING,NONE
118969542231,Queensway House,Operations,Yes,Male,35-44,Yes,Yes,,,Not Selected,Work- and work-related stressors,Not Selected,Not Selected,Not Selected,Not Selected,Not Selected,Not Selected,Not Selected,Not Selected,Not Selected,Not Selected,Not Selected,Not Selected,No,NONE,,,,,,NONE,,,,,,,,,,,NONE,Important,Important,Not Important.,Important,,No,No,No,NONE,NONE
118969543973,Kabarnet Branch,Customer Service,Yes,Male,35-44,Yes,Yes,,None of the above,Not Selected,Not Selected,Not Selected,Not Selected,Not Selected,Not Selected,Not Selected,Not Selected,Not Selected,Not Selected,Not Selected,Not Selected,Not Selected,Not Selected,No,MANAGING WELL,,,,,,NONE,,,,,,,,,,,NONE,Important,Important,Not Important.,Important,,Yes,Yes,Yes,NONE,NONE
118969545442,River Road Branch Kianjoya Bulding,Operations,Yes,Female,35-44,Yes,Yes,,None of the above,Not Selected,Not Selected,Not Selected,Not Selected,Not Selected,Not Selected,Not Selected,Not Selected,Not Selected,Not Selected,Not Selected,Not Selected,Not Selected,Not Selected,No,MANAGING WELL,,,,,,NONE,,,,,,,,,,,WORK STRESS,Important,Important,Not Important.,Important,,Yes,Yes,Yes,ENGAGING,NONE
118969550274,Kapenguria Branch,Teller/Cashier,Yes,Male,35-44,Yes,Yes,,None of the above,Not Selected,Not Selected,Not Selected,Not Selected,Not Selected,Not Selected,Not Selected,Not Selected,Not Selected,Not Selected,Not Selected,Not Selected,Not Selected,Not Selected,No,MANAGING WELL,,,,,,NONE,,,,,,,,,,,NONE,Important,Important,Not Important.,Important,,No,No,No,NONE,NONE
118969553549,Eastleigh Branch,Operations,Yes,Female,35-44,Yes,Yes,,None of the above,Not Selected,Not Selected,Not Selected,Not Selected,Not Selected,Not Selected,Not Selected,Not Selected,Not Selected,Not Selected,Not Selected,Not Selected,Not Selected,Not Selected,No,MANAGING WELL,,,,,,NONE,,,,,,,,,,,NONE,Important,Important,Not Important.,Important,,No,No,Yes,ENGAGING,NONE
118969555640,Kitale Branch,Operations,Yes,Female,35-44,Yes,No,ON LEAVE,,Not Selected,Work- and work-related stressors,Not Selected,Not Selected,Not Selected,Not Selected,Not Selected,Not Selected,Not Selected,Not Selected,Not Selected,Not Selected,Not Selected,Not Selected,No,MANAGING WELL,,,,,,NONE,,,,,,,,,,,NONE,Important,Important,Not Important.,Important,,No,No,No,NONE,NONE
118969548819,Busia,Card Operations,Yes,Male,55-64,Yes,Yes,,,"Personal challenges (career growth, education)",Not Selected,Not Selected,Not Selected,Not Selected,Not Selected,Not Selected,Not Selected,Not Selected,Not Selected,Not Selected,Not Selected,"Chronic Diseases (nuclear family, parents, other extended family members",Not Selected,No,MANAGING WELL,Personal financial management,,,,,,,,,,,,,,,,WORK LIFE INTEGRATION,Important,Important,Not Important.,Important,,Yes,Yes,Yes,ENGAGING,NONE
118969561356,Westgate,Operations,Yes,Male,35-44,Yes,No,BUSY SCHEDULE,,Not Selected,Work- and work-related stressors,Not Selected,Not Selected,Not Selected,Not Selected,Not Selected,Not Selected,Not Selected,Not Selected,Not Selected,Not Selected,Not Selected,Not Selected,No,MANAGING WELL,,,,,,NONE,,,,,,,,,,,NONE,Important,Important,Not Important.,Important,,No,No,No,NONE,NONE
118969567954,Bishops Gate,PAYMENT,Yes,Female,35-44,Yes,No,HYBRID,,Not Selected,Work- and work-related stressors,Not Selected,Not Selected,Not Selected,Not Selected,Not Selected,Not Selected,Not Selected,Not Selected,Not Selected,Not Selected,Not Selected,Not Selected,No,MANAGING WELL,Personal financial management,Debt management,,,,,,,,,,,Increased awareness sessions on mental health issues,Money matters/Financial coaching and literacy sessions,,,,Important,Important,Not Important.,Important,,Yes,No,No,NONE,NONE
118969576023,Absa Headquarters (KE),Operations,Yes,Female,35-44,Yes,No,,,"Personal challenges (career growth, education)",Not Selected,Not Selected,Not Selected,Not Selected,Not Selected,Not Selected,Not Selected,Not Selected,Not Selected,Not Selected,Not Selected,Not Selected,Not Selected,Yes,,,,,,,NONE,,,,,,,,,,,NONE,Important,Important,Not Important.,Important,,Yes,Yes,Yes,ENGAGING,NONE
118969579447,Hurlingham Branch,Operations,Yes,Male,35-44,Yes,No,ON LEAVE,None of the above,Not Selected,Not Selected,Not Selected,Not Selected,Not Selected,Not Selected,Not Selected,Not Selected,Not Selected,Not Selected,Not Selected,Not Selected,Not Selected,Not Selected,No,MANAGING WELL,Personal financial management,,,,,,,,,,,,,,,,NONE,Important,Important,Not Important.,Important,,Yes,Yes,No,NONE,NONE
118969585237,JKIA Branch,Retail,Yes,Female,35-44,Yes,Yes,,None of the above,Not Selected,Not Selected,Not Selected,Not Selected,Not Selected,Not Selected,Not Selected,Not Selected,Not Selected,Not Selected,Not Selected,Not Selected,Not Selected,Not Selected,No,MANAGING WELL,,,,,,NONE,,,,,,,,,,Develop a Teens program on contemporary topics,,Important,Important,Not Important.,Important,,Yes,Yes,No,NONE,NONE
118969589889,Kitale Branch,Retail,Yes,Male,35-44,Yes,Yes,,None of the above,Not Selected,Not Selected,Not Selected,Not Selected,Not Selected,Not Selected,Not Selected,Not Selected,Not Selected,Not Selected,Not Selected,Not Selected,Not Selected,Not Selected,No,MANAGING WELL,,,,,,NONE,,,,,,,Increased awareness sessions on mental health issues,,,,,Important,Important,Not Important.,Important,,Yes,Yes,No,NONE,NONE
118969596148,Eldoret Branch,Operations,Yes,Male,35-44,Yes,Yes,,None of the above,Not Selected,Not Selected,Not Selected,Not Selected,Not Selected,Not Selected,Not Selected,Not Selected,Not Selected,Not Selected,Not Selected,Not Selected,Not Selected,Not Selected,No,MANAGING,,,,,,NONE,,,,,,,,,,,NONE,Urgent,Urgent,Not Important.,Urgent,,No,No,No,NONE,NONE
118969598578,Queensway House,Retail,Yes,Female,35-44,Yes,No,AWAY ON LEAVE,,Not Selected,Not Selected,Not Selected,Not Selected,Not Selected,Financial challenges,Not Selected,Not Selected,Not Selected,Not Selected,Not Selected,Not Selected,Not Selected,Not Selected,No,MANAGING WELL,Personal financial management,,,,,,,,,,,,,,,,WORK STRESS,Important,Important,Important,Important,,No,No,No,NONE,NONE
118969606916,Kisumu Branch,Operations,Yes,Female,45-54,Yes,No,BUSY SCHEDULE,None of the above,Not Selected,Not Selected,Not Selected,Not Selected,Not Selected,Not Selected,Not Selected,Not Selected,Not Selected,Not Selected,Not Selected,Not Selected,Not Selected,Not Selected,No,,,,Retirement planning,,,,,,,,,,Increased awareness sessions on mental health issues,,,,,Urgent,Urgent,Not Important.,Urgent,,No,No,Yes,ENGAGING WELL,NONE
118969613297,Muranga Branch,Retail,Yes,Female,35-44,Yes,Yes,,,Not Selected,Work- and work-related stressors,Not Selected,Not Selected,Not Selected,Not Selected,Not Selected,Not Selected,Not Selected,Not Selected,Not Selected,Not Selected,Not Selected,Not Selected,No,MANAGING WELL,,,,,,,,,,,,,Increased awareness sessions on mental health issues,,,,WORK LIFE INTEGRATION,Important,Important,Not Important.,Important,,Yes,Yes,Yes,ENGAGING,NONE
118969617980,Muranga Branch,Retail,Yes,Female,35-44,Yes,Yes,,,Not Selected,Work- and work-related stressors,Not Selected,Not Selected,Not Selected,Not Selected,Not Selected,Not Selected,Not Selected,Not Selected,Not Selected,Not Selected,Not Selected,Not Selected,No,MANAGING WELL,,,,,,NONE,,,,,,,Increased awareness sessions on mental health issues,,,,WORK LIFE INTEGRATION,Important,Important,Not Important.,Important,,Yes,Yes,Yes,ENGAGING ,NONE
118969619816,Sarit Centre Prestige,Retail,Yes,Female,35-44,Yes,Yes,,,Not Selected,Not Selected,Not Selected,Not Selected,Not Selected,Not Selected,Not Selected,Not Selected,Not Selected,Not Selected,Loss and Grief,Not Selected,Not Selected,Not Selected,No,MANAGING WELL,,,,,,NONE,,,,,,,,,,,LOSS AND GRIEF,Important,Important,Not Important.,Important,,Yes,No,Yes,ENGAGING,NONE
118970417994,Absa Headquarters (KE),Operations,Yes,Female,35-44,Yes,No,ON LEAVE,,Not Selected,Work- and work-related stressors,Not Selected,Not Selected,Not Selected,Not Selected,Not Selected,Not Selected,Not Selected,Not Selected,Not Selected,Not Selected,Not Selected,Not Selected,No,MANAGING WELL,,,,,,NONE,,,,,,,,,,,WORK LIFE INTEGRATION,Important,Important,Not Important.,Important,,Yes,Yes,Yes,ENGAGING,NONE
118970425055,Wote Branch,Operations,Yes,Female,35-44,Yes,No,busy schedule,None of the above,Not Selected,Not Selected,Not Selected,Not Selected,Not Selected,Not Selected,Not Selected,Not Selected,Not Selected,Not Selected,Not Selected,Not Selected,Not Selected,Not Selected,No,managing well,,,,,,NONE,,,,,,,,,,,NONE,Important,Important,Not Important.,Important,,Yes,Yes,No,none,none
118970430296,Bunyala Road Branch,Operations,Yes,Male,45-54,Yes,No,cover limit,,Not Selected,Not Selected,Not Selected,Not Selected,Not Selected,Financial challenges,Not Selected,Not Selected,Not Selected,Not Selected,Not Selected,Not Selected,Not Selected,Not Selected,No,managing well,,,,,Financial planning,,,,,,,,,,,,NONE,Important,Important,Not Important.,Important,,Yes,Yes,No,none,none
118970433588,Meru Branch,Operations,Yes,Female,35-44,Yes,Yes,,None of the above,Not Selected,Not Selected,Not Selected,Not Selected,Not Selected,Not Selected,Not Selected,Not Selected,Not Selected,Not Selected,Not Selected,Not Selected,Not Selected,Not Selected,No,managing well,,,,,,NONE,,,,,,,,,,,NONE,Important,Important,Not Important.,Important,,Yes,Yes,Yes,engaging,none
118970437617,JKIA Branch,Teller/Cashier,Yes,Female,45-54,Yes,Yes,,None of the above,Not Selected,Not Selected,Not Selected,Not Selected,Not Selected,Not Selected,Not Selected,Not Selected,Not Selected,Not Selected,Not Selected,Not Selected,Not Selected,Not Selected,No,managing well,,,,,,NONE,,,,,,,,,,,NONE,Important,Important,Not Important.,Important,,Yes,Yes,Yes,none,none
118970441661,Sarit Centre Prestige,Operations,Yes,Female,35-44,Yes,Yes,,,"Personal challenges (career growth, education)",Not Selected,Not Selected,Not Selected,Not Selected,Not Selected,Not Selected,Not Selected,Not Selected,Not Selected,Not Selected,Not Selected,Not Selected,Not Selected,Yes,,,,,,,NONE,,,,,,,,,,,NONE,Important,Important,Not Important.,Important,,Yes,Yes,No,none,none
118970446163,Muthaiga Branch,Operations,Yes,Female,35-44,Yes,Yes,,,Not Selected,Not Selected,Not Selected,Not Selected,Not Selected,Not Selected,Not Selected,Parenting challenges,Not Selected,Not Selected,Not Selected,Not Selected,Not Selected,Not Selected,No,Managing well,,,,,,,,,,,,Parenting and childcare,,,,,,Important,Important,Important,Important,,Yes,Yes,No,none,none
118970449928,Gilgil Express Branch,Operations,Yes,Male,35-44,Yes,Yes,,None of the above,Not Selected,Not Selected,Not Selected,Not Selected,Not Selected,Not Selected,Not Selected,Not Selected,Not Selected,Not Selected,Not Selected,Not Selected,Not Selected,Not Selected,Yes,,,,,,,,,,,,,,Increased awareness sessions on mental health issues,,,,,Important,Important,Not Important.,Important,,Yes,No,No,engaging,none
118970453383,Nakuru East Branch,Customer Service,Yes,Female,35-44,Yes,Yes,,None of the above,Not Selected,Not Selected,Not Selected,Not Selected,Not Selected,Not Selected,Not Selected,Not Selected,Not Selected,Not Selected,Not Selected,Not Selected,Not Selected,Not Selected,No,managing well,,,,,,SAVINGS,,,,,,,,,,,NONE,Important,Important,Important,Important,,Yes,No,No,none,none
118970467218,Absa Headquarters (KE),Risk,Yes,Female,35-44,Yes,Yes,,,Not Selected,Not Selected,Not Selected,Not Selected,Not Selected,Not Selected,Not Selected,Not Selected,Not Selected,Not Selected,Not Selected,Not Selected,Not Selected,Not Selected,No,managing,,,,,,NONE,,,,,,,,,,,NONE,Important,Important,Not Important.,Important,,Yes,Yes,Yes,ENGAGING,NONE
118970470870,Kakamega Branch,Operations,Yes,Female,35-44,Yes,No,ON LEAVE,,Not Selected,Work- and work-related stressors,Not Selected,Not Selected,Not Selected,Not Selected,Not Selected,Not Selected,Not Selected,Not Selected,Not Selected,Not Selected,Not Selected,Not Selected,No,,Personal financial management,,,,,,,,,,,,,,,,BURNOUT,Important,Important,Important,Important,,Yes,Yes,Yes,ENGAGING,NONE
118970476469,Ongata Rongai Branch,Business Banking,Yes,Female,35-44,Yes,Yes,,,Not Selected,Not Selected,Not Selected,Not Selected,Not Selected,Not Selected,Not Selected,Not Selected,Not Selected,Not Selected,Not Selected,Not Selected,Not Selected,Not Selected,Yes,,,,,,,NONE,,,,,,,Increased awareness sessions on mental health issues,,,,,Important,Important,Not Important.,Important,,Yes,Yes,Yes,ENGAGING,NONE
118970485272,Kisumu Branch,Teller/Cashier,Yes,Female,45-54,Yes,Yes,,,Not Selected,Work- and work-related stressors,Not Selected,Not Selected,Not Selected,Not Selected,Not Selected,Not Selected,Not Selected,Not Selected,Not Selected,Not Selected,Not Selected,Not Selected,No,NO MANAGING,,,,,,,,,,,,,,,,,BURNOUT,Important,Important,Important,Important,,No,No,Yes,ENGAGING,NONE
118970490891,Absa Headquarters (KE),Retail,Yes,Male,35-44,Yes,Yes,,None of the above,Not Selected,Not Selected,Not Selected,Not Selected,Not Selected,Not Selected,Not Selected,Not Selected,Not Selected,Not Selected,Not Selected,Not Selected,Not Selected,Not Selected,No,,,,,,,NONE,,,,,,,,,,,NONE,Important,Important,Not Important.,Important,,No,No,Yes,ENGAGING,NONE
118970495824,Kisumu Branch,Retail,Yes,Male,35-44,Yes,No,ON LEAVE,,Not Selected,Work- and work-related stressors,Not Selected,Not Selected,Not Selected,Not Selected,Not Selected,Not Selected,Not Selected,Not Selected,Not Selected,Not Selected,Not Selected,Not Selected,No,MANAGING WELL,,,,,,,,,,,,,Increased awareness sessions on mental health issues,,,,,Important,Important,Important,Important,,Yes,Yes,Yes,ENGAGING,NONE
118970515283,Embu Branch,Retail,Yes,Male,35-44,Yes,Yes,,,Not Selected,Work- and work-related stressors,Not Selected,Not Selected,Not Selected,Not Selected,Not Selected,Not Selected,Not Selected,Not Selected,Not Selected,Not Selected,Not Selected,Not Selected,No,,,,,,,NONE,,,,,,,,,,,BURNOUT,Important,Important,Important,Important,,Yes,No,No,NONE,NONE
118970533070,Muthaiga Branch,ENQUIRY,Yes,Male,35-44,Yes,No,,None of the above,Not Selected,Not Selected,Not Selected,Not Selected,Not Selected,Not Selected,Not Selected,Not Selected,Not Selected,Not Selected,Not Selected,Not Selected,Not Selected,Not Selected,No,MANAGING WELL,,,,,,NONE,,,,,,,Increased awareness sessions on mental health issues,,,,BURNOUT,Important,Important,Not Important.,Important,,No,No,Yes,NONE,NONE
118970536718,Kabarnet Branch,Retail,Yes,Female,45-54,Yes,Yes,,None of the above,Not Selected,Not Selected,Not Selected,Not Selected,Not Selected,Not Selected,Not Selected,Not Selected,Not Selected,Not Selected,Not Selected,Not Selected,Not Selected,Not Selected,No,MANAGING WELL,Personal financial management,Debt management,Retirement planning,Investment,Financial planning,,,Health and well-being including lifestyle diseases,,,,,,,,,,Important,Important,Important,Important,,Yes,Yes,Yes,ENGAGING,NONE
118970546130,Homa Bay Branch,Teller/Cashier,Yes,Male,45-54,Yes,Yes,,None of the above,Not Selected,Not Selected,Not Selected,Not Selected,Not Selected,Not Selected,Not Selected,Not Selected,Not Selected,Not Selected,Not Selected,Not Selected,Not Selected,Not Selected,No,MANAGING WELL,,,,,,NONE,,,,,,,,,,,NONE,Important,Important,Not Important.,Important,,No,No,Yes,ENGAGING,NONE
118970552488,Kitengela Plaza Branch,Teller/Cashier,Yes,Female,35-44,Yes,Yes,,,Not Selected,Not Selected,Not Selected,Not Selected,Not Selected,Financial challenges,Not Selected,Not Selected,Not Selected,Not Selected,Not Selected,Not Selected,Not Selected,Not Selected,No,MANAGING WELKL,Personal financial management,,,,,,,,,,,,Increased awareness sessions on mental health issues,,,,,Important,Important,Important,Important,,Yes,No,Yes,ENGAGING,NONE
118970580808,Market Branch,Teller/Cashier,Yes,Male,25-34,Yes,No,Was on leave ,None of the above,Not Selected,Not Selected,Not Selected,Not Selected,Not Selected,Not Selected,Not Selected,Not Selected,Not Selected,Not Selected,Not Selected,Not Selected,Not Selected,Not Selected,No,,,,,Investment,,,Anxiety/depression,,,,,,,,,,,Urgent,Urgent,Important,Important,,No,No,Yes,,No suggestions 
118970584279,Eldoret Branch,Teller/Cashier,Yes,Female,35-44,Yes,No,Yet to participate ,,Not Selected,Not Selected,Not Selected,Not Selected,Not Selected,Financial challenges,Not Selected,Not Selected,Not Selected,Not Selected,Not Selected,Not Selected,"Chronic Diseases (nuclear family, parents, other extended family members",Not Selected,No,,,,,,Financial planning,,,Health and well-being including lifestyle diseases,,,Building healthy relationships/marriages,,Increased awareness sessions on mental health issues,,"Building healthy relationships at work (colleagues, team leaders, managers)",,,Urgent,Urgent,Important,Important,,No,No,Yes,None ,No suggestions 
118971369356,Meru Branch,Operations,Yes,Male,45-54,Yes,Yes,,None of the above,Not Selected,Not Selected,Not Selected,Not Selected,Not Selected,Not Selected,Not Selected,Not Selected,Not Selected,Not Selected,Not Selected,Not Selected,Not Selected,Not Selected,No,MANAGING WELL,Personal financial management,,,,,,,,,Men Cave/Women Forum,,,Increased awareness sessions on mental health issues,,,,,Important,Important,Important,Important,,Yes,Yes,No,NONE,NONE
118971375631,Limuru Branch,Operations,Yes,Female,25-34,No,No,ON LEAVE,None of the above,Not Selected,Not Selected,Not Selected,Not Selected,Not Selected,Not Selected,Not Selected,Not Selected,Not Selected,Not Selected,Not Selected,Not Selected,Not Selected,Not Selected,No,MANAGING WELL,,,,,,,,,,,,,Increased awareness sessions on mental health issues,,,,,Urgent,Important,Not Important.,Important,,Yes,Yes,No,NONE,NONE
118971379465,Market Branch,Customer Service,Yes,Female,35-44,Yes,No,ON LEAVE,,"Personal challenges (career growth, education)",Not Selected,Not Selected,Not Selected,Not Selected,Not Selected,Not Selected,Not Selected,Not Selected,Not Selected,Not Selected,Not Selected,Not Selected,Not Selected,No,MANAGING,,,,,,,,,,,,,,,,,NONE,Important,Important,Not Important.,Important,,No,No,No,NONE,NONE
118971382004,Queensway House,Operations,Yes,Male,35-44,Yes,Yes,,,Not Selected,Not Selected,Not Selected,Not Selected,Not Selected,Not Selected,Not Selected,Not Selected,Not Selected,Not Selected,Not Selected,Not Selected,"Chronic Diseases (nuclear family, parents, other extended family members",Not Selected,No,MANAGING WELL,Personal financial management,,,,,,,Health and well-being including lifestyle diseases,,,,,,,,,,Urgent,Important,Important,Important,,Yes,Yes,Yes,ENGAGING,NONE
118971395292,Queensway House,Operations,Yes,Female,35-44,Yes,No,ON LEAVE,,Not Selected,Not Selected,Not Selected,Not Selected,Not Selected,Not Selected,Not Selected,Parenting challenges,Not Selected,Not Selected,Not Selected,Not Selected,Not Selected,Not Selected,No,MANAGING WELL,Personal financial management,,,,,,,,,,,Parenting and childcare,,,,,,Urgent,Important,Important,Important,,No,No,Yes,,
118971403924,Absa Headquarters (KE),Corporate Banking,Yes,Male,35-44,Yes,Yes,,,"Personal challenges (career growth, education)",Not Selected,Not Selected,Not Selected,Not Selected,Not Selected,Not Selected,Not Selected,Not Selected,Not Selected,Not Selected,Not Selected,Not Selected,Not Selected,Yes,,,,,Investment,,,,,,,,,,,,,NONE,Important,Important,Important,Important,,Yes,Yes,No,NONE,NONE
118971417782,Nakuru East Branch,Customer Service,Yes,Female,35-44,Yes,Yes,,None of the above,Not Selected,Not Selected,Not Selected,Not Selected,Not Selected,Not Selected,Not Selected,Not Selected,Not Selected,Not Selected,Not Selected,Not Selected,Not Selected,Not Selected,No,MANAGING WELL,,,,Investment,,,,,,,,,Increased awareness sessions on mental health issues,,,,,Important,Important,Important,Important,,Yes,Yes,Yes,ENGAGING,NONE
118971426891,Nanyuki Branch,Retail,Yes,Female,35-44,Yes,Yes,,None of the above,Not Selected,Not Selected,Not Selected,Not Selected,Not Selected,Not Selected,Not Selected,Not Selected,Not Selected,Not Selected,Not Selected,Not Selected,Not Selected,Not Selected,No,MANAGING WELL,,,,,,NONE,,,,,,,,,,,NONE,Important,Important,Not Important.,Important,,Yes,Yes,Yes,DETAILED,NONE
118971429386,Absa Plaza,Customer Service,Yes,Female,35-44,Yes,Yes,,None of the above,Not Selected,Not Selected,Not Selected,Not Selected,Not Selected,Not Selected,Not Selected,Not Selected,Not Selected,Not Selected,Not Selected,Not Selected,Not Selected,Not Selected,No,MANAGING,,,Retirement planning,Investment,,,,,,,,,,,,,WORK LIFE INTEGRATION,Important,Important,Not Important.,Important,,Yes,Yes,No,NONE,NONE
118971434300,Ruaraka Branch,Operations,Yes,Female,35-44,Yes,Yes,,,"Personal challenges (career growth, education)",Work- and work-related stressors,Not Selected,Not Selected,Not Selected,Not Selected,Not Selected,Not Selected,Not Selected,Not Selected,Not Selected,Not Selected,Not Selected,Not Selected,Yes,,Personal financial management,,,,,,,,,,,,,,,,WORK LIFE INTEGRATION,Important,Important,Important,Important,,Yes,Yes,Yes,DETAILED,NONE
118971442638,Kapsabet Branch,Operations,Yes,Male,35-44,Yes,Yes,,,"Personal challenges (career growth, education)",Not Selected,Not Selected,Not Selected,Not Selected,Not Selected,Not Selected,Not Selected,Not Selected,Not Selected,Not Selected,Not Selected,Not Selected,Not Selected,No,MANAGING WELL,,,,Investment,,,,,,,,,,,,,WORK STRESS,Important,Important,Not Important.,Important,,No,No,Yes,WELL DETAILED,NONE
118971447715,Absa Headquarters (KE),Collections,Yes,Female,35-44,Yes,Yes,,None of the above,Not Selected,Not Selected,Not Selected,Not Selected,Not Selected,Not Selected,Not Selected,Not Selected,Not Selected,Not Selected,Not Selected,Not Selected,Not Selected,Not Selected,No,MANAGING WELL,,,Retirement planning,,,,,,,,,,Increased awareness sessions on mental health issues,,,,,Important,Urgent,Not Important.,Important,,Yes,Yes,Yes,WELL DETAILED,NONE
118971453153,Ruaraka Branch,Operations,Yes,Male,35-44,Yes,Yes,,,Not Selected,Work- and work-related stressors,Not Selected,Not Selected,Not Selected,Not Selected,Not Selected,Not Selected,Not Selected,Not Selected,Not Selected,Not Selected,Not Selected,Not Selected,No,MANAGING WELL,Personal financial management,,,,,,,,,,,,Increased awareness sessions on mental health issues,,,,,Important,Important,Not Important.,Important,,No,No,Yes,WELL DETAILE,NONE
118971456508,Absa Headquarters (KE),Collections,Yes,Male,35-44,Yes,No,HYBRID,None of the above,Not Selected,Not Selected,Not Selected,Not Selected,Not Selected,Not Selected,Not Selected,Not Selected,Not Selected,Not Selected,Not Selected,Not Selected,Not Selected,Not Selected,No,,,,,Investment,,,,,,,,,,,,,NONE,Important,Important,Important,Important,,No,No,Yes,WELL DETAILED,NONE
118971471739,Westgate,Operations,Yes,Male,35-44,Yes,Yes,,,"Personal challenges (career growth, education)",Not Selected,Not Selected,Not Selected,Not Selected,Not Selected,Not Selected,Not Selected,Not Selected,Not Selected,Not Selected,Not Selected,Not Selected,Not Selected,No,MANAGING WELL,Personal financial management,,,,,,,Health and well-being including lifestyle diseases,,,,,,,,,,Important,Important,Not Important.,Important,,Yes,Yes,Yes,WELL DETAILED,NONE
118972160037,Nakuru East Branch,Customer Service,Yes,Male,45-54,Yes,Yes,,,Not Selected,Not Selected,Not Selected,Not Selected,Not Selected,Not Selected,Not Selected,Not Selected,Not Selected,Not Selected,Not Selected,Not Selected,Not Selected,HEALTH,Yes,MANAGING WELL,Personal financial management,,,,,,,,,,,,Increased awareness sessions on mental health issues,,,,,Important,Important,Important,Important,,Yes,Yes,No,NONE,NONE
118973878476,Westend,Marketing & Communication,Yes,Female,Below 25 Years,Yes,No,,,Not Selected,Not Selected,Not Selected,Not Selected,Not Selected,Financial challenges,Not Selected,Not Selected,Not Selected,Not Selected,Not Selected,Not Selected,Not Selected,Not Selected,No,,,,,Investment,Financial planning,,,,,,,,,Money matters/Financial coaching and literacy sessions,,,,Important,Important,Not Important.,Important,,No,No,No,,
118974635613,Bishops Gate,Finance,Yes,Female,25-34,Yes,No,,None of the above,Not Selected,Not Selected,Not Selected,Not Selected,Not Selected,Not Selected,Not Selected,Not Selected,Not Selected,Not Selected,Not Selected,Not Selected,Not Selected,Not Selected,No,,Personal financial management,,Retirement planning,,,,,Health and well-being including lifestyle diseases,,,,,Increased awareness sessions on mental health issues,Money matters/Financial coaching and literacy sessions,"Building healthy relationships at work (colleagues, team leaders, managers)",,emotional intelligence,,Urgent,,Urgent,,Yes,Yes,No,,
118974641562,Absa Headquarters (KE),Corporate Banking,Yes,Male,35-44,Yes,No,BUSY SCHEDULE,None of the above,Not Selected,Not Selected,Not Selected,Not Selected,Not Selected,Not Selected,Not Selected,Not Selected,Not Selected,Not Selected,Not Selected,Not Selected,Not Selected,Not Selected,No,MANAGING WELL,,,,Investment,,,,,,,,,Increased awareness sessions on mental health issues,,,,,Important,Important,Important,Important,,Yes,Yes,Yes,WELL DETAILED,NONE
118974647336,Absa Headquarters (KE),Markets,Yes,Male,45-54,Yes,Yes,,None of the above,Not Selected,Not Selected,Not Selected,Not Selected,Not Selected,Not Selected,Not Selected,Not Selected,Not Selected,Not Selected,Not Selected,Not Selected,Not Selected,Not Selected,No,MANAGING WELL,,,,,,NONE,,,,,,,,,,,NONE,Important,Important,Not Important.,Important,,Yes,No,Yes,NONE,NONE
118974663095,Absa Headquarters (KE),Corporate Banking,Yes,Male,35-44,Yes,Yes,,None of the above,Not Selected,Not Selected,Not Selected,Not Selected,Not Selected,Not Selected,Not Selected,Not Selected,Not Selected,Not Selected,Not Selected,Not Selected,Not Selected,Not Selected,No,MANAGING WELL,Personal financial management,,,,,,,,,,,,,,,,WORK LIFE INTEGRATION,Important,Important,Not Important.,Important,,Yes,Yes,Yes,WELL DETAILED,NONE
118974669028,Absa Headquarters (KE),Markets,Yes,Male,45-54,Yes,No,RESULTS TOOK TOO LONG ,,Not Selected,Work- and work-related stressors,Not Selected,Not Selected,Not Selected,Not Selected,Not Selected,Not Selected,Not Selected,Not Selected,Not Selected,Not Selected,Not Selected,Not Selected,No,,Personal financial management,,,,,,,,,,,,,,,,WORK STRESS,Urgent,Important,Not Important.,Important,,Yes,Yes,Yes,WELL DETAILED,NONE
118974682451,Absa Headquarters (KE),Risk,Yes,Female,45-54,Yes,No,,None of the above,Not Selected,Not Selected,Not Selected,Not Selected,Not Selected,Not Selected,Not Selected,Not Selected,Not Selected,Not Selected,Not Selected,Not Selected,Not Selected,Not Selected,No,MANAGING WELL,,,Retirement planning,,,,,,,,,,Increased awareness sessions on mental health issues,,,,,Important,Important,Not Important.,Important,,Yes,Yes,Yes,WELL DETAILED,NONE
118974701326,Absa Headquarters (KE),Markets,Yes,Female,45-54,Yes,Yes,,None of the above,Not Selected,Not Selected,Not Selected,Not Selected,Not Selected,Not Selected,Not Selected,Not Selected,Not Selected,Not Selected,Not Selected,Not Selected,Not Selected,Not Selected,No,MANAGING WELL,,,,,,NONE,,,,,,,,,,,NONE,Important,Important,Not Important.,Important,,No,No,Yes,WELL DETAILED,NONE
118974717510,Absa Headquarters (KE),Corporate Banking,Yes,Male,45-54,Yes,Yes,,None of the above,Not Selected,Not Selected,Not Selected,Not Selected,Not Selected,Not Selected,Not Selected,Not Selected,Not Selected,Not Selected,Not Selected,Not Selected,Not Selected,Not Selected,No,MANAGING WELL,,,,,,NONE,,,,,,,Increased awareness sessions on mental health issues,,,,,Important,Important,Not Important.,Important,,Yes,Yes,Yes,NONE,NONE
118974772063,Absa Headquarters (KE),Business Banking,Yes,Female,45-54,Yes,Yes,,None of the above,Not Selected,Not Selected,Not Selected,Not Selected,Not Selected,Not Selected,Not Selected,Not Selected,Not Selected,Not Selected,Not Selected,Not Selected,Not Selected,Not Selected,No,MANAGING WELL,,,,,,NONE,,,,,,,Increased awareness sessions on mental health issues,,,,,Important,Important,Important,Important,,Yes,Yes,Yes,NONE,NONE
118974781753,Absa Headquarters (KE),Corporate Banking,Yes,Female,35-44,Yes,No,BUSY SCHEDULE,None of the above,Not Selected,Not Selected,Not Selected,Not Selected,Not Selected,Not Selected,Not Selected,Not Selected,Not Selected,Not Selected,Not Selected,Not Selected,Not Selected,Not Selected,No,MANAGING WELL,,,,,,NONE,,,,,,,,,,,NONE,Important,Important,Not Important.,Important,,Yes,Yes,No,NONE,NONE
118974784582,Bishops Gate,Risk,Yes,Male,45-54,Yes,No,ON LEAVE,None of the above,Not Selected,Not Selected,Not Selected,Not Selected,Not Selected,Not Selected,Not Selected,Not Selected,Not Selected,Not Selected,Not Selected,Not Selected,Not Selected,Not Selected,No,MANAGING,,,,Investment,,,,,,,,,Increased awareness sessions on mental health issues,,,,,Important,Important,Not Important.,Important,,No,No,No,NONE,NONE
118974789922,Absa Headquarters (KE),Corporate Banking,Yes,Male,45-54,Yes,No,BUSY SCHEDULE,None of the above,Not Selected,Not Selected,Not Selected,Not Selected,Not Selected,Not Selected,Not Selected,Not Selected,Not Selected,Not Selected,Not Selected,Not Selected,Not Selected,Not Selected,No,MANAGING WELL,,,,Investment,,,,,,,,,Increased awareness sessions on mental health issues,,,,,Important,Important,Not Important.,Important,,Yes,Yes,No,NONE,NONE
118974795778,Absa Headquarters (KE),Corporate Banking,Yes,Female,45-54,Yes,No,WASNT AWARE,None of the above,Not Selected,Not Selected,Not Selected,Not Selected,Not Selected,Not Selected,Not Selected,Not Selected,Not Selected,Not Selected,Not Selected,Not Selected,Not Selected,Not Selected,No,MANAGING WELL,,,,,,NONE,,,,,,,Increased awareness sessions on mental health issues,,,,,Important,Important,Not Important.,Important,,Yes,Yes,No,NONE,NONE
118974807251,Absa Headquarters (KE),Compliance & Legal,Yes,Male,45-54,Yes,No,ON LEAVE,None of the above,Not Selected,Not Selected,Not Selected,Not Selected,Not Selected,Not Selected,Not Selected,Not Selected,Not Selected,Not Selected,Not Selected,Not Selected,Not Selected,Not Selected,No,MANAGING WELL,,,,,,NONE,,,,,,,Increased awareness sessions on mental health issues,,,,WORK STRESS,Important,Important,Important,Important,,Yes,Yes,No,NONE,NONE
118974806044,Bunyala Road Branch,Corporate Banking,Yes,Female,45-54,Yes,Yes,,None of the above,Not Selected,Not Selected,Not Selected,Not Selected,Not Selected,Not Selected,Not Selected,Not Selected,Not Selected,Not Selected,Not Selected,Not Selected,Not Selected,Not Selected,No,NONE,,,,,,NONE,,,,,,,,,,,NONE,Important,Important,Not Important.,Important,,No,No,Yes,NONE,NONE
118974814598,Absa Headquarters (KE),Corporate Banking,Yes,Male,45-54,Yes,No,BUSY SCHEDULE,None of the above,Not Selected,Not Selected,Not Selected,Not Selected,Not Selected,Not Selected,Not Selected,Not Selected,Not Selected,Not Selected,Not Selected,Not Selected,Not Selected,Not Selected,No,MANAGING WELL,,,,,,NONE,,,,,,,,,,,NONE,Important,Important,Not Important.,Important,,Yes,Yes,Yes,NONE,NONE
118974817846,Bishops Gate,COO,Yes,Female,45-54,Yes,Yes,,None of the above,Not Selected,Not Selected,Not Selected,Not Selected,Not Selected,Not Selected,Not Selected,Not Selected,Not Selected,Not Selected,Not Selected,Not Selected,Not Selected,Not Selected,No,MANAGING WELL,,,,,,NONE,,,,,,,,,,,NONE,Important,Important,Not Important.,Important,,No,No,Yes,NONE,NONE
118974826378,Absa Headquarters (KE),PREMIUM,Yes,Female,35-44,Yes,No,DIDNT RECEIVE COMMUNICATION,,Not Selected,Not Selected,Not Selected,Not Selected,Not Selected,Not Selected,Not Selected,Parenting challenges,Not Selected,Not Selected,Not Selected,Not Selected,Not Selected,Not Selected,No,MANAGING WELL,,,,,,,,,,,,,,,,,FATIGUE,Important,Important,Important,Important,,Yes,Yes,No,NONE,NONE
118974835373,Lavington Branch,Customer Service,Yes,Female,25-34,Yes,Yes,,None of the above,Not Selected,Not Selected,Not Selected,Not Selected,Not Selected,Not Selected,Not Selected,Not Selected,Not Selected,Not Selected,Not Selected,Not Selected,Not Selected,Not Selected,No,MANAGING WELL,,,,,,NONE,,,,,,,Increased awareness sessions on mental health issues,,,,,Important,Important,Important,Important,,Yes,Yes,Yes,WELL DETAILED,NONE
118974840332,Nkrumah Road Branch,Customer Service,Yes,Female,35-44,Yes,No,ON LEAVE,None of the above,Not Selected,Not Selected,Not Selected,Not Selected,Not Selected,Not Selected,Not Selected,Not Selected,Not Selected,Not Selected,Not Selected,Not Selected,Not Selected,Not Selected,No,MANAGING WELL,,,,,,NONE,,,,,,,,,,,NONE,Important,Important,Not Important.,Important,,Yes,Yes,Yes,WELL DETAILED,NONE
118974844410,Voi Branch,Teller/Cashier,Yes,Female,35-44,Yes,No,ON LEAVE,None of the above,Not Selected,Not Selected,Not Selected,Not Selected,Not Selected,Not Selected,Not Selected,Not Selected,Not Selected,Not Selected,Not Selected,Not Selected,Not Selected,Not Selected,No,,,,,,,NONE,,,,,,,,,,,NONE,Important,Important,Not Important.,Important,,Yes,Yes,Yes,NONE ,NONE
118974849912,Kilifi Branch,Operations,Yes,Male,35-44,Yes,Yes,,None of the above,Not Selected,Not Selected,Not Selected,Not Selected,Not Selected,Not Selected,Not Selected,Not Selected,Not Selected,Not Selected,Not Selected,Not Selected,Not Selected,Not Selected,No,MANAGING WELL,,,,,,NONE,,,,,,,,,,,NONE,Important,Important,Not Important.,Important,,No,No,Yes,ENGAGING,NONE
118974854449,Nyahururu Branch,Customer Service,Yes,Female,35-44,Yes,Yes,,None of the above,Not Selected,Not Selected,Not Selected,Not Selected,Not Selected,Not Selected,Not Selected,Not Selected,Not Selected,Not Selected,Not Selected,Not Selected,Not Selected,Not Selected,No,MANAGING WELL,,,,,,NONE,,,,,,,Increased awareness sessions on mental health issues,,,,,Important,Important,Important,Important,,Yes,Yes,No,NONE,NONE
118974860341,Meru Branch,Retail,Yes,Male,35-44,Yes,Yes,,None of the above,Not Selected,Not Selected,Not Selected,Not Selected,Not Selected,Not Selected,Not Selected,Not Selected,Not Selected,Not Selected,Not Selected,Not Selected,Not Selected,Not Selected,No,MANAGING WELL,,,,,,NONE,,,,,,,Increased awareness sessions on mental health issues,,,,,Important,Important,Important,Important,,Yes,Yes,Yes,WELL DETAILED,NONE
118974865388,Absa Headquarters (KE),Business Banking,Yes,Female,35-44,Yes,Yes,,None of the above,Not Selected,Not Selected,Not Selected,Not Selected,Not Selected,Not Selected,Not Selected,Not Selected,Not Selected,Not Selected,Not Selected,Not Selected,Not Selected,Not Selected,No,MANAGING,,,,,,NONE,,,,,,,,,,,NONE,Important,Important,Not Important.,Important,,Yes,Yes,Yes,NONE,NONE
118974873888,Eastleigh Branch,Operations,Yes,Male,35-44,Yes,No,ON LEAVE,None of the above,Not Selected,Not Selected,Not Selected,Not Selected,Not Selected,Not Selected,Not Selected,Not Selected,Not Selected,Not Selected,Not Selected,Not Selected,Not Selected,Not Selected,No,MANAGING WELL,Personal financial management,,,,,,,,,,,,,Money matters/Financial coaching and literacy sessions,,,,Important,Important,Not Important.,Important,,Yes,Yes,Yes,WELL DETAILED,NONE
118974878837,Absa Headquarters (KE),Business Banking,Yes,Female,35-44,Yes,Yes,,,Not Selected,Work- and work-related stressors,Not Selected,Not Selected,Not Selected,Not Selected,Not Selected,Not Selected,Not Selected,Not Selected,Not Selected,Not Selected,Not Selected,Not Selected,No,,,,,,,NONE,,,,,,,,,,,WORK LIFE INTEGRATION,Important,Important,Not Important.,Important,,Yes,Yes,No,NONE,NONE
118975553629,Absa Headquarters (KE),Operations,Yes,Female,45-54,Yes,No,had a private check up,None of the above,Not Selected,Not Selected,Not Selected,Not Selected,Not Selected,Not Selected,Not Selected,Not Selected,Not Selected,Not Selected,Not Selected,Not Selected,Not Selected,Not Selected,No,managing well,,,,,,NONE,,,,,,,,,,,self awareness,Important,Important,Not Important.,Important,,No,No,Yes,engaging,nonr
118975554900,Absa Headquarters (KE),Business Banking,Yes,Male,45-54,Yes,No,on leave,,Not Selected,Work- and work-related stressors,Not Selected,Not Selected,Not Selected,Not Selected,Not Selected,Not Selected,Not Selected,Not Selected,Not Selected,Not Selected,Not Selected,Not Selected,No,managing well,,,,,,NONE,,,,,,,,,,,WORK LIFE INTEGRATION,Important,Important,Not Important.,Important,,Yes,Yes,Yes,well detailed,none
118975559044,Embu Branch,Teller/Cashier,Yes,Female,35-44,Yes,No,on sick leave,,Not Selected,Not Selected,Not Selected,Not Selected,Not Selected,Not Selected,Not Selected,Not Selected,Not Selected,Not Selected,Not Selected,Not Selected,Not Selected,HEALTH,No,,,,,,,NONE,,,,,,,,,"Building healthy relationships at work (colleagues, team leaders, managers)",,,Urgent,Important,Not Important.,Important,,Yes,Yes,No,none,none
118975560290,Absa Plaza,PREMIUM,Yes,Female,35-44,Yes,No,busy schedule,None of the above,Not Selected,Not Selected,Not Selected,Not Selected,Not Selected,Not Selected,Not Selected,Not Selected,Not Selected,Not Selected,Not Selected,Not Selected,Not Selected,Not Selected,No,managing well,,,,,,NONE,,,,,,,,,"Building healthy relationships at work (colleagues, team leaders, managers)",,,Important,Urgent,Important,Important,,Yes,Yes,No,none,none
118975562272,Ruaraka Branch,Operations,Yes,Male,35-44,Yes,Yes,,None of the above,Not Selected,Not Selected,Not Selected,Not Selected,Not Selected,Not Selected,Not Selected,Not Selected,Not Selected,Not Selected,Not Selected,Not Selected,Not Selected,Not Selected,No,,,,,,,NONE,,,,,,,Increased awareness sessions on mental health issues,,,,,Important,Important,Important,Important,,No,No,No,none,none
118975563446,Naivasha Branch,Operations,Yes,Female,35-44,Yes,Yes,,None of the above,Not Selected,Not Selected,Not Selected,Not Selected,Not Selected,Not Selected,Not Selected,Not Selected,Not Selected,Not Selected,Not Selected,Not Selected,Not Selected,Not Selected,No,,,,,,,NONE,,,,,,,,,,,NONE,Important,Important,Not Important.,Important,,Yes,Yes,No,none,none
118975565151,Queensway House,Customer Service,Yes,Female,25-34,Yes,Yes,,None of the above,Not Selected,Not Selected,Not Selected,Not Selected,Not Selected,Not Selected,Not Selected,Not Selected,Not Selected,Not Selected,Not Selected,Not Selected,Not Selected,Not Selected,No,,,,,,,NONE,,,,,,,Increased awareness sessions on mental health issues,,,,,Important,Important,Not Important.,Important,,Yes,Yes,Yes,none,none
118975569349,Absa Headquarters (KE),Business Banking,Yes,Female,45-54,Yes,No,busy schedule,None of the above,Not Selected,Not Selected,Not Selected,Not Selected,Not Selected,Not Selected,Not Selected,Not Selected,Not Selected,Not Selected,Not Selected,Not Selected,Not Selected,Not Selected,Yes,,,,,,,NONE,,,,,,,,,,,NONE,Important,Important,Not Important.,Important,,Yes,Yes,Yes,well detailed,none
118975628620,Absa Headquarters (KE),Treasury,Yes,Male,45-54,Yes,No,ON LEAVE,None of the above,Not Selected,Not Selected,Not Selected,Not Selected,Not Selected,Not Selected,Not Selected,Not Selected,Not Selected,Not Selected,Not Selected,Not Selected,Not Selected,Not Selected,No,MANAGING WELL,,,,,,NONE,,,,,,,,,,,NONE,Important,Important,Not Important.,Important,,Yes,Yes,Yes,NONE,NONE
118975632302,Nairobi West Branch,Operations,Yes,Male,35-44,Yes,Yes,,,Not Selected,Work- and work-related stressors,Not Selected,Not Selected,Not Selected,Not Selected,Not Selected,Not Selected,Not Selected,Not Selected,Not Selected,Not Selected,Not Selected,Not Selected,No,MANAGING WELL,,,,,,NONE,,,,,,,Increased awareness sessions on mental health issues,,,,,Important,Important,Important,Important,,Yes,Yes,No,NONE,NONE
118975735488,Bishops Gate,Collections,Yes,Female,45-54,Yes,Yes,,None of the above,Not Selected,Not Selected,Not Selected,Not Selected,Not Selected,Not Selected,Not Selected,Not Selected,Not Selected,Not Selected,Not Selected,Not Selected,Not Selected,Not Selected,No,MANAGING WELL,,,,,,NONE,,,,,,,,,,,NONE,Important,Important,Not Important.,Important,,No,No,No,NONE,NONE
118975743103,Bishops Gate,PAYMENT,Yes,Female,35-44,Yes,No,HAVE BEEN IN HOSPITAL,None of the above,Not Selected,Not Selected,Not Selected,Not Selected,Not Selected,Not Selected,Not Selected,Not Selected,Not Selected,Not Selected,Not Selected,Not Selected,Not Selected,Not Selected,No,,Personal financial management,,,,,,,,,,,,Increased awareness sessions on mental health issues,,,,,Important,Important,Not Important.,Important,,Yes,Yes,Yes,WELL DETAILED,NONE
118975749931,Limuru Branch,Retail,Yes,Male,35-44,Yes,Yes,,None of the above,Not Selected,Not Selected,Not Selected,Not Selected,Not Selected,Not Selected,Not Selected,Not Selected,Not Selected,Not Selected,Not Selected,Not Selected,Not Selected,Not Selected,No,,Personal financial management,,,,,,,,,,,,Increased awareness sessions on mental health issues,,,,,Important,Important,Important,Important,,No,No,No,NONE,NONE
118975779885,Gikomba Branch,Retail,Yes,Male,35-44,Yes,Yes,,None of the above,Not Selected,Not Selected,Not Selected,Not Selected,Not Selected,Not Selected,Not Selected,Not Selected,Not Selected,Not Selected,Not Selected,Not Selected,Not Selected,Not Selected,No,MANAGING WELL,,,,,,NONE,,,,,,,,,,,NONE,Important,Important,Not Important.,Important,,Yes,Yes,No,NONE,NONE
118975781505,Absa Headquarters (KE),Business Banking,Yes,Male,35-44,Yes,No,,None of the above,Not Selected,Not Selected,Not Selected,Not Selected,Not Selected,Not Selected,Not Selected,Not Selected,Not Selected,Not Selected,Not Selected,Not Selected,Not Selected,Not Selected,No,,,,,,,NONE,,,,,,,,,,,NONE,Not Important.,Not Important.,Not Important.,Not Important.,,No,No,No,NONE,NONE
118975782768,Absa Headquarters (KE),Business Banking,Yes,Female,35-44,Yes,No,,None of the above,Not Selected,Not Selected,Not Selected,Not Selected,Not Selected,Not Selected,Not Selected,Not Selected,Not Selected,Not Selected,Not Selected,Not Selected,Not Selected,Not Selected,Yes,,,,,,,NONE,,,,,,,,,,,NONE,Important,Important,Not Important.,Important,,Yes,No,Yes,NONE,NONE
118975784424,Digo Road Branch,Operations,Yes,Female,35-44,Yes,No,,,Not Selected,Not Selected,Not Selected,Not Selected,Not Selected,Not Selected,Not Selected,Not Selected,Not Selected,Not Selected,Not Selected,Not Selected,"Chronic Diseases (nuclear family, parents, other extended family members",Not Selected,No,,,,,,,NONE,,,,,,,,,,,WORK LIFE INTEGRATION,Important,Important,Not Important.,Important,,No,No,No,NONE,NONE
118975785995,Eldoret Branch,Teller/Cashier,Yes,Female,35-44,Yes,No,ON LEAVE,,Not Selected,Work- and work-related stressors,Not Selected,Not Selected,Not Selected,Not Selected,Not Selected,Not Selected,Not Selected,Not Selected,Not Selected,Not Selected,Not Selected,Not Selected,No,MANAGING WELL,,,,,,NONE,,,,,,,,,,,WORK STRESS,Important,Important,Not Important.,Important,,Yes,Yes,No,NONE,NONE
118975790152,Absa Headquarters (KE),Finance,Yes,Male,35-44,Yes,Yes,,None of the above,Not Selected,Not Selected,Not Selected,Not Selected,Not Selected,Not Selected,Not Selected,Not Selected,Not Selected,Not Selected,Not Selected,Not Selected,Not Selected,Not Selected,No,,,,,,,SAVINGS,,,,,,,Increased awareness sessions on mental health issues,,,,,Important,Important,Not Important.,Important,,No,No,Yes,NONE,NONE
118975792324,Absa Headquarters (KE),SME,Yes,Female,35-44,Yes,Yes,,None of the above,Not Selected,Not Selected,Not Selected,Not Selected,Not Selected,Not Selected,Not Selected,Not Selected,Not Selected,Not Selected,Not Selected,Not Selected,Not Selected,Not Selected,No,,,,,,,NONE,,,,,,,,,,,WORK STRESS,Important,Important,Not Important.,Important,,Yes,Yes,Yes,NONE,NONE
118975798469,Thika Branch,Customer Service,Yes,Female,35-44,Yes,Yes,,None of the above,Not Selected,Not Selected,Not Selected,Not Selected,Not Selected,Not Selected,Not Selected,Not Selected,Not Selected,Not Selected,Not Selected,Not Selected,Not Selected,Not Selected,No,,,,,,,NONE,,,,,,,,,,,NONE,Important,Important,Not Important.,Important,,Yes,Yes,Yes,NONE,NONE
118975800424,Market Branch,Operations,Yes,Female,35-44,Yes,Yes,,None of the above,Not Selected,Not Selected,Not Selected,Not Selected,Not Selected,Not Selected,Not Selected,Not Selected,Not Selected,Not Selected,Not Selected,Not Selected,Not Selected,Not Selected,No,,,,,,,NONE,,,,,,,Increased awareness sessions on mental health issues,,,,WORK LIFE INTEGRATION AND EMOTIONAL INTELLIGENCE,Important,Important,Not Important.,Important,,Yes,Yes,Yes,ENGAGING,NONE
118975802688,Absa Headquarters (KE),Corporate Banking,Yes,Male,35-44,Yes,No,,None of the above,Not Selected,Not Selected,Not Selected,Not Selected,Not Selected,Not Selected,Not Selected,Not Selected,Not Selected,Not Selected,Not Selected,Not Selected,Not Selected,Not Selected,No,,,,,,,NONE,,,,,,,,,,,WORK STRESS,Important,Important,Not Important.,Important,,No,No,No,NONE,NONE
118975804309,Absa Headquarters (KE),Retail,Yes,Male,35-44,Yes,No,ON LEAVE,None of the above,Not Selected,Not Selected,Not Selected,Not Selected,Not Selected,Not Selected,Not Selected,Not Selected,Not Selected,Not Selected,Not Selected,Not Selected,Not Selected,Not Selected,No,MANAGING WELL,,,,,,NONE,,,,,,,,,,,NONE,Important,Important,Not Important.,Important,,Yes,Yes,No,NONE,NONE
118975806103,Absa Headquarters (KE),Operations,Yes,Male,35-44,Yes,No,,None of the above,Not Selected,Not Selected,Not Selected,Not Selected,Not Selected,Not Selected,Not Selected,Not Selected,Not Selected,Not Selected,Not Selected,Not Selected,Not Selected,Not Selected,No,,,,,,,NONE,,,,,,,Increased awareness sessions on mental health issues,,,,,Important,Important,Important,Important,,Yes,Yes,No,NONE,NONE
118975807745,Absa Headquarters (KE),Corporate Banking,Yes,Male,35-44,Yes,No,,,"Personal challenges (career growth, education)",Not Selected,Not Selected,Not Selected,Not Selected,Not Selected,Not Selected,Not Selected,Not Selected,Not Selected,Not Selected,Not Selected,Not Selected,Not Selected,Yes,,,,,,,NONE,,,Dealing with addiction and related stigma,,,,,,,,,Important,Important,Important,Important,,Yes,Yes,No,NONE,NONE
118976487546,Bishops Gate,TMU,Yes,Female,35-44,Yes,Yes,,None of the above,Not Selected,Not Selected,Not Selected,Not Selected,Not Selected,Not Selected,Not Selected,Not Selected,Not Selected,Not Selected,Not Selected,Not Selected,Not Selected,Not Selected,No,MANAGING WELL,,,,,,NONE,,,,,,,,,,,NONE,Important,Important,Not Important.,Important,,Yes,Yes,Yes,NONE,NONE
118976488836,Kitengela Plaza Branch,Operations,Yes,Female,35-44,Yes,Yes,,,Not Selected,Not Selected,Not Selected,Not Selected,Not Selected,Not Selected,Not Selected,Not Selected,Not Selected,Not Selected,Not Selected,Not Selected,"Chronic Diseases (nuclear family, parents, other extended family members",Not Selected,No,MANAGING WELL,,,,,,,,,,,,,,Money matters/Financial coaching and literacy sessions,,,CAREGIVING & TAKING CARE OF FAMILY ECONOMICALLY,Important,Important,Important,Important,,Yes,Yes,Yes,ENGAGING,NONE
118976492578,Changamwe Branch,Operations,Yes,Female,35-44,Yes,No,BUSY SCHEDULE,None of the above,Not Selected,Not Selected,Not Selected,Not Selected,Not Selected,Not Selected,Not Selected,Not Selected,Not Selected,Not Selected,Not Selected,Not Selected,Not Selected,Not Selected,No,MANAGING WELL,,,,,,NONE,,,,,,,,,,,NONE,Important,Important,Not Important.,Important,,Yes,Yes,Yes,NONE,NONE
118976494937,Nakuru East Branch,Operations,Yes,Male,35-44,Yes,Yes,,None of the above,Not Selected,Not Selected,Not Selected,Not Selected,Not Selected,Not Selected,Not Selected,Not Selected,Not Selected,Not Selected,Not Selected,Not Selected,Not Selected,Not Selected,No,MANAGING WELL,,,,,,NONE,,,,,,,,,,,WORK STRESS,Important,Important,Not Important.,Important,,No,No,No,NONE,NONE
118976496677,Voi Branch,Operations,Yes,Male,45-54,Yes,Yes,,None of the above,Not Selected,Not Selected,Not Selected,Not Selected,Not Selected,Not Selected,Not Selected,Not Selected,Not Selected,Not Selected,Not Selected,Not Selected,Not Selected,Not Selected,No,MANAGING WELL,,,,,,NONE,,,,,,,,,,,NONE,Important,Important,Not Important.,Important,,Yes,No,Yes,NONE,NONE
118976498180,Harambee,Operations,Yes,Female,35-44,Yes,No,ON LEAVE,None of the above,Not Selected,Not Selected,Not Selected,Not Selected,Not Selected,Not Selected,Not Selected,Not Selected,Not Selected,Not Selected,Not Selected,Not Selected,Not Selected,Not Selected,No,MANAGING,,,,,,NONE,,,,,,,,,,,NONE,Important,Important,Important,Important,,Yes,Yes,Yes,ENGAGING,NONE
118976500364,Kariobangi Branch,Operations,Yes,Female,35-44,Yes,Yes,,,Not Selected,Work- and work-related stressors,Not Selected,Not Selected,Not Selected,Not Selected,Not Selected,Not Selected,Not Selected,Not Selected,Not Selected,Not Selected,Not Selected,Not Selected,No,DIDNT KNOW HOW TO ACCESS EACH OTHER,,,,,,NONE,,,,,,,,,,,WORK STRESS,Important,Important,Important,Important,,Yes,No,Yes,ENGAGING,NONE
118976502520,Absa Headquarters (KE),Risk,Yes,Male,35-44,Yes,Yes,,None of the above,Not Selected,Not Selected,Not Selected,Not Selected,Not Selected,Not Selected,Not Selected,Not Selected,Not Selected,Not Selected,Not Selected,Not Selected,Not Selected,Not Selected,No,MANANGING WELL,,,,,,,,,,,,,,,,,NONE,Important,Important,Not Important.,Important,,Yes,No,No,NONE,NONE
118976504638,Queensway House,Operations,Yes,Male,35-44,Yes,Yes,,None of the above,Not Selected,Not Selected,Not Selected,Not Selected,Not Selected,Not Selected,Not Selected,Not Selected,Not Selected,Not Selected,Not Selected,Not Selected,Not Selected,Not Selected,No,MANAGING WELL,,,,,,NONE,,,,,,,,,,,NONE,Important,Important,Not Important.,Important,,No,No,No,NONE,NONE
118976519106,Karatina Branch - Kenya,Customer Service,Yes,Male,35-44,Yes,Yes,,,Not Selected,Not Selected,Not Selected,Not Selected,Not Selected,Not Selected,Not Selected,Not Selected,Not Selected,Not Selected,Loss and Grief,Not Selected,Not Selected,Not Selected,No,MANAGING WELL,,,,,,NONE,,,,,,,,,,,NONE,Important,Important,Important,Important,,No,No,No,NONE,NONE
118976709461,Githunguri Branch,Teller/Cashier,Yes,Female,35-44,Yes,Yes,,None of the above,Not Selected,Not Selected,Not Selected,Not Selected,Not Selected,Not Selected,Not Selected,Not Selected,Not Selected,Not Selected,Not Selected,Not Selected,Not Selected,Not Selected,No,MANAGING WELL,,,,,,NONE,,,,,,,Increased awareness sessions on mental health issues,,,,,Important,Important,Not Important.,Important,,No,No,Yes,ENGAGING ,NONE
118976714174,Nakuru West Branch,Teller/Cashier,Yes,Female,35-44,Yes,No,COVER LIMIT,,Not Selected,Not Selected,Not Selected,Not Selected,Not Selected,Not Selected,Not Selected,Not Selected,Not Selected,Not Selected,Not Selected,Not Selected,"Chronic Diseases (nuclear family, parents, other extended family members",Not Selected,,,,,,,,NONE,,,,,,,Increased awareness sessions on mental health issues,,,,,Urgent,Urgent,Important,Important,,Yes,No,No,NONE,NONE
118977424882,Village Market Branch,Operations,Yes,Male,35-44,Yes,Yes,,None of the above,Not Selected,Not Selected,Not Selected,Not Selected,Not Selected,Not Selected,Not Selected,Not Selected,Not Selected,Not Selected,Not Selected,Not Selected,Not Selected,Not Selected,No,,Personal financial management,,,,,,,,,,,,,,,,NONE,Important,Important,Not Important.,Important,,No,No,No,none,none
118977427614,Homa Bay Branch,Operations,Yes,Female,35-44,Yes,Yes,,None of the above,Not Selected,Not Selected,Not Selected,Not Selected,Not Selected,Not Selected,Not Selected,Not Selected,Not Selected,Not Selected,Not Selected,Not Selected,Not Selected,Not Selected,No,managing welll,,,,,,NONE,,,,,,,Increased awareness sessions on mental health issues,,,,,Important,Important,Not Important.,Important,,No,No,No,engage,none
118977430983,Githunguri Branch,Operations,Yes,Male,35-44,Yes,Yes,,,Not Selected,Not Selected,Not Selected,Not Selected,Not Selected,Not Selected,Not Selected,Not Selected,Not Selected,Not Selected,Loss and Grief,Not Selected,Not Selected,Not Selected,No,managing well,Personal financial management,,,,,,,,,,,,,,,,LOSS AND GRIEF,Important,Important,Important,Important,,Yes,Yes,Yes,ENGAGING ,NONE
118977435730,Two Rivers Mall Branch,Teller/Cashier,Yes,Male,35-44,Yes,Yes,,,Not Selected,Work- and work-related stressors,Not Selected,Not Selected,Not Selected,Not Selected,Not Selected,Not Selected,Not Selected,Not Selected,Not Selected,Not Selected,Not Selected,Not Selected,No,,,,,,,NONE,,,,,,,,,,,BURNOUT,Important,Important,Not Important.,Important,,Yes,Yes,No,NONE,NONE
118977438419,Nyeri Branch,Operations,Yes,Female,35-44,Yes,Yes,,None of the above,Not Selected,Not Selected,Not Selected,Not Selected,Not Selected,Not Selected,Not Selected,Not Selected,Not Selected,Not Selected,Not Selected,Not Selected,Not Selected,Not Selected,,,,,,Investment,,,,,,,,,,,,,NONE,Important,Important,Important,Important,,Yes,Yes,No,NONE,NONE
118977441256,River Road Branch Kianjoya Bulding,Operations,Yes,Female,35-44,Yes,Yes,,,Not Selected,Not Selected,Not Selected,Gen-Z protests,Not Selected,Not Selected,Not Selected,Not Selected,Not Selected,Not Selected,Not Selected,Not Selected,Not Selected,Not Selected,No,MANAGING WELL,,,,,,,,,,,,,Increased awareness sessions on mental health issues,,,,,Important,Important,Not Important.,Important,,Yes,Yes,No,NONE,NONE
118977446305,Kitale Branch,Operations,Yes,Female,35-44,Yes,Yes,,None of the above,Not Selected,Not Selected,Not Selected,Not Selected,Not Selected,Not Selected,Not Selected,Not Selected,Not Selected,Not Selected,Not Selected,Not Selected,Not Selected,Not Selected,Yes,,,,,,,NONE,,,,,,,,,,,NONE,Important,Important,Not Important.,Important,,Yes,No,No,NONE,NONE
118977448674,JKIA Branch,Operations,Yes,Female,35-44,Yes,No,BUSY SCHEDULE,None of the above,Not Selected,Not Selected,Not Selected,Not Selected,Not Selected,Not Selected,Not Selected,Not Selected,Not Selected,Not Selected,Not Selected,Not Selected,Not Selected,Not Selected,No,,,,,,,NONE,,,,,,,,,,,CAREER,Important,Important,Not Important.,Important,,Yes,Yes,Yes,ENGAGING,NONE
118977452658,Queensway House,Customer Service,Yes,Female,35-44,Yes,Yes,,None of the above,Not Selected,Not Selected,Not Selected,Not Selected,Not Selected,Not Selected,Not Selected,Not Selected,Not Selected,Not Selected,Not Selected,Not Selected,Not Selected,Not Selected,No,,,,,,,NONE,,,,,,,,,,,NONE,Important,Important,Not Important.,Important,,Yes,No,No,NONE,NONE
118977455168,Bishops Gate,Risk,Yes,Female,45-54,Yes,Yes,,,Not Selected,Not Selected,Not Selected,Not Selected,Not Selected,Not Selected,Not Selected,Not Selected,Not Selected,Not Selected,Not Selected,Not Selected,"Chronic Diseases (nuclear family, parents, other extended family members",Not Selected,,,,Debt management,,,,,,,,,,,,,,,DISABILITY,Important,Important,Important,Important,,No,No,No,NONE,NONE
118977472488,Westgate,Customer Service,Yes,Female,35-44,Yes,Yes,,,Not Selected,Not Selected,Not Selected,Not Selected,Not Selected,Financial challenges,Not Selected,Not Selected,Not Selected,Not Selected,Not Selected,Not Selected,Not Selected,Not Selected,No,NONE,Personal financial management,,,,,,,,,,,,,,,,NONE,Important,Important,Not Important.,Important,,No,No,Yes,ENGAGING WELL,NONE
118977475741,Absa Headquarters (KE),Risk,Yes,Female,35-44,Yes,Yes,,None of the above,Not Selected,Not Selected,Not Selected,Not Selected,Not Selected,Not Selected,Not Selected,Not Selected,Not Selected,Not Selected,Not Selected,Not Selected,Not Selected,Not Selected,No,MANAGING WELLL,,,,,,NONE,,,,,,,,,,,NONE,Not Important.,Not Important.,Not Important.,Not Important.,,No,No,No,NONE ,NONE
118977477724,Bishops Gate,Risk,Yes,Male,45-54,Yes,Yes,,None of the above,Not Selected,Not Selected,Not Selected,Not Selected,Not Selected,Not Selected,Not Selected,Not Selected,Not Selected,Not Selected,Not Selected,Not Selected,Not Selected,Not Selected,No,,,,,,,NONE,,,,,,,,,,,NONE,Important,Important,Not Important.,Important,,No,No,No,NONE,NONE
118977483147,Kikuyu Branch,Operations,Yes,Female,35-44,Yes,Yes,,,Not Selected,Work- and work-related stressors,Not Selected,Not Selected,Not Selected,Not Selected,Not Selected,Not Selected,Not Selected,Not Selected,Not Selected,Not Selected,Not Selected,Not Selected,No,,,,,,,NONE,,,,,,,,,,,WORK STRESS,Urgent,Urgent,Important,Important,,Yes,Yes,Yes,ENGAGING,NONE
118977486450,Kisii Branch,Retail,Yes,Male,45-54,Yes,Yes,,None of the above,Not Selected,Not Selected,Not Selected,Not Selected,Not Selected,Not Selected,Not Selected,Not Selected,Not Selected,Not Selected,Not Selected,Not Selected,Not Selected,Not Selected,No,,,,,,,NONE,,Health and well-being including lifestyle diseases,,,,,,,,,,Important,Important,Important,Important,,Yes,No,No,NONE,NONE
118977498544,Thika Branch,Customer Service,Yes,Male,35-44,Yes,Yes,,None of the above,Not Selected,Not Selected,Not Selected,Not Selected,Not Selected,Not Selected,Not Selected,Not Selected,Not Selected,Not Selected,Not Selected,Not Selected,Not Selected,Not Selected,No,managing well,,,,,,NONE,,,,,,,Increased awareness sessions on mental health issues,,,,,Important,Important,Not Important.,Important,,No,No,No,NONE,NONE
118977503186,Bunyala Road Branch,Teller/Cashier,Yes,Female,45-54,Yes,Yes,,,"Personal challenges (career growth, education)",Not Selected,Not Selected,Not Selected,Not Selected,Not Selected,Not Selected,Not Selected,Not Selected,Not Selected,Not Selected,Not Selected,Not Selected,Not Selected,Yes,,,,,,,NONE,,,,,,,,,,,CHANGE,Urgent,Important,Important,Important,,Yes,Yes,Yes,ENGAGING,NONE
118977533561,Harambee,Operations,Yes,Female,35-44,Yes,Yes,,None of the above,Not Selected,Not Selected,Not Selected,Not Selected,Not Selected,Not Selected,Not Selected,Not Selected,Not Selected,Not Selected,Not Selected,Not Selected,Not Selected,Not Selected,No,MANAGING WELL,,,,,,NONE,,,,,,,,,,,NONE,Important,Important,Not Important.,Important,,Yes,Yes,No,NONE,NONE
118977536067,Queensway House,Retail,Yes,Female,35-44,Yes,Yes,,,Not Selected,Not Selected,Not Selected,Not Selected,Not Selected,Not Selected,Not Selected,Not Selected,Not Selected,Not Selected,Not Selected,Not Selected,"Chronic Diseases (nuclear family, parents, other extended family members",Not Selected,,,,,,,,NONE,,,,,,,,,,,SESSION WITH DISABLED EMPLOYEES,Urgent,Urgent,Important,Urgent,,No,,Yes,ENGAGING,NONE
118977572291,Kisumu Branch,Retail,Yes,Male,35-44,Yes,No,,,Not Selected,Not Selected,Not Selected,Not Selected,Marital issues,Not Selected,Not Selected,Not Selected,Not Selected,Not Selected,Not Selected,Not Selected,Not Selected,Not Selected,Yes,,,,,Investment,,,,,,,,,,,,,SEPARATION & DIVORCE. I,Important,Important,Not Important.,Important,,No,No,No,NONE,NONE
118977585131,Migori Branch,Operations,Yes,Male,35-44,Yes,Yes,,None of the above,Not Selected,Not Selected,Not Selected,Not Selected,Not Selected,Not Selected,Not Selected,Not Selected,Not Selected,Not Selected,Not Selected,Not Selected,Not Selected,Not Selected,No,,,,,,,NONE,,,,,,,Increased awareness sessions on mental health issues,,,,,Important,Important,Not Important.,Important,,Yes,Yes,Yes,ENGAGING,NONE
118977581794,Queensway House,Operations,Yes,Male,35-44,Yes,Yes,,,Not Selected,Work- and work-related stressors,Not Selected,Not Selected,Not Selected,Not Selected,Not Selected,Not Selected,Not Selected,Not Selected,Not Selected,Not Selected,Not Selected,Not Selected,No,,,,,,,NONE,,,,,,,,,,,NONE,Important,Important,Not Important.,Important,,No,No,Yes,NONE,NONE
118977588028,Thika Branch,Operations,Yes,Female,35-44,Yes,No,,None of the above,Not Selected,Not Selected,Not Selected,Not Selected,Not Selected,Not Selected,Not Selected,Not Selected,Not Selected,Not Selected,Not Selected,Not Selected,Not Selected,Not Selected,No,,Personal financial management,,,,,,,,,,,,,,,,WORK STRESS,Important,Important,Important,Important,,Yes,Yes,Yes,WELL DETAILED,NONE
118977594385,Mbale Branch Kenya,Operations,Yes,Male,35-44,Yes,Yes,,None of the above,Not Selected,Not Selected,Not Selected,Not Selected,Not Selected,Not Selected,Not Selected,Not Selected,Not Selected,Not Selected,Not Selected,Not Selected,Not Selected,Not Selected,No,,,,,,,NONE,,,,,,,,,,,NONE,Important,Important,Not Important.,Important,,No,No,No,NONE,NONE
118977600733,Nkrumah Road Branch,Operations,Yes,Male,35-44,Yes,Yes,,,Not Selected,Not Selected,Not Selected,Not Selected,Not Selected,Not Selected,Not Selected,Not Selected,Not Selected,Not Selected,Loss and Grief,Not Selected,Not Selected,Not Selected,No,,,,,,,NONE,,,,,,,,,,,NONE,Urgent,Urgent,Not Important.,Urgent,,Yes,Yes,Yes,ENGAING,NONE
118977605478,Absa Headquarters (KE),Risk,Yes,Female,35-44,Yes,Yes,,None of the above,Not Selected,Not Selected,Not Selected,Not Selected,Not Selected,Not Selected,Not Selected,Not Selected,Not Selected,Not Selected,Not Selected,Not Selected,Not Selected,Not Selected,No,,,,,,,NONE,,,,,,,,,,,NONE,Important,Important,Not Important.,Important,,No,No,No,NONE,NONE
118978246497,Absa Headquarters (KE),People and Culture,Yes,Male,35-44,Yes,Yes,,None of the above,Not Selected,Not Selected,Not Selected,Not Selected,Not Selected,Not Selected,Not Selected,Not Selected,Not Selected,Not Selected,Not Selected,Not Selected,Not Selected,Not Selected,No,,,,,,,NONE,,,,,,,,,,,NONE,Important,Important,Not Important.,Important,,Yes,Yes,No,NONE,NONE
118978247735,Queensway House,Operations,Yes,Male,35-44,Yes,Yes,,None of the above,Not Selected,Not Selected,Not Selected,Not Selected,Not Selected,Not Selected,Not Selected,Not Selected,Not Selected,Not Selected,Not Selected,Not Selected,Not Selected,Not Selected,No,,,,,,,NONE,,,,,,,,,,,WORK STRESS,Important,Important,Not Important.,Important,,No,No,Yes,DETAILED,NONE
118978248976,Githunguri Branch,Operations,Yes,Male,35-44,Yes,Yes,,None of the above,Not Selected,Not Selected,Not Selected,Not Selected,Not Selected,Not Selected,Not Selected,Not Selected,Not Selected,Not Selected,Not Selected,Not Selected,Not Selected,Not Selected,No,,,,,,,,,,,,,,,,,,NONE,Important,Important,Important,Important,,Yes,No,Yes,WELL DETAILED,NONE
118978251900,Mbale Branch Kenya,Operations,Yes,Female,35-44,Yes,Yes,,None of the above,Not Selected,Not Selected,Not Selected,Not Selected,Not Selected,Not Selected,Not Selected,Not Selected,Not Selected,Not Selected,Not Selected,Not Selected,Not Selected,Not Selected,No,,,,,,,NONE,,,,,,,,,,,WORK STRESS,Important,Important,Important,Important,,Yes,No,No,NONE,NONE
118978254725,Kisumu Branch,Operations,Yes,Female,35-44,Yes,No,ITS SHOULD BE FULL BODY CHECK UP,None of the above,Not Selected,Not Selected,Not Selected,Not Selected,Not Selected,Not Selected,Not Selected,Not Selected,Not Selected,Not Selected,Not Selected,Not Selected,Not Selected,Not Selected,No,,,,,,,NONE,,,,,,,,,,,NONE,Not Important.,Not Important.,Not Important.,Not Important.,,No,No,No,NONE,NONE
118978263628,Karen Branch Prestige,Operations,Yes,Male,35-44,Yes,Yes,,None of the above,Not Selected,Not Selected,Not Selected,Not Selected,Not Selected,Not Selected,Not Selected,Not Selected,Not Selected,Not Selected,Not Selected,Not Selected,Not Selected,Not Selected,No,,,,,,,NONE,,,,,,,,,,,WORK STRESS,Important,Important,Important,Important,,Yes,Yes,No,NONE,NONE
118978257320,Bishops Gate,Operations,Yes,Female,35-44,Yes,No,,None of the above,Not Selected,Not Selected,Not Selected,Not Selected,Not Selected,Not Selected,Not Selected,Not Selected,Not Selected,Not Selected,Not Selected,Not Selected,Not Selected,Not Selected,Yes,,,,,,,,,,,,,,,,,,,Important,Important,Not Important.,Important,,Yes,Yes,Yes,ENGAGING,NONE
118978265836,Thika Branch,Operations,Yes,Female,35-44,Yes,Yes,,,Not Selected,Not Selected,Not Selected,Not Selected,Not Selected,Not Selected,Not Selected,Not Selected,Not Selected,Not Selected,Loss and Grief,Not Selected,Not Selected,Not Selected,No,,,,,,,NONE,,,,,,,,,,,LOSS AND GRIEF,Important,Important,Important,Important,,Yes,Yes,No,NONE,NONE
118978267527,Bunyala Road Branch,Operations,Yes,Female,35-44,Yes,Yes,,,Not Selected,Not Selected,Not Selected,Not Selected,Not Selected,Financial challenges,Not Selected,Not Selected,Not Selected,Not Selected,Not Selected,Not Selected,Not Selected,HEALTH,No,,,,,,,NONE,,,,,,,Increased awareness sessions on mental health issues,,,,,Important,Important,Important,Important,,No,No,No,NONE,NONE
118978271947,IMARA MALL,Operations,Yes,Female,35-44,Yes,No,ON LEAVE,None of the above,Not Selected,Not Selected,Not Selected,Not Selected,Not Selected,Not Selected,Not Selected,Not Selected,Not Selected,Not Selected,Not Selected,Not Selected,Not Selected,Not Selected,No,,,,,,,NONE,,,,,,,,,,,NONE,Important,Important,Not Important.,Important,,No,No,No,NONE,NONE
118978273474,Nyahururu Branch,Operations,Yes,Female,35-44,Yes,Yes,,None of the above,Not Selected,Not Selected,Not Selected,Not Selected,Not Selected,Not Selected,Not Selected,Not Selected,Not Selected,Not Selected,Not Selected,Not Selected,Not Selected,Not Selected,No,,,,,,,NONE,,,,,,,,,,,NONE,Important,Important,Important,Important,,Yes,Yes,No,NONE,NONE
118978277169,Muthaiga Branch,Operations,Yes,Female,35-44,Yes,Yes,,,"Personal challenges (career growth, education)",Not Selected,Not Selected,Not Selected,Not Selected,Not Selected,Not Selected,Not Selected,Not Selected,Not Selected,Not Selected,Not Selected,Not Selected,Not Selected,No,,,,,,,NONE,,,,,,,Increased awareness sessions on mental health issues,,,,,Important,Urgent,Not Important.,Important,,No,No,Yes,NONE,NONE
118978287829,Isiolo Branch,Operations,Yes,Male,35-44,Yes,Yes,,,Not Selected,Work- and work-related stressors,Not Selected,Not Selected,Not Selected,Not Selected,Not Selected,Not Selected,Not Selected,Not Selected,Not Selected,Not Selected,Not Selected,Not Selected,No,,,,,,,NONE,,,,,,,,,,,NONE,Important,Important,Important,Important,,No,No,Yes,WELL DETAILED,NONE
118978289922,SIAYA,Operations,Yes,Female,35-44,Yes,No,DISSASTIFIED WITH THE SERVICES,None of the above,Not Selected,Not Selected,Not Selected,Not Selected,Not Selected,Not Selected,Not Selected,Not Selected,Not Selected,Not Selected,Not Selected,Not Selected,Not Selected,Not Selected,No,,,,,,,NONE,,,,,,,,,,,NONE,Important,Important,Not Important.,Important,,No,No,Yes,NONE,NONE
118978293094,Nakuru East Branch,Operations,Yes,Female,35-44,Yes,Yes,,None of the above,Not Selected,Not Selected,Not Selected,Not Selected,Not Selected,Not Selected,Not Selected,Not Selected,Not Selected,Not Selected,Not Selected,Not Selected,Not Selected,Not Selected,No,,,,,,,NONE,,,,,,,,,,,WORK STRESS,Important,Important,Important,Important,,Yes,Yes,No,NONE,NONE
118978295793,"Parkside Tower ""A"" Branch",Operations,Yes,Male,45-54,Yes,Yes,,None of the above,Not Selected,Not Selected,Not Selected,Not Selected,Not Selected,Not Selected,Not Selected,Not Selected,Not Selected,Not Selected,Not Selected,Not Selected,Not Selected,Not Selected,No,,,,,,,NONE,,,,,,,,,,,NONE,Important,Important,Not Important.,Important,,Yes,Yes,No,NONE,NONE
118978298604,Absa Headquarters (KE),Operations,Yes,Female,35-44,Yes,Yes,,None of the above,Not Selected,Not Selected,Not Selected,Not Selected,Not Selected,Not Selected,Not Selected,Not Selected,Not Selected,Not Selected,Not Selected,Not Selected,Not Selected,Not Selected,No,,,,,,,NONE,,,,,,,,,,,NONE,Important,Important,Not Important.,Important,,No,No,Yes,NO NE,NONE
118979248298,Nanyuki Branch,Customer Service,Yes,Male,35-44,Yes,No,,,Not Selected,Not Selected,Work-life imbalance,Not Selected,Not Selected,Financial challenges,Not Selected,Not Selected,Not Selected,Not Selected,Not Selected,Not Selected,Not Selected,Not Selected,No,There is no issue that requires counselling ,Personal financial management,,Retirement planning,Investment,,,Anxiety/depression,,Dealing with addiction and related stigma,Men Cave/Women Forum,Building healthy relationships/marriages,,,Money matters/Financial coaching and literacy sessions,"Building healthy relationships at work (colleagues, team leaders, managers)",,,Important,Important,Important,Urgent,,Yes,Yes,Yes,,No suggestions 
118979256375,Absa Headquarters (KE),Collections,Yes,Female,35-44,Yes,Yes,,,Not Selected,Not Selected,Not Selected,Not Selected,Not Selected,Financial challenges,Not Selected,Not Selected,Anxiety and depression,Not Selected,Not Selected,Not Selected,Not Selected,Not Selected,No,,Personal financial management,,,,,,Anxiety/depression,,,,,,Increased awareness sessions on mental health issues,Money matters/Financial coaching and literacy sessions,,,,Important,Important,Important,Not Important.,,No,No,Yes,,No suggestions 
118979267660,Queensway House,Retail,Yes,Male,35-44,Yes,Yes,,,Not Selected,Not Selected,Not Selected,Not Selected,Marital issues,Financial challenges,Not Selected,Not Selected,Not Selected,Not Selected,Not Selected,Not Selected,Not Selected,Not Selected,No,,,Debt management,,,,,Anxiety/depression,,,,Building healthy relationships/marriages,,,,"Building healthy relationships at work (colleagues, team leaders, managers)",,,Important,Important,Important,Important,,Yes,No,Yes,,No suggestions
118979302652,Nakuru West Branch,Teller/Cashier,Yes,Female,25-34,Yes,Yes,,,Not Selected,Not Selected,Not Selected,Gen-Z protests,Not Selected,Not Selected,Not Selected,Not Selected,Not Selected,Not Selected,Not Selected,Not Selected,Not Selected,Not Selected,No,,Personal financial management,Debt management,Retirement planning,Investment,Financial planning,,,,,,,,Increased awareness sessions on mental health issues,,,,,Urgent,,,,,No,No,No,,No suggestions 
118979304866,Kariobangi Branch,Operations,Yes,Male,45-54,Yes,Yes,,None of the above,Not Selected,Not Selected,Not Selected,Not Selected,Not Selected,Not Selected,Not Selected,Not Selected,Not Selected,Not Selected,Not Selected,Not Selected,Not Selected,Not Selected,No,,Personal financial management,Debt management,Retirement planning,Investment,Financial planning,,,,,Men Cave/Women Forum,Building healthy relationships/marriages,,,,"Building healthy relationships at work (colleagues, team leaders, managers)",,,Important,Important,Important,Important,,Yes,Yes,Yes,,
118979313141,Nyali Branch,Operations,Yes,Male,35-44,Yes,No,,None of the above,Not Selected,Not Selected,Not Selected,Not Selected,Not Selected,Not Selected,Not Selected,Not Selected,Not Selected,Not Selected,Not Selected,Not Selected,Not Selected,Not Selected,No,,,,,,,NONE,,,,,,,,,,,NONE,Important,Important,Important,Important,,Yes,Yes,Yes,WELL DETAILED,NONE
118979314992,Kisumu Branch,Operations,Yes,Female,35-44,Yes,Yes,,,Not Selected,Work- and work-related stressors,Not Selected,Not Selected,Not Selected,Not Selected,Not Selected,Not Selected,Not Selected,Not Selected,Not Selected,Not Selected,Not Selected,Not Selected,No,MANAGING WELL,,,,,,NONE,,,,,,,,Money matters/Financial coaching and literacy sessions,,,,Important,Important,Not Important.,Important,,Yes,Yes,No,NONE,NONE
118979318548,KAMAKIS,Operations,Yes,Female,35-44,Yes,Yes,,None of the above,Not Selected,Not Selected,Not Selected,Not Selected,Not Selected,Not Selected,Not Selected,Not Selected,Not Selected,Not Selected,Not Selected,Not Selected,Not Selected,Not Selected,No,,,,,,,NONE,,,,,,,Increased awareness sessions on mental health issues,,,,,Important,Important,Not Important.,Important,,Yes,Yes,No,NONE,NONE
118979322625,Bishops Gate,Operations,Yes,Male,45-54,Yes,Yes,,,Not Selected,Not Selected,Not Selected,Not Selected,Not Selected,Not Selected,Not Selected,Not Selected,Not Selected,Not Selected,Not Selected,Not Selected,Not Selected,NONE,No,,,,,,,NONE,,,,,,,Increased awareness sessions on mental health issues,,,,,Important,Important,Not Important.,Important,,Yes,Yes,No,NONE,NONE
118979312560,Imara.,Teller/Cashier,Yes,Male,25-34,Yes,No,He was away on leave ,,"Personal challenges (career growth, education)",Not Selected,Not Selected,Not Selected,Not Selected,Financial challenges,Not Selected,Not Selected,Not Selected,Not Selected,Not Selected,Not Selected,Not Selected,Not Selected,No,,,,,,Financial planning,,Anxiety/depression,Health and well-being including lifestyle diseases,Dealing with addiction and related stigma,Men Cave/Women Forum,,,,,,,,Important,Important,Not Important.,Urgent,,Yes,Yes,No,Can't remember the details ,No suggestions 
118979331727,Bishops Gate,Payment department ,Yes,Female,35-44,Yes,No,Works from home ,,Not Selected,Not Selected,Work-life imbalance,Not Selected,Not Selected,Not Selected,Not Selected,Not Selected,Not Selected,Not Selected,Not Selected,Not Selected,Not Selected,Not Selected,No,,Personal financial management,Debt management,Retirement planning,Investment,Financial planning,,,Health and well-being including lifestyle diseases,,Men Cave/Women Forum,Building healthy relationships/marriages,Parenting and childcare,Increased awareness sessions on mental health issues,Money matters/Financial coaching and literacy sessions,"Building healthy relationships at work (colleagues, team leaders, managers)",,,Important,Important,Important,Important,,No,No,Yes,,No suggestions 
118979334450,Kisii Branch,Teller/Cashier,Yes,Female,35-44,Yes,No,,,Not Selected,Not Selected,Not Selected,Not Selected,Marital issues,Financial challenges,Not Selected,Parenting challenges,Anxiety and depression,Not Selected,Not Selected,Not Selected,Not Selected,Not Selected,No,,Personal financial management,Debt management,,,,,Anxiety/depression,Health and well-being including lifestyle diseases,Dealing with addiction and related stigma,Men Cave/Women Forum,Building healthy relationships/marriages,Parenting and childcare,Increased awareness sessions on mental health issues,Money matters/Financial coaching and literacy sessions,"Building healthy relationships at work (colleagues, team leaders, managers)",Develop a Teens program on contemporary topics,,Important,Important,Not Important.,Urgent,,Yes,Yes,Yes,,No suggestions 
118979337263,Ongata Rongai Branch,Teller/Cashier,Yes,Female,25-34,Yes,Yes,,,Not Selected,Not Selected,Not Selected,Not Selected,Not Selected,Financial challenges,Not Selected,Not Selected,Not Selected,Not Selected,Not Selected,Not Selected,Not Selected,Not Selected,No,,,,Retirement planning,,Financial planning,,Anxiety/depression,Health and well-being including lifestyle diseases,,,,Parenting and childcare,Increased awareness sessions on mental health issues,,,,,Urgent,,,,,Yes,Yes,No,,No suggestions for now
118979340037,Limuru Branch,Teller/Cashier,Yes,Male,25-34,Yes,No,,,Not Selected,Work- and work-related stressors,Work-life imbalance,Not Selected,Marital issues,Financial challenges,Not Selected,Not Selected,Not Selected,Not Selected,Not Selected,Not Selected,Not Selected,Not Selected,No,,Personal financial management,Debt management,,Investment,,,Anxiety/depression,Health and well-being including lifestyle diseases,,,Building healthy relationships/marriages,,,Money matters/Financial coaching and literacy sessions,"Building healthy relationships at work (colleagues, team leaders, managers)",,,Urgent,Urgent,Urgent,Urgent,,Yes,Yes,Yes,,No suggestions 
118979356071,Kitale Branch,Operations,Yes,Female,35-44,Yes,No,ON LEAVE,None of the above,Not Selected,Not Selected,Not Selected,Not Selected,Not Selected,Not Selected,Not Selected,Not Selected,Not Selected,Not Selected,Not Selected,Not Selected,Not Selected,Not Selected,No,,,,,,,NONE,,,,,,,,,,,NONE,Important,Important,Not Important.,Important,,No,No,No,NONE,NONE
118979357395,Lavington Branch,Teller/Cashier,Yes,Female,45-54,Yes,Yes,,,Not Selected,Not Selected,Work-life imbalance,Not Selected,Not Selected,Not Selected,Not Selected,Not Selected,Not Selected,Not Selected,Not Selected,Alcohol (Substance and chemical dependency),Not Selected,Not Selected,No,,,,Retirement planning,,Financial planning,,,Health and well-being including lifestyle diseases,,,,,,Money matters/Financial coaching and literacy sessions,,,,Urgent,Urgent,Important,Urgent,,No,No,Yes,,No suggestions 
118979363558,Nairobi West Branch,Operations,Yes,Female,25-34,Yes,Yes,,,"Personal challenges (career growth, education)",Not Selected,Not Selected,Not Selected,Not Selected,Not Selected,Not Selected,Not Selected,Not Selected,Not Selected,Not Selected,Not Selected,Not Selected,Not Selected,No,,,,,,,NONE,,,,,,,,,,,WORK LIFE INTEGRATION ,Urgent,Important,Important,Important,,Yes,Yes,No,NONE,NONE
118979368480,Bishops Gate,Operations,Yes,Male,25-34,Yes,No,ON LEAVE,None of the above,Not Selected,Not Selected,Not Selected,Not Selected,Not Selected,Not Selected,Not Selected,Not Selected,Not Selected,Not Selected,Not Selected,Not Selected,Not Selected,Not Selected,No,,,,,,,NONE,,,,,,,,,,,NONE,Important,Important,Not Important.,Important,,No,No,No,NONE,NONE
118979371595,Kitengela Plaza Branch,Operations,Yes,Female,35-44,Yes,Yes,,None of the above,Not Selected,Not Selected,Not Selected,Not Selected,Not Selected,Not Selected,Not Selected,Not Selected,Not Selected,Not Selected,Not Selected,Not Selected,Not Selected,Not Selected,No,,,,,,,NONE,,,,,,,,,,,NONE,Important,Important,Not Important.,Important,,Yes,No,No,NONE,NONE
118979377367,Lunga Lunga Square,Operations,Yes,Male,45-54,Yes,Yes,,None of the above,Not Selected,Not Selected,Not Selected,Not Selected,Not Selected,Not Selected,Not Selected,Not Selected,Not Selected,Not Selected,Not Selected,Not Selected,Not Selected,Not Selected,No,,,,,,,NONE,,,,,,,,,,,NONE,Important,Important,Not Important.,Important,,No,No,No,NONE,NONE
118979380423,Lunga Lunga Square,Operations,Yes,Female,25-34,Yes,Yes,,None of the above,Not Selected,Not Selected,Not Selected,Not Selected,Not Selected,Not Selected,Not Selected,Not Selected,Not Selected,Not Selected,Not Selected,Not Selected,Not Selected,Not Selected,No,,,,,,,NONE,,,,,,,,,,,NONE,Important,Important,Not Important.,Important,,Yes,Yes,Yes,WELL DETAILED,NONE
118979390273,Yaya Centre Prestige,Operations,Yes,Male,45-54,Yes,Yes,,,Not Selected,Not Selected,Not Selected,Not Selected,Not Selected,Financial challenges,Not Selected,Not Selected,Not Selected,Not Selected,Not Selected,Not Selected,Not Selected,Not Selected,No,,,,,,,NONE,,,,,,,Increased awareness sessions on mental health issues,,,,,Important,Important,Not Important.,Important,,Yes,No,Yes,WELL DETAILED,NONE
118979399608,Queensway House,Operations,Yes,Female,35-44,Yes,Yes,,,Not Selected,Not Selected,Not Selected,Not Selected,Not Selected,Not Selected,Not Selected,Not Selected,Not Selected,Not Selected,Loss and Grief,Not Selected,Not Selected,Not Selected,No,,,,,,,NONE,,,,,,,,,,,WORK STRESS,Important,Important,Important,Important,,No,No,No,NONE,NONE
118979404428,Harambee,Operations,Yes,Female,35-44,Yes,Yes,,None of the above,Not Selected,Not Selected,Not Selected,Not Selected,Not Selected,Not Selected,Not Selected,Not Selected,Not Selected,Not Selected,Not Selected,Not Selected,Not Selected,Not Selected,No,,,,,,,NONE,,,,,,,Increased awareness sessions on mental health issues,,,,,Important,Important,Not Important.,Important,,Yes,Yes,No,NONE,NONE
118979410045,Meru Branch,Operations,Yes,Male,35-44,Yes,Yes,,,Not Selected,Not Selected,Not Selected,Not Selected,Not Selected,Not Selected,Not Selected,Not Selected,Not Selected,Not Selected,Loss and Grief,Not Selected,Not Selected,Not Selected,No,,,,,,,NONE,,,,,,,,,,,NONE,Important,Important,Important,Important,,Yes,Yes,Yes,WELL DETAILED,NONE
118979417766,Buruburu Branch,Operations,Yes,Female,25-34,Yes,Yes,,None of the above,Not Selected,Not Selected,Not Selected,Not Selected,Not Selected,Not Selected,Not Selected,Not Selected,Not Selected,Not Selected,Not Selected,Not Selected,Not Selected,Not Selected,No,,,,,,,NONE,,,,,,,Increased awareness sessions on mental health issues,,,,,Important,Important,Important,Important,,Yes,Yes,Yes,NONE,NONE
118979428622,Kerugoya Branch,Operations,Yes,Male,45-54,Yes,Yes,,None of the above,Not Selected,Not Selected,Not Selected,Not Selected,Not Selected,Not Selected,Not Selected,Not Selected,Not Selected,Not Selected,Not Selected,Not Selected,Not Selected,Not Selected,No,,,,,,,NONE,,,,,,,,,,,NONE,Important,Important,Important,Important,,Yes,Yes,Yes,WELL DETAILED,NONE
118979424624,Buruburu Branch,Operations,Yes,Female,35-44,Yes,Yes,,None of the above,Not Selected,Not Selected,Not Selected,Not Selected,Not Selected,Not Selected,Not Selected,Not Selected,Not Selected,Not Selected,Not Selected,Not Selected,Not Selected,Not Selected,No,,,,,,,NONE,,,,,,,Increased awareness sessions on mental health issues,,,,,Important,Important,Important,Important,,Yes,Yes,Yes,WELL DETAILED,NONE
118979438966,Bishops Gate,Risk,Yes,Male,45-54,Yes,Yes,,None of the above,Not Selected,Not Selected,Not Selected,Not Selected,Not Selected,Not Selected,Not Selected,Not Selected,Not Selected,Not Selected,Not Selected,Not Selected,Not Selected,Not Selected,No,,,,,,,NONE,,,,,,,,,,,NONE,Important,Important,Not Important.,Important,,No,No,Yes,WELL DETAILED,NONE
118979443544,Malindi Branch,Operations,Yes,Female,25-34,Yes,Yes,,None of the above,Not Selected,Not Selected,Not Selected,Not Selected,Not Selected,Not Selected,Not Selected,Not Selected,Not Selected,Not Selected,Not Selected,Not Selected,Not Selected,Not Selected,No,,,,,,,NONE,,,,,,,,,,,NONE,Important,Important,Not Important.,Important,,Yes,Yes,No,NONE,NONE
118979466683,"Parkside Tower ""A"" Branch",Operations,Yes,Male,25-34,Yes,Yes,,None of the above,Not Selected,Not Selected,Not Selected,Not Selected,Not Selected,Not Selected,Not Selected,Not Selected,Not Selected,Not Selected,Not Selected,Not Selected,Not Selected,Not Selected,No,,,,,,,NONE,,,,,,,,,,,NONE,Important,Important,Important,Important,,Yes,Yes,Yes,WELL DETAILED,NONE
118979488214,Taveta Branch,Teller/Cashier,Yes,Female,25-34,Yes,Yes,,,Not Selected,Work- and work-related stressors,Not Selected,Not Selected,Not Selected,Financial challenges,Not Selected,Not Selected,Not Selected,Not Selected,Not Selected,Not Selected,Not Selected,Not Selected,No,,Personal financial management,,Retirement planning,,,,Anxiety/depression,,,Men Cave/Women Forum,,,,Money matters/Financial coaching and literacy sessions,,,,Important,Important,Urgent,Urgent,,Yes,Yes,Yes,,No suggestions 
118979473786,Malindi Branch,Operations,Yes,Male,35-44,Yes,Yes,,None of the above,Not Selected,Not Selected,Not Selected,Not Selected,Not Selected,Not Selected,Not Selected,Not Selected,Not Selected,Not Selected,Not Selected,Not Selected,Not Selected,Not Selected,No,,,,,,,NONE,,,,,,,,,,,WORK STRESS,Important,Important,Not Important.,Important,,Yes,No,No,NONE,NONE
118979495686,Nyali Branch,Operations,Yes,Male,35-44,Yes,No,The team is yet to arrive at the branch ,,Not Selected,Work- and work-related stressors,Not Selected,Not Selected,Marital issues,Financial challenges,Not Selected,Not Selected,Not Selected,Not Selected,Not Selected,Not Selected,Not Selected,Not Selected,No,,Personal financial management,,,,,,Anxiety/depression,,,Men Cave/Women Forum,,,,,,,,Urgent,Urgent,,Important,,Yes,Yes,No,,No suggestions 
118979502203,Bishops Gate,Credit,Yes,Male,45-54,Yes,No,He works from home ,None of the above,Not Selected,Not Selected,Not Selected,Not Selected,Not Selected,Not Selected,Not Selected,Not Selected,Not Selected,Not Selected,Not Selected,Not Selected,Not Selected,Not Selected,No,,Personal financial management,,Retirement planning,Investment,,,Anxiety/depression,Health and well-being including lifestyle diseases,Dealing with addiction and related stigma,Men Cave/Women Forum,Building healthy relationships/marriages,Parenting and childcare,Increased awareness sessions on mental health issues,Money matters/Financial coaching and literacy sessions,"Building healthy relationships at work (colleagues, team leaders, managers)",Develop a Teens program on contemporary topics,,Important,Urgent,Important,Urgent,,No,Yes,Yes,Can't remember ,No suggestions 
118979511324,Nakuru East Branch,Customer Service,Yes,Female,35-44,Yes,Yes,,None of the above,Not Selected,Not Selected,Not Selected,Not Selected,Not Selected,Not Selected,Not Selected,Not Selected,Not Selected,Not Selected,Not Selected,Not Selected,Not Selected,Not Selected,No,,,,Retirement planning,Investment,,,,,,Men Cave/Women Forum,Building healthy relationships/marriages,,,Money matters/Financial coaching and literacy sessions,"Building healthy relationships at work (colleagues, team leaders, managers)",,,Urgent,Urgent,Important,Important,,No,Yes,Yes,,No suggestions
118979562090,Nyahururu Branch,Teller/Cashier,Yes,Male,45-54,Yes,No,He already did the same tests in the hospital ,None of the above,Not Selected,Not Selected,Not Selected,Not Selected,Not Selected,Not Selected,Not Selected,Not Selected,Not Selected,Not Selected,Not Selected,Not Selected,Not Selected,Not Selected,No,,,,Retirement planning,,,,,Health and well-being including lifestyle diseases,,,,,,,,,,Important,Important,Important,Important,,No,No,Yes,,No suggestions 
118980383861,Westend,Operations,Yes,Female,25-34,Yes,No,Not aware,,"Personal challenges (career growth, education)",Not Selected,Work-life imbalance,Gen-Z protests,Not Selected,Financial challenges,Not Selected,Not Selected,Not Selected,Not Selected,Not Selected,Not Selected,Not Selected,Not Selected,No,Not aware ,,,Retirement planning,Investment,Financial planning,,,Health and well-being including lifestyle diseases,,,,,Increased awareness sessions on mental health issues,,,,,Important,Urgent,Important,Urgent,,Yes,Yes,No,,No
118980595740,Bishops Gate,Operations,Yes,Female,25-34,No,No,,,"Personal challenges (career growth, education)",Not Selected,Not Selected,Not Selected,Not Selected,Not Selected,Not Selected,Not Selected,Not Selected,Not Selected,Loss and Grief,Not Selected,Not Selected,Not Selected,No,,,,,Investment,,,Anxiety/depression,Health and well-being including lifestyle diseases,Dealing with addiction and related stigma,,,,Increased awareness sessions on mental health issues,,,,,Urgent,,Urgent,Urgent,,Yes,Yes,No,,
118980665996,Bishops Gate,Customer Service,Yes,Female,25-34,Yes,No,was on leave,None of the above,Not Selected,Not Selected,Not Selected,Not Selected,Not Selected,Not Selected,Not Selected,Not Selected,Not Selected,Not Selected,Not Selected,Not Selected,Not Selected,Not Selected,No,,Personal financial management,Debt management,,Investment,Financial planning,,,,,,,,,Money matters/Financial coaching and literacy sessions,,,,Urgent,,Urgent,Urgent,,Yes,Yes,No,,
118981288948,Queensway House,Teller/Cashier,Yes,Male,35-44,Yes,No,Was away on leave ,,Not Selected,Work- and work-related stressors,Not Selected,Not Selected,Not Selected,Not Selected,Not Selected,Parenting challenges,Not Selected,Not Selected,Not Selected,Not Selected,Not Selected,Not Selected,No,No Reason ,,,,Investment,Financial planning,,Anxiety/depression,,,,,Parenting and childcare,,Money matters/Financial coaching and literacy sessions,,,,Important,Urgent,Important,Urgent,,No,No,No,,No suggestions 
118981290847,Queensway House,Teller/Cashier,Yes,Female,25-34,Yes,Yes,,,Not Selected,Not Selected,Not Selected,Not Selected,Not Selected,Financial challenges,Not Selected,Not Selected,Not Selected,Not Selected,Not Selected,Not Selected,Not Selected,Not Selected,No,,,,,,,,,,,,,,,,,,,,,,,,,,,,
118981292119,Bunyala Road Branch,Teller/Cashier,Yes,Male,25-34,Yes,Yes,,None of the above,Not Selected,Not Selected,Not Selected,Not Selected,Not Selected,Not Selected,Not Selected,Not Selected,Not Selected,Not Selected,Not Selected,Not Selected,Not Selected,Not Selected,No,,,,Retirement planning,Investment,,,,Health and well-being including lifestyle diseases,,,,,,,,,,Important,Important,Important,Important,,No,No,No,,No suggestions 
118981294137,Lunga Lunga Square,Teller/Cashier,Yes,Female,35-44,Yes,No,Was held up with work until late,,"Personal challenges (career growth, education)",Work- and work-related stressors,Work-life imbalance,Gen-Z protests,Marital issues,Financial challenges,Relationship difficulties,Parenting challenges,Anxiety and depression,Traumatic experiences,Loss and Grief,Alcohol (Substance and chemical dependency),"Chronic Diseases (nuclear family, parents, other extended family members",Not Selected,No,Has no time ,Personal financial management,Debt management,,Investment,Financial planning,,,,,,,Parenting and childcare,,Money matters/Financial coaching and literacy sessions,,,,Important,Important,Important,Urgent,,Yes,No,Yes,,No suggestions 
118981296444,Taveta Branch,Teller/Cashier,Yes,Male,35-44,No,No,Was away on leave ,None of the above,Not Selected,Not Selected,Not Selected,Not Selected,Not Selected,Not Selected,Not Selected,Not Selected,Not Selected,Not Selected,Not Selected,Not Selected,Not Selected,Not Selected,No,,Personal financial management,,,,,,,,,,Building healthy relationships/marriages,,,,"Building healthy relationships at work (colleagues, team leaders, managers)",,,,Important,,,,No,No,,,
118981298187,Imara Mall ,Teller/Cashier,Yes,Female,25-34,Yes,No,She was out on a training ,,"Personal challenges (career growth, education)",Not Selected,Work-life imbalance,Not Selected,Not Selected,Not Selected,Not Selected,Not Selected,Not Selected,Not Selected,Not Selected,Not Selected,Not Selected,Not Selected,No,,,,,Investment,Financial planning,,,,,Men Cave/Women Forum,Building healthy relationships/marriages,,,,"Building healthy relationships at work (colleagues, team leaders, managers)",,,Important,Important,Important,Important,,Yes,Yes,Yes,,No suggestions 
118981299737,Karen Branch Prestige,Teller/Cashier,Yes,Male,25-34,Yes,Yes,,None of the above,Not Selected,Not Selected,Not Selected,Not Selected,Not Selected,Not Selected,Not Selected,Not Selected,Not Selected,Not Selected,Not Selected,Not Selected,Not Selected,Not Selected,No,,,,,,,None ,,,,,,,,,,Develop a Teens program on contemporary topics,,,Important,,,,No,No,No,,No suggestions 
118981301311,Kitui Branch,Customer Service,Yes,Female,25-34,Yes,No,,,Not Selected,Not Selected,Not Selected,Not Selected,Not Selected,Financial challenges,Not Selected,Not Selected,Not Selected,Not Selected,Not Selected,Not Selected,Not Selected,Not Selected,No,,,,Retirement planning,,,,Anxiety/depression,,,,,,,,,,,Urgent,Urgent,Important,Important,,Yes,Yes,Yes,,No suggestions for now 
118981304237,Ruaraka Branch,Operations,Yes,Female,25-34,Yes,Yes,,,Not Selected,Not Selected,Not Selected,Not Selected,Not Selected,Financial challenges,Not Selected,Not Selected,Not Selected,Not Selected,Not Selected,Not Selected,Not Selected,Not Selected,No,,,,Retirement planning,Investment,,,Anxiety/depression,Health and well-being including lifestyle diseases,,,Building healthy relationships/marriages,Parenting and childcare,Increased awareness sessions on mental health issues,Money matters/Financial coaching and literacy sessions,,,,Urgent,Urgent,Important,Urgent,,No,Yes,Yes,She couldn't remember ,No suggestions 
118981307665,Bishops Gate,Teller/Cashier,Yes,Female,25-34,Yes,Yes,,,Not Selected,Not Selected,Not Selected,Not Selected,Not Selected,Financial challenges,Not Selected,Not Selected,Not Selected,Not Selected,Not Selected,Not Selected,Not Selected,Not Selected,No,,,,,Investment,,,,,,,,,,Money matters/Financial coaching and literacy sessions,"Building healthy relationships at work (colleagues, team leaders, managers)",,,Important,Important,Important,Important,,Yes,Yes,Yes,,No suggestions for now 
118981310799,Meru Branch,Operations,Yes,Female,35-44,Yes,Yes,,,Not Selected,Work- and work-related stressors,Work-life imbalance,Not Selected,Not Selected,Financial challenges,Not Selected,Not Selected,Not Selected,Not Selected,Not Selected,Not Selected,Not Selected,Not Selected,No,,,Debt management,,,Financial planning,,,Health and well-being including lifestyle diseases,,,,,,Money matters/Financial coaching and literacy sessions,"Building healthy relationships at work (colleagues, team leaders, managers)",,,Important,Important,Important,Important,,No,Yes,Yes,,No suggestions for now
118981317059,Kitengela Plaza Branch,Teller/Cashier,Yes,Female,35-44,Yes,Yes,,,Not Selected,Work- and work-related stressors,Not Selected,Not Selected,Not Selected,Financial challenges,Not Selected,Not Selected,Not Selected,Not Selected,Not Selected,Not Selected,Not Selected,Not Selected,Yes,,Personal financial management,Debt management,Retirement planning,Investment,Financial planning,,,Health and well-being including lifestyle diseases,,,,Parenting and childcare,Increased awareness sessions on mental health issues,Money matters/Financial coaching and literacy sessions,,,,Important,Important,,Important,,No,Yes,Yes,,No suggestions
118981335702,Bishops Gate,Operations,Yes,Female,25-34,Yes,No,was busy with work until late,None of the above,Not Selected,Not Selected,Not Selected,Not Selected,Not Selected,Not Selected,Not Selected,Not Selected,Not Selected,Not Selected,Not Selected,Not Selected,Not Selected,Not Selected,No,,Personal financial management,,,,Financial planning,,Anxiety/depression,,,Men Cave/Women Forum,,Parenting and childcare,,,,Develop a Teens program on contemporary topics,,Important,Important,Important,Important,,No,No,No,,
118981342498,Bishops Gate,Customer Service,Yes,Female,25-34,Yes,No,,,Not Selected,Not Selected,Work-life imbalance,Not Selected,Not Selected,Not Selected,Not Selected,Not Selected,Not Selected,Not Selected,Not Selected,Not Selected,Not Selected,Not Selected,No,,,,Retirement planning,Investment,,,,Health and well-being including lifestyle diseases,,Men Cave/Women Forum,Building healthy relationships/marriages,,Increased awareness sessions on mental health issues,Money matters/Financial coaching and literacy sessions,"Building healthy relationships at work (colleagues, team leaders, managers)",,,Important,,,Important,,No,Yes,Yes,,No sugggestions
118981348280,Isiolo Branch,Operations,Yes,Male,35-44,Yes,No,,,"Personal challenges (career growth, education)",Work- and work-related stressors,Work-life imbalance,Not Selected,Not Selected,Financial challenges,Not Selected,Not Selected,Not Selected,Not Selected,Not Selected,Not Selected,Not Selected,Not Selected,No,,Personal financial management,,Retirement planning,,,,Anxiety/depression,,,,,Parenting and childcare,Increased awareness sessions on mental health issues,Money matters/Financial coaching and literacy sessions,,,,,,,Important,,No,No,Yes,,none
118981350227,Isiolo Branch,Operations,Yes,Male,35-44,Yes,No,,,"Personal challenges (career growth, education)",Work- and work-related stressors,Work-life imbalance,Not Selected,Not Selected,Financial challenges,Not Selected,Not Selected,Not Selected,Not Selected,Not Selected,Not Selected,Not Selected,Not Selected,No,No issue that requires counselling,Personal financial management,,Retirement planning,,,,Anxiety/depression,,,,,Parenting and childcare,Increased awareness sessions on mental health issues,Money matters/Financial coaching and literacy sessions,"Building healthy relationships at work (colleagues, team leaders, managers)",,,,,,Important,,No,No,Yes,,none
118981351775,Queensway House,Universal Banker,Yes,Female,35-44,Yes,No,No reason,,Not Selected,Work- and work-related stressors,Not Selected,Not Selected,Not Selected,Not Selected,Not Selected,Not Selected,Not Selected,Not Selected,Not Selected,Not Selected,Not Selected,Not Selected,No,,,,Retirement planning,Investment,Financial planning,,,,,Men Cave/Women Forum,Building healthy relationships/marriages,,,,"Building healthy relationships at work (colleagues, team leaders, managers)",,,,Important,,Important,,Yes,Yes,Yes,,no suggestions
118981356200,Westend,Bancassurance,Yes,Male,25-34,Yes,Yes,,,Not Selected,Not Selected,Not Selected,Not Selected,Not Selected,Not Selected,Not Selected,Not Selected,Not Selected,Not Selected,Loss and Grief,Not Selected,Not Selected,Not Selected,No,,Personal financial management,Debt management,Retirement planning,Investment,Financial planning,,,,,,,Parenting and childcare,,,,,,,Important,,,,No,Yes,Yes,,Minet should do periodic calls to the employees                                                                                    
118981360464,Kisii Branch,Universal Banker,Yes,Female,25-34,Yes,Yes,,,Not Selected,Work- and work-related stressors,Work-life imbalance,Not Selected,Not Selected,Not Selected,Not Selected,Not Selected,Not Selected,Not Selected,Not Selected,Not Selected,Not Selected,Not Selected,No,,,,Retirement planning,,Financial planning,,,Health and well-being including lifestyle diseases,Dealing with addiction and related stigma,,Building healthy relationships/marriages,Parenting and childcare,,,"Building healthy relationships at work (colleagues, team leaders, managers)",,,Urgent,Urgent,Important,Important,,Yes,Yes,Yes,,Minet to do care calls more frequently
118981362395,Digo Road Branch,Bancassurance,Yes,Female,45-54,Yes,No,was held up with work until late,,"Personal challenges (career growth, education)",Work- and work-related stressors,Work-life imbalance,Not Selected,Not Selected,Not Selected,Not Selected,Not Selected,Not Selected,Not Selected,Not Selected,Not Selected,Not Selected,Not Selected,No,,,,Retirement planning,,Financial planning,,,Health and well-being including lifestyle diseases,,,,,,,,,,Important,Urgent,Urgent,Important,,Yes,Yes,Yes,,
118981366730,Isiolo Branch,Universal Banker,Yes,Male,25-34,Yes,Yes,,,Not Selected,Work- and work-related stressors,Work-life imbalance,Not Selected,Not Selected,Financial challenges,Not Selected,Not Selected,Anxiety and depression,Not Selected,Not Selected,Not Selected,Not Selected,Not Selected,No,,,,,Investment,Financial planning,,,Health and well-being including lifestyle diseases,,,,,,,,,,,,,Important,,No,No,Yes,,
118981369371,Taveta Branch,Universal Banker,Yes,Male,35-44,Yes,No,,,Not Selected,Not Selected,Work-life imbalance,Not Selected,Not Selected,Not Selected,Not Selected,Not Selected,Not Selected,Not Selected,Not Selected,Not Selected,Not Selected,Not Selected,,,Personal financial management,,,,,,,Health and well-being including lifestyle diseases,,,,,,,"Building healthy relationships at work (colleagues, team leaders, managers)",,,Important,Urgent,Important,Urgent,,Yes,Yes,No,,No suggestions
118981371295,Kitui Branch,Operations,Yes,Male,45-54,Yes,Yes,,,Not Selected,Not Selected,Not Selected,Not Selected,Not Selected,Not Selected,Not Selected,Not Selected,Not Selected,Not Selected,Not Selected,Not Selected,"Chronic Diseases (nuclear family, parents, other extended family members",Not Selected,No,No issue that requires counselling,,,Retirement planning,,,,,Health and well-being including lifestyle diseases,,,Building healthy relationships/marriages,,Increased awareness sessions on mental health issues,,"Building healthy relationships at work (colleagues, team leaders, managers)",,,,Important,,Important,,No,No,No,,None at the moment
118981373361,Digo Road Branch,Customer Service,Yes,Male,55-64,Yes,Yes,,None of the above,Not Selected,Not Selected,Not Selected,Not Selected,Not Selected,Not Selected,Not Selected,Not Selected,Not Selected,Not Selected,Not Selected,Not Selected,Not Selected,Not Selected,No,,Personal financial management,Debt management,Retirement planning,Investment,Financial planning,,Anxiety/depression,Health and well-being including lifestyle diseases,Dealing with addiction and related stigma,Men Cave/Women Forum,Building healthy relationships/marriages,Parenting and childcare,Increased awareness sessions on mental health issues,Money matters/Financial coaching and literacy sessions,"Building healthy relationships at work (colleagues, team leaders, managers)",Develop a Teens program on contemporary topics,,Important,Important,Important,Important,,No,No,Yes,additional questionnaire questions ,Implement all programs suggested by the employees and do act on them more often  Localize coaches for physical sessions  
118981401860,Bishops Gate,Collections,Yes,Female,25-34,Yes,Yes,,,Not Selected,Not Selected,Not Selected,Not Selected,Not Selected,Not Selected,Not Selected,Not Selected,Not Selected,Not Selected,Not Selected,Not Selected,Not Selected,Not Selected,No,,,,,Investment,,savings planning and platforms,,,,,,,,Money matters/Financial coaching and literacy sessions,"Building healthy relationships at work (colleagues, team leaders, managers)",,,,,,,,Yes,Yes,No,,
118981410297,Absa Headquarters (KE),SME,Yes,Female,25-34,Yes,No,,None of the above,Not Selected,Not Selected,Not Selected,Not Selected,Not Selected,Not Selected,Not Selected,Not Selected,Not Selected,Not Selected,Not Selected,Not Selected,Not Selected,Not Selected,No,,Personal financial management,Debt management,Retirement planning,Investment,,,,,,,,,Increased awareness sessions on mental health issues,,,,,,,,,,Yes,Yes,No,,
118981430977,Absa Headquarters (KE),I.T,Yes,Male,25-34,Yes,No,,,Not Selected,Work- and work-related stressors,Work-life imbalance,Not Selected,Not Selected,Not Selected,Not Selected,Not Selected,Not Selected,Not Selected,Not Selected,Not Selected,Not Selected,Not Selected,No,,,,Retirement planning,Investment,Financial planning,,,,,,,,,,"Building healthy relationships at work (colleagues, team leaders, managers)",,,Urgent,Urgent,,Urgent,,No,Yes,No,,
118981434514,Bishops Gate,Contact Centre,Yes,Male,25-34,No,No,,,Not Selected,Not Selected,Not Selected,Gen-Z protests,Not Selected,Not Selected,Not Selected,Not Selected,Not Selected,Not Selected,Not Selected,Not Selected,"Chronic Diseases (nuclear family, parents, other extended family members",Not Selected,No,,,,Retirement planning,,,,,Health and well-being including lifestyle diseases,,,,,Increased awareness sessions on mental health issues,,,,,,Important,Urgent,Urgent,,Yes,Yes,No,,
118981440978,Contact Centre,Contact Centre,Yes,Female,25-34,No,No,,None of the above,Not Selected,Not Selected,Not Selected,Not Selected,Not Selected,Not Selected,Not Selected,Not Selected,Not Selected,Not Selected,Not Selected,Not Selected,Not Selected,Not Selected,No,,Personal financial management,,,Investment,Financial planning,,Anxiety/depression,,,,,,Increased awareness sessions on mental health issues,Money matters/Financial coaching and literacy sessions,,,,,,,,,Yes,Yes,No,,
118981446879,Bishops Gate,Sales,Yes,Male,25-34,Yes,No,,None of the above,Not Selected,Not Selected,Not Selected,Not Selected,Not Selected,Not Selected,Not Selected,Not Selected,Not Selected,Not Selected,Not Selected,Not Selected,Not Selected,Not Selected,No,,Personal financial management,,,Investment,Financial planning,,,,,,,,Increased awareness sessions on mental health issues,,"Building healthy relationships at work (colleagues, team leaders, managers)",,,Urgent,Urgent,,Urgent,,Yes,No,No,,
118981449383,Machakos Branch,Customer Service,Yes,Male,35-44,Yes,No,He was held up at work and came back late,,Not Selected,Work- and work-related stressors,Not Selected,Not Selected,Not Selected,Financial challenges,Not Selected,Not Selected,Not Selected,Not Selected,Not Selected,Not Selected,Not Selected,Not Selected,No,,,,Retirement planning,,Financial planning,,Anxiety/depression,Health and well-being including lifestyle diseases,Dealing with addiction and related stigma,Men Cave/Women Forum,Building healthy relationships/marriages,Parenting and childcare,Increased awareness sessions on mental health issues,Money matters/Financial coaching and literacy sessions,"Building healthy relationships at work (colleagues, team leaders, managers)",Develop a Teens program on contemporary topics,,Urgent,Urgent,Important,Important,,No,No,Yes,,
118981454391,Queensway House,Relationship Manager,Yes,Male,35-44,Yes,Yes,,,Not Selected,Not Selected,Not Selected,Not Selected,Not Selected,Financial challenges,Not Selected,Not Selected,Not Selected,Not Selected,Not Selected,Not Selected,Not Selected,Not Selected,No,,,Debt management,,,,,,,,Men Cave/Women Forum,,,,Money matters/Financial coaching and literacy sessions,,,,Important,Urgent,,Urgent,,No,No,Yes,,None at the moment
118981458162,Bishops Gate,I.T,Yes,Male,45-54,Yes,No,He was on leave,None of the above,Not Selected,Not Selected,Not Selected,Not Selected,Not Selected,Not Selected,Not Selected,Not Selected,Not Selected,Not Selected,Not Selected,Not Selected,Not Selected,Not Selected,No,,,,Retirement planning,,,,,,,Men Cave/Women Forum,,,Increased awareness sessions on mental health issues,,"Building healthy relationships at work (colleagues, team leaders, managers)",Develop a Teens program on contemporary topics,,Urgent,Important,Important,Urgent,,Yes,Yes,Yes,,no suggestions
118981489394,Bishops Gate,Risk,Yes,Male,25-34,Yes,Yes,,,"Personal challenges (career growth, education)",Not Selected,Work-life imbalance,Not Selected,Not Selected,Financial challenges,Not Selected,Not Selected,Not Selected,Not Selected,Not Selected,Not Selected,Not Selected,Not Selected,No,Not in need,Personal financial management,,Retirement planning,,Financial planning,estate planning,,,,,,,,Money matters/Financial coaching and literacy sessions,"Building healthy relationships at work (colleagues, team leaders, managers)",Develop a Teens program on contemporary topics,,Important,Important,Important,Important,,Yes,No,No,,career growth
118981493305,kawanware ,Universal Banker,Yes,Female,35-44,Yes,Yes,,None of the above,Not Selected,Not Selected,Not Selected,Not Selected,Not Selected,Not Selected,Not Selected,Not Selected,Not Selected,Not Selected,Not Selected,Not Selected,Not Selected,Not Selected,No,,,,,,Financial planning,,,,,,,Parenting and childcare,,,,,,,,,,,,,,,
118981501386,Bishops Gate,Customer Service,Yes,Female,25-34,Yes,No,busy at work,,Not Selected,Work- and work-related stressors,Work-life imbalance,Gen-Z protests,Not Selected,Not Selected,Not Selected,Not Selected,Not Selected,Not Selected,Not Selected,Not Selected,Not Selected,Not Selected,No,Not in need,Personal financial management,,,,Financial planning,,,,,,,,,Money matters/Financial coaching and literacy sessions,"Building healthy relationships at work (colleagues, team leaders, managers)",,,Important,Urgent,Important,Urgent,,Yes,Yes,No,,MORE OF Email surveys
118981506475,Bishops Gate,Customer Service,Yes,Female,25-34,No,No,busy,,"Personal challenges (career growth, education)",Work- and work-related stressors,Work-life imbalance,Gen-Z protests,Not Selected,Financial challenges,Not Selected,Not Selected,Not Selected,Traumatic experiences,Not Selected,Not Selected,Not Selected,Not Selected,No,Not aware,Personal financial management,,,,Financial planning,,,,,,,,,Money matters/Financial coaching and literacy sessions,"Building healthy relationships at work (colleagues, team leaders, managers)",,,Urgent,Important,Important,Urgent,,Yes,Yes,Yes,no,none
118981499911,Sarit Centre Prestige,Customer Service,Yes,Female,25-34,Yes,Yes,,None of the above,Not Selected,Not Selected,Not Selected,Not Selected,Not Selected,Not Selected,Not Selected,Not Selected,Not Selected,Not Selected,Not Selected,Not Selected,Not Selected,Not Selected,Yes,,,,,Investment,,,,,,,,,,,,,none of the above,Urgent,,,,,No,No,No,,None 
118981509792,Bishops Gate,Customer Service,Yes,Male,25-34,Yes,Yes,,,"Personal challenges (career growth, education)",Work- and work-related stressors,Work-life imbalance,Gen-Z protests,Not Selected,Not Selected,Not Selected,Not Selected,Not Selected,Traumatic experiences,Not Selected,Not Selected,Not Selected,Not Selected,Yes,Not in need,Personal financial management,,Retirement planning,Investment,Financial planning,,,,,,,,,,"Building healthy relationships at work (colleagues, team leaders, managers)",,,Urgent,Important,Important,Important,,Yes,Yes,No,,NO
118981514318,Bishops Gate,Customer Service,Yes,Male,25-34,Yes,Yes,,,Not Selected,Not Selected,Not Selected,Not Selected,Not Selected,Not Selected,Not Selected,Not Selected,Not Selected,Not Selected,Not Selected,Not Selected,Not Selected,economic challenges,No,not in need,Personal financial management,Debt management,Retirement planning,Investment,Financial planning,,,,,,,,,Money matters/Financial coaching and literacy sessions,,,,Important,Important,Important,Urgent,,Yes,Yes,Yes,learned alot of from the investment training,no
118981527582,Bishops Gate,Operations,Yes,Female,25-34,Yes,No,not aware,,Not Selected,Not Selected,Work-life imbalance,Not Selected,Not Selected,Not Selected,Not Selected,Not Selected,Not Selected,Not Selected,Not Selected,Not Selected,Not Selected,Not Selected,Yes,,,,,Investment,Financial planning,,,,,,Building healthy relationships/marriages,,,,"Building healthy relationships at work (colleagues, team leaders, managers)",,,Urgent,Important,Important,Urgent,,No,No,No,,NONE
118981532281,Absa Plaza,Relationship Manager,Yes,Female,35-44,Yes,No,NOT INVOLED,,Not Selected,Not Selected,Work-life imbalance,Not Selected,Not Selected,Financial challenges,Not Selected,Not Selected,Not Selected,Not Selected,Not Selected,Not Selected,Not Selected,Not Selected,No,Not aware,,,,,Financial planning,,,Health and well-being including lifestyle diseases,,,,,Increased awareness sessions on mental health issues,Money matters/Financial coaching and literacy sessions,"Building healthy relationships at work (colleagues, team leaders, managers)",,,Important,Important,Important,Important,,Yes,Yes,Yes,not major ,no
118981571258,Busia,Teller/Cashier,Yes,Male,35-44,Yes,Yes,,,Not Selected,Not Selected,Not Selected,Not Selected,Not Selected,Financial challenges,Not Selected,Not Selected,Not Selected,Not Selected,Not Selected,Not Selected,Not Selected,Not Selected,Yes,,Personal financial management,,,,Financial planning,,,,,,,,,Money matters/Financial coaching and literacy sessions,"Building healthy relationships at work (colleagues, team leaders, managers)",,,Important,Important,Important,Important,,Yes,No,No,NO,
118981603033,Gikomba Branch,Teller/Cashier,Yes,Male,35-44,No,Yes,,,Not Selected,Not Selected,Not Selected,Not Selected,Not Selected,Financial challenges,Not Selected,Not Selected,Not Selected,Not Selected,Not Selected,Not Selected,Not Selected,Not Selected,No,on contract basis,,,,,Financial planning,,,,,,,,,Money matters/Financial coaching and literacy sessions,,,,Not Important.,Important,Important,Important,,No,No,No,,NO
118981608662,Bishops Gate,Collections,Yes,Male,35-44,No,No,not around,,Not Selected,Not Selected,Not Selected,Gen-Z protests,Not Selected,Not Selected,Not Selected,Not Selected,Not Selected,Traumatic experiences,Not Selected,Not Selected,Not Selected,Not Selected,No,not aware,,,,Investment,Financial planning,,,Health and well-being including lifestyle diseases,,,,,Increased awareness sessions on mental health issues,Money matters/Financial coaching and literacy sessions,,,,Important,Important,Not Important.,Important,,Yes,No,No,na,empowerment programs for new employees
118981621829,KAWANGWARE BRANCH,Teller/Cashier,Yes,Female,35-44,Yes,Yes,,None of the above,Not Selected,Not Selected,Not Selected,Not Selected,Not Selected,Not Selected,Not Selected,Not Selected,Not Selected,Not Selected,Not Selected,Not Selected,Not Selected,Not Selected,No,HAS NO MUCH INFORMATION ABOUT IT,Personal financial management,,,,,,,,,,,,Increased awareness sessions on mental health issues,Money matters/Financial coaching and literacy sessions,,,,Important,Important,Important,Important,,Yes,Yes,No,,NONE
118981630694,Yaya Centre Prestige,Teller/Cashier,Yes,Female,35-44,Yes,Yes,,None of the above,Not Selected,Not Selected,Not Selected,Not Selected,Not Selected,Not Selected,Not Selected,Not Selected,Not Selected,Not Selected,Not Selected,Not Selected,Not Selected,Not Selected,No,,,,,,Financial planning,,,,,,,,Increased awareness sessions on mental health issues,Money matters/Financial coaching and literacy sessions,"Building healthy relationships at work (colleagues, team leaders, managers)",,,Important,Not Important.,Not Important.,Important,,No,No,No,,NO
118981642937,Sarit Centre Prestige,Teller/Cashier,Yes,Female,35-44,Yes,No,WAS NOT AROUND,,Not Selected,Work- and work-related stressors,Not Selected,Not Selected,Not Selected,Not Selected,Not Selected,Not Selected,Not Selected,Not Selected,Not Selected,Not Selected,Not Selected,Not Selected,No,,,,,,Financial planning,,,Health and well-being including lifestyle diseases,,,,,,,,,,,,,,,Yes,Yes,No,,NO
118981653659,Digo Road Branch,Customer Service,Yes,Male,25-34,Yes,Yes,,,"Personal challenges (career growth, education)",Not Selected,Not Selected,Not Selected,Not Selected,Not Selected,Not Selected,Not Selected,Not Selected,Not Selected,Not Selected,Not Selected,Not Selected,Not Selected,No,,Personal financial management,,,Investment,,,,Health and well-being including lifestyle diseases,,,,,Increased awareness sessions on mental health issues,Money matters/Financial coaching and literacy sessions,,,,Important,Important,Not Important.,Important,,Yes,Yes,Yes,GOOD SUPPORT ,NO
118981665866,Diani Branch,Customer Service,Yes,Female,25-34,Yes,No,,,"Personal challenges (career growth, education)",Not Selected,Not Selected,Not Selected,Not Selected,Not Selected,Not Selected,Not Selected,Not Selected,Not Selected,Not Selected,Not Selected,Not Selected,Not Selected,Yes,,,,,,Financial planning,,,,,,,,Increased awareness sessions on mental health issues,Money matters/Financial coaching and literacy sessions,,,,,,,,,Yes,Yes,Yes,NO,NONE
118981678258,Bishops Gate,Collections,Yes,Female,25-34,Yes,No,forgot about it,,"Personal challenges (career growth, education)",Not Selected,Not Selected,Not Selected,Not Selected,Not Selected,Not Selected,Not Selected,Not Selected,Not Selected,Not Selected,Not Selected,Not Selected,Not Selected,No,have not had time to,,,,,Financial planning,,,,,,,,,Money matters/Financial coaching and literacy sessions,,,,,,,,,Yes,No,No,,
118981697477,Bishops Gate,Customer Service,Yes,Male,25-34,Yes,Yes,,None of the above,Not Selected,Not Selected,Not Selected,Not Selected,Not Selected,Not Selected,Not Selected,Not Selected,Not Selected,Not Selected,Not Selected,Not Selected,Not Selected,Not Selected,Yes,NOT AWARE,,,,Investment,Financial planning,,,Health and well-being including lifestyle diseases,,,,,Increased awareness sessions on mental health issues,Money matters/Financial coaching and literacy sessions,,,,Important,Important,Important,Important,,Yes,Yes,No,,NO
118981703942,Bishops Gate,Customer Service,Yes,Male,35-44,Yes,Yes,,None of the above,Not Selected,Not Selected,Not Selected,Not Selected,Not Selected,Not Selected,Not Selected,Not Selected,Not Selected,Not Selected,Not Selected,Not Selected,Not Selected,Not Selected,Yes,,,,,,Financial planning,,,Health and well-being including lifestyle diseases,Dealing with addiction and related stigma,Men Cave/Women Forum,,,,,"Building healthy relationships at work (colleagues, team leaders, managers)",,,,,,,,Yes,Yes,No,,NO
118981712804,Bishops Gate,Audit,Yes,Male,25-34,Yes,No,Not around,,Not Selected,Work- and work-related stressors,Work-life imbalance,Not Selected,Not Selected,Not Selected,Not Selected,Not Selected,Not Selected,Not Selected,Not Selected,Not Selected,Not Selected,Not Selected,No,WILLING TO,Personal financial management,,Retirement planning,,,,,,,,Building healthy relationships/marriages,,,,"Building healthy relationships at work (colleagues, team leaders, managers)",,,Urgent,Urgent,Urgent,Urgent,,No,No,No,NO,NO
118981723371,Westend,Human Resource (HR)   ,Yes,Male,25-34,Yes,No,Already did the checkups in a hospital,,Not Selected,Work- and work-related stressors,Work-life imbalance,Not Selected,Not Selected,Not Selected,Not Selected,Not Selected,Not Selected,Not Selected,Loss and Grief,Not Selected,Not Selected,Not Selected,No,,,,,,Financial planning,,,,,,,,,Money matters/Financial coaching and literacy sessions,,,,Urgent,Urgent,Important,Important,,No,No,Yes,,No suggestions
118981739890,Nkrumah Road Branch,Operations,Yes,Female,35-44,Yes,Yes,,,Not Selected,Not Selected,Not Selected,Not Selected,Not Selected,Not Selected,Not Selected,Not Selected,Not Selected,Not Selected,Not Selected,Not Selected,Not Selected,Not Selected,,,,,,,,none,,,,Men Cave/Women Forum,,,,Money matters/Financial coaching and literacy sessions,,,,Urgent,Urgent,Important,Important,,No,No,Yes,,
118981956234,Hurlingham Branch,Customer Service,Yes,Male,35-44,Yes,No,,,Not Selected,Work- and work-related stressors,Not Selected,Not Selected,Not Selected,Not Selected,Not Selected,Not Selected,Not Selected,Not Selected,Not Selected,Not Selected,Not Selected,Not Selected,No,,,,Retirement planning,,,,,,,Men Cave/Women Forum,,,,,,,,Urgent,,,,,No,No,Yes,,No suggestions
118981979527,Kisii Branch,Relationship Manager,Yes,Male,35-44,Yes,No,He was on leave,None of the above,Not Selected,Not Selected,Not Selected,Not Selected,Not Selected,Not Selected,Not Selected,Not Selected,Not Selected,Not Selected,Not Selected,Not Selected,Not Selected,Not Selected,No,,Personal financial management,Debt management,Retirement planning,Investment,Financial planning,,,Health and well-being including lifestyle diseases,,,,,,Money matters/Financial coaching and literacy sessions,,,,Urgent,,,,,No,No,Yes,,
118981986248,Kakamega Branch,SME,Yes,Male,35-44,Yes,No,He had a scheduled duty meeting                                                                                                                                                                                                                                                                                                                                                                                                                                                                                                                                                                                                                                                                                                                                                                                                                                                                                                                                                                                                                                                                                                                                                                                                                                                                                                                                                                                                                                                                                                                                                                                                                                                                                                                                                                                                                                                                                                                                                                                                                                                                                                                                                                                                                                                                                                                                                                                                                                                                                                                                                                                                                                                                                                                                                                                                                                                                                                                                                                                                                                                                                                                                                                                                                                                                                                                                                                                                                                                                                                                                                                                                                                                                                                                                                                                                 ,,Not Selected,Not Selected,Work-life imbalance,Not Selected,Not Selected,Not Selected,Not Selected,Not Selected,Not Selected,Not Selected,Not Selected,Not Selected,Not Selected,Not Selected,No,,,,Retirement planning,Investment,,,,Health and well-being including lifestyle diseases,,,,Parenting and childcare,,,,,,Important,Urgent,Important,Important,,Yes,Yes,Yes,,none
118982301805,Queensway House,Universal Banker,Yes,Female,35-44,Yes,No,She was on leave,None of the above,Not Selected,Not Selected,Not Selected,Not Selected,Not Selected,Not Selected,Not Selected,Not Selected,Not Selected,Not Selected,Not Selected,Not Selected,Not Selected,Not Selected,No,,,,,Investment,,,,Health and well-being including lifestyle diseases,,Men Cave/Women Forum,,,,,,,,Important,,,,,No,No,Yes,,None at the moment
118982302935,Eldoret Branch,Universal Banker,Yes,Male,25-34,Yes,Yes,,,Not Selected,Not Selected,Not Selected,Not Selected,Not Selected,Not Selected,Not Selected,Not Selected,Not Selected,Traumatic experiences,Not Selected,Not Selected,Not Selected,Not Selected,No,,Personal financial management,,Retirement planning,,,,Anxiety/depression,,,Men Cave/Women Forum,,,Increased awareness sessions on mental health issues,,,,,,,Important,,,No,Yes,,,There is a need to be comprehensive  Sports events to be taken to other counties too 
118982305194,Thika Branch,Sales,Yes,Female,35-44,Yes,No,"newly employed, she is still adjusting into the system",,Not Selected,Not Selected,Not Selected,Not Selected,Not Selected,Financial challenges,Not Selected,Not Selected,Not Selected,Not Selected,Not Selected,Not Selected,Not Selected,Not Selected,No,,,Debt management,Retirement planning,Investment,Financial planning,,,,,Men Cave/Women Forum,Building healthy relationships/marriages,Parenting and childcare,,Money matters/Financial coaching and literacy sessions,"Building healthy relationships at work (colleagues, team leaders, managers)",,,Urgent,Urgent,,,,Yes,Yes,No,,No suggestions
118982345134,Bomet Branch,Operations,Yes,Male,35-44,Yes,No,Not around ,,"Personal challenges (career growth, education)",Not Selected,Not Selected,Not Selected,Not Selected,Financial challenges,Not Selected,Not Selected,Not Selected,Not Selected,Not Selected,Not Selected,Not Selected,Not Selected,No,Not gotten the time but willing to try,Personal financial management,,,,,,,Health and well-being including lifestyle diseases,,,,,Increased awareness sessions on mental health issues,Money matters/Financial coaching and literacy sessions,"Building healthy relationships at work (colleagues, team leaders, managers)",,,Important,Important,Urgent,,,Yes,Yes,No,Na,Financial 
118982352862,Bishops Gate,Treasury,Yes,Male,35-44,Yes,Yes,,,Not Selected,Work- and work-related stressors,Not Selected,Not Selected,Not Selected,Not Selected,Not Selected,Not Selected,Not Selected,Not Selected,Not Selected,Not Selected,Not Selected,Not Selected,No,,,,,Investment,,,,,,Men Cave/Women Forum,,,Increased awareness sessions on mental health issues,,,,,Urgent,Important,Important,Important,,No,No,No,,
118982357126,Contact Centre,Contact Centre,Yes,Female,25-34,Yes,No,Wasn't employes in the company then,None of the above,Not Selected,Not Selected,Not Selected,Not Selected,Not Selected,Not Selected,Not Selected,Not Selected,Not Selected,Not Selected,Not Selected,Not Selected,Not Selected,Not Selected,No,,Personal financial management,,,Investment,,,,,,,Building healthy relationships/marriages,,Increased awareness sessions on mental health issues,Money matters/Financial coaching and literacy sessions,,,,,,,,,Yes,Yes,No,,Having the survey accessible to new members
118982360175,Bishops Gate,Customer Service,Yes,Female,25-34,Yes,No,Wasnt employed by then,None of the above,Not Selected,Not Selected,Not Selected,Not Selected,Not Selected,Not Selected,Not Selected,Not Selected,Not Selected,Not Selected,Not Selected,Not Selected,Not Selected,Not Selected,No,,,,,Investment,,,,,,,,,,,,,,,,,,,Yes,Yes,No,,
118982359729,Muthaiga Branch,Operations,Yes,Female,35-44,Yes,Yes,,,"Personal challenges (career growth, education)",Work- and work-related stressors,Not Selected,Not Selected,Not Selected,Not Selected,Not Selected,Not Selected,Not Selected,Not Selected,Not Selected,Not Selected,Not Selected,Not Selected,No,Willing to,Personal financial management,Debt management,Retirement planning,Investment,Financial planning,,,Health and well-being including lifestyle diseases,,Men Cave/Women Forum,,,,Money matters/Financial coaching and literacy sessions,,,,,,,,,No,No,No,,No
118982377743,Bishops Gate,Business Banking,Yes,Male,45-54,Yes,Yes,,,Not Selected,Work- and work-related stressors,Not Selected,Not Selected,Not Selected,Not Selected,Not Selected,Not Selected,Not Selected,Not Selected,Not Selected,Not Selected,Not Selected,Not Selected,No,,,,Retirement planning,Investment,,,,Health and well-being including lifestyle diseases,Dealing with addiction and related stigma,Men Cave/Women Forum,Building healthy relationships/marriages,Parenting and childcare,Increased awareness sessions on mental health issues,Money matters/Financial coaching and literacy sessions,"Building healthy relationships at work (colleagues, team leaders, managers)",,,Important,Important,Important,Important,,No,No,Yes,Positive impact ,No
118982404042,Bishops Gate,Quality assurance,Yes,Female,25-34,Yes,No,Wasnt employed at that time,None of the above,Not Selected,Not Selected,Not Selected,Not Selected,Not Selected,Not Selected,Not Selected,Not Selected,Not Selected,Not Selected,Not Selected,Not Selected,Not Selected,Not Selected,No,,,,Retirement planning,,,,,Health and well-being including lifestyle diseases,Dealing with addiction and related stigma,,,,Increased awareness sessions on mental health issues,Money matters/Financial coaching and literacy sessions,,,,,,,,,Yes,Yes,No,,none
118982423332,Bishops Gate,Credit,Yes,Female,25-34,No,No,,,Not Selected,Work- and work-related stressors,Not Selected,Not Selected,Not Selected,Not Selected,Not Selected,Not Selected,Not Selected,Not Selected,Not Selected,Not Selected,Not Selected,Not Selected,No,,Personal financial management,,,Investment,Financial planning,,Anxiety/depression,,,,,,Increased awareness sessions on mental health issues,Money matters/Financial coaching and literacy sessions,,,,,,,Urgent,,Yes,Yes,No,,
118982429760,Bishops Gate,I.T,Yes,Male,25-34,No,No,,None of the above,Not Selected,Not Selected,Not Selected,Not Selected,Not Selected,Not Selected,Not Selected,Not Selected,Not Selected,Not Selected,Not Selected,Not Selected,Not Selected,Not Selected,No,Was not employed in the company by then,,,,,,,,,,,,,,,,,,,,,,,Yes,Yes,No,,
118982433649,Bishops Gate,Customer Service,Yes,Female,25-34,Yes,Yes,,None of the above,Not Selected,Not Selected,Not Selected,Not Selected,Not Selected,Not Selected,Not Selected,Not Selected,Not Selected,Not Selected,Not Selected,Not Selected,Not Selected,Not Selected,No,,Personal financial management,,,,Financial planning,,,,,,,,Increased awareness sessions on mental health issues,,,,,,,,,,Yes,Yes,No,,none
118982436391,Absa Headquarters (KE),Operations,Yes,Male,25-34,Yes,Yes,,None of the above,Not Selected,Not Selected,Not Selected,Not Selected,Not Selected,Not Selected,Not Selected,Not Selected,Not Selected,Not Selected,Not Selected,Not Selected,Not Selected,Not Selected,No,,Personal financial management,,Retirement planning,Investment,Financial planning,,,Health and well-being including lifestyle diseases,,,Building healthy relationships/marriages,Parenting and childcare,Increased awareness sessions on mental health issues,Money matters/Financial coaching and literacy sessions,,,,Urgent,,,Urgent,,Yes,Yes,Yes,none,
118982461944,Hurlingham Branch,Retail,Yes,Male,45-54,Yes,No,Not around ,,"Personal challenges (career growth, education)",Work- and work-related stressors,Work-life imbalance,Gen-Z protests,Not Selected,Financial challenges,Not Selected,Not Selected,Not Selected,Not Selected,Not Selected,Not Selected,Not Selected,Not Selected,Yes,Not in need,,,Retirement planning,,,,,Health and well-being including lifestyle diseases,,,,,Increased awareness sessions on mental health issues,,,,,Urgent,Important,Important,Important,,No,No,Yes,Major support ,
118982470971,Bishops Gate,Retail,Yes,Female,45-54,Yes,No,Was engaged ,None of the above,Not Selected,Not Selected,Not Selected,Not Selected,Not Selected,Not Selected,Not Selected,Not Selected,Not Selected,Not Selected,Not Selected,Not Selected,Not Selected,Not Selected,No,Does not want to ,,,Retirement planning,Investment,,,,Health and well-being including lifestyle diseases,,,,,,Money matters/Financial coaching and literacy sessions,,,,Important,Important,Important,Important,,No,Yes,No,,No
118982487597,Yaya Centre Prestige,Operations,Yes,Female,35-44,Yes,No,On leave ,,Not Selected,Work- and work-related stressors,Not Selected,Not Selected,Not Selected,Not Selected,Not Selected,Not Selected,Not Selected,Not Selected,Not Selected,Not Selected,Not Selected,Not Selected,No,Going to try,Personal financial management,Debt management,Retirement planning,Investment,Financial planning,,Anxiety/depression,Health and well-being including lifestyle diseases,Dealing with addiction and related stigma,Men Cave/Women Forum,Building healthy relationships/marriages,Parenting and childcare,Increased awareness sessions on mental health issues,Money matters/Financial coaching and literacy sessions,"Building healthy relationships at work (colleagues, team leaders, managers)",Develop a Teens program on contemporary topics,,Urgent,Urgent,Urgent,Urgent,,No,No,Yes,Support for mental health   Leadership growth and support ,
118982426578,Bishops Gate,Contact Centre,Yes,Male,25-34,Yes,No,Joined the company this year,None of the above,Not Selected,Not Selected,Not Selected,Not Selected,Not Selected,Not Selected,Not Selected,Not Selected,Not Selected,Not Selected,Not Selected,Not Selected,Not Selected,Not Selected,No,,,,,,,,,,,,,,,,,,,,,,,,,,,,
118983295193,Gikomba Branch,Customer Service,Yes,Female,45-54,Yes,Yes,,,Not Selected,Not Selected,Work-life imbalance,Not Selected,Not Selected,Not Selected,Not Selected,Not Selected,Not Selected,Not Selected,Not Selected,Not Selected,Not Selected,Not Selected,No,NO INEED,,Debt management,Retirement planning,,,,,,,,,,,Money matters/Financial coaching and literacy sessions,,,,Important,Important,Important,Important,,Yes,Yes,Yes,MORE SUPPORT,NONE
118983295224,Kerugoya Branch,BOL,Yes,Female,35-44,Yes,Yes,,,Not Selected,Work- and work-related stressors,Not Selected,Not Selected,Not Selected,Not Selected,Not Selected,Not Selected,Not Selected,Not Selected,Not Selected,Not Selected,Not Selected,Not Selected,No,MANAGEABLE,,,,,Financial planning,,,Health and well-being including lifestyle diseases,,,,Parenting and childcare,,,,,,,,,,,Yes,Yes,No,,NO
118983384787,Ongata Rongai Branch,Operations,Yes,Female,35-44,Yes,No,was not around,,"Personal challenges (career growth, education)",Not Selected,Work-life imbalance,Gen-Z protests,Not Selected,Not Selected,Not Selected,Not Selected,Not Selected,Not Selected,Not Selected,Not Selected,Not Selected,Not Selected,No,able to manage,,,Retirement planning,,Financial planning,,Anxiety/depression,Health and well-being including lifestyle diseases,Dealing with addiction and related stigma,Men Cave/Women Forum,Building healthy relationships/marriages,Parenting and childcare,Increased awareness sessions on mental health issues,Money matters/Financial coaching and literacy sessions,"Building healthy relationships at work (colleagues, team leaders, managers)",,,Important,Important,Important,Important,,No,No,Yes,"impact from the health and wellbeing, able to manage her lifestyle ",none
118983385285,Bishops Gate,Operations,Yes,Male,35-44,Yes,Yes,,None of the above,Not Selected,Not Selected,Not Selected,Not Selected,Not Selected,Not Selected,Not Selected,Not Selected,Not Selected,Not Selected,Not Selected,Not Selected,Not Selected,Not Selected,No,,,,,Investment,,,,Health and well-being including lifestyle diseases,,,,,,,,,,,,,,,No,No,No,,NO
118983422286,Taveta Branch,Customer Service,Yes,Male,45-54,Yes,No,BUSY,,Not Selected,Work- and work-related stressors,Not Selected,Not Selected,Not Selected,Not Selected,Not Selected,Not Selected,Not Selected,Not Selected,Not Selected,Not Selected,Not Selected,Not Selected,Yes,,Personal financial management,Debt management,Retirement planning,Investment,Financial planning,,,,,,Building healthy relationships/marriages,,,,"Building healthy relationships at work (colleagues, team leaders, managers)",,,Important,Urgent,Urgent,Urgent,,No,No,Yes,NONE,NO
118983388018,Bishops Gate,Finance,Yes,Female,35-44,Yes,Yes,,,Not Selected,Not Selected,Not Selected,Not Selected,Not Selected,Not Selected,Not Selected,Not Selected,Not Selected,Traumatic experiences,Not Selected,Not Selected,Not Selected,Not Selected,No,ABLE TO BOOK,,,Retirement planning,,,,,,,,,,Increased awareness sessions on mental health issues,,,,,Not Important.,Important,Important,Urgent,,Yes,Yes,Yes,MORE WELLNESS SESSIONS,survey on mental health 
118983456229,Bishops Gate,Credit,Yes,Male,35-44,Yes,No,not around,,Not Selected,Not Selected,Not Selected,Not Selected,Not Selected,Not Selected,Not Selected,Not Selected,Anxiety and depression,Not Selected,Not Selected,Not Selected,Not Selected,Not Selected,No,No reason,,,,,Financial planning,,,,,,,,Increased awareness sessions on mental health issues,,,,,Important,Important,Not Important.,Urgent,,No,Yes,Yes,no,none
118984949913,Bishops Gate,Customer Service,Yes,Female,35-44,Yes,No,Away ,,Not Selected,Not Selected,Not Selected,Not Selected,Not Selected,Financial challenges,Not Selected,Not Selected,Not Selected,Not Selected,Not Selected,Not Selected,Not Selected,Not Selected,Yes,,,,Retirement planning,,Financial planning,,,Health and well-being including lifestyle diseases,,,Building healthy relationships/marriages,Parenting and childcare,Increased awareness sessions on mental health issues,,,,,Important,Important,Important,Important,,No,No,Yes,More communication ,No
118984992775,Juja Branch,Business Banking,Yes,Male,25-34,Yes,Yes,,,Not Selected,Work- and work-related stressors,Work-life imbalance,Not Selected,Not Selected,Financial challenges,Not Selected,Parenting challenges,Not Selected,Not Selected,Not Selected,Not Selected,Not Selected,Not Selected,No,,Personal financial management,,Retirement planning,,,,,,,Men Cave/Women Forum,Building healthy relationships/marriages,Parenting and childcare,Increased awareness sessions on mental health issues,Money matters/Financial coaching and literacy sessions,"Building healthy relationships at work (colleagues, team leaders, managers)",,,Important,Important,Important,Important,,Yes,Yes,Yes,,No suggestions
118984996122,Westend,Risk,Yes,Male,25-34,No,No,He was held up with job,,Not Selected,Not Selected,Not Selected,Not Selected,Not Selected,Not Selected,Relationship difficulties,Not Selected,Not Selected,Traumatic experiences,Not Selected,Not Selected,Not Selected,Not Selected,Yes,,Personal financial management,,,,,,Anxiety/depression,,,Men Cave/Women Forum,,,,,,,,Important,Important,,,,No,No,Yes,,No suggestions
118985028195,Westend,banking Translation,Yes,Male,25-34,Yes,No,He was on leave,,"Personal challenges (career growth, education)",Not Selected,Not Selected,Not Selected,Not Selected,Not Selected,Not Selected,Not Selected,Not Selected,Not Selected,Not Selected,Not Selected,Not Selected,Not Selected,No,,,,,Investment,Financial planning,,,Health and well-being including lifestyle diseases,,Men Cave/Women Forum,,Parenting and childcare,,,,,,Important,Important,,Important,,Yes,Yes,Yes,,No suggestions for now
118985035244,Wote Branch,Operations,Yes,Male,35-44,Yes,Yes,,None of the above,Not Selected,Not Selected,Not Selected,Not Selected,Not Selected,Not Selected,Not Selected,Not Selected,Not Selected,Not Selected,Not Selected,Not Selected,Not Selected,Not Selected,Yes,,,,,,Financial planning,,,Health and well-being including lifestyle diseases,,,,,,,,,,Important,,,,,No,No,,,No suggestions
118985041243,Village Market Branch,Universal Banker,Yes,Male,25-34,Yes,No,He was away for work ,None of the above,Not Selected,Not Selected,Not Selected,Not Selected,Not Selected,Not Selected,Not Selected,Not Selected,Not Selected,Not Selected,Not Selected,Not Selected,Not Selected,Not Selected,No,No reason at all  ,,,Retirement planning,,,,,Health and well-being including lifestyle diseases,,Men Cave/Women Forum,,,Increased awareness sessions on mental health issues,,,,,Urgent,Urgent,Important,Urgent,,No,No,No,,No suggestions as at now
118985048909,Bishops Gate,Collections,Yes,Female,35-44,Yes,Yes,,,Not Selected,Not Selected,Not Selected,Not Selected,Not Selected,Not Selected,Not Selected,Not Selected,Not Selected,Not Selected,Loss and Grief,Not Selected,Not Selected,Not Selected,Yes,,,,Retirement planning,Investment,,,,Health and well-being including lifestyle diseases,,Men Cave/Women Forum,,Parenting and childcare,Increased awareness sessions on mental health issues,,,,,Important,Important,,Important,,No,No,Yes,,
118985060572,Westend,Human Resource (HR)   ,Yes,Female,25-34,No,Yes,,,Not Selected,Work- and work-related stressors,Not Selected,Not Selected,Not Selected,Not Selected,Not Selected,Not Selected,Not Selected,Not Selected,Not Selected,Not Selected,Not Selected,Not Selected,Yes,,,,,Investment,,,,Health and well-being including lifestyle diseases,,Men Cave/Women Forum,Building healthy relationships/marriages,,,Money matters/Financial coaching and literacy sessions,"Building healthy relationships at work (colleagues, team leaders, managers)",,,Important,Important,,Important,,No,No,Yes,,No suggestions
118985066609,Karen Branch Prestige,customer experience executive,Yes,Female,45-54,Yes,Yes,,,"Personal challenges (career growth, education)",Not Selected,Work-life imbalance,Not Selected,Not Selected,Not Selected,Not Selected,Not Selected,Not Selected,Not Selected,Not Selected,Not Selected,Not Selected,Not Selected,No,,,,Retirement planning,Investment,,,Anxiety/depression,,Dealing with addiction and related stigma,,Building healthy relationships/marriages,,,,"Building healthy relationships at work (colleagues, team leaders, managers)",,,Important,,,Important,,No,No,Yes,,No suggestions
118985071208,Kerugoya Branch,Customer Service,Yes,Male,35-44,Yes,Yes,,,Not Selected,Work- and work-related stressors,Not Selected,Not Selected,Not Selected,Not Selected,Not Selected,Not Selected,Not Selected,Not Selected,Not Selected,Not Selected,Not Selected,Not Selected,No,No reason ,,,Retirement planning,Investment,,,,Health and well-being including lifestyle diseases,,,,,Increased awareness sessions on mental health issues,,,,,Important,Important,Important,Important,,Yes,Yes,Yes,Positive ,
118985070400,Bishops Gate,Operations,Yes,Male,35-44,Yes,No,,,Not Selected,Not Selected,Not Selected,Not Selected,Not Selected,Financial challenges,Not Selected,Not Selected,Not Selected,Not Selected,Not Selected,Not Selected,Not Selected,Not Selected,No,No issue ,,,,Investment,,,,,,Men Cave/Women Forum,,,,Money matters/Financial coaching and literacy sessions,,,,,,,Important,,No,No,Yes,,No suggestions for now
118985074362,Bishops Gate,Retail,Yes,Female,45-54,Yes,No,Had previous check up,,Not Selected,Not Selected,Work-life imbalance,Not Selected,Not Selected,Financial challenges,Not Selected,Not Selected,Not Selected,Not Selected,Not Selected,Not Selected,Not Selected,Not Selected,No,Not aware,,,Retirement planning,,,Black tax,Anxiety/depression,Health and well-being including lifestyle diseases,Dealing with addiction and related stigma,,,,,,,,,Important,Important,Important,Important,,Yes,Yes,Yes,Great support ,No
118985075382,Nyali Branch,Operations,Yes,Male,35-44,Yes,No,He was out of office,None of the above,Not Selected,Not Selected,Not Selected,Not Selected,Not Selected,Not Selected,Not Selected,Not Selected,Not Selected,Not Selected,Not Selected,Not Selected,Not Selected,Not Selected,No,,,,Retirement planning,Investment,,,,Health and well-being including lifestyle diseases,Dealing with addiction and related stigma,Men Cave/Women Forum,,,,,,,,Important,Important,,Important,,No,No,Yes,,No suggestions
118985082371,Bishops Gate,Retail,Yes,Female,45-54,Yes,No,Works from home ,None of the above,Not Selected,Not Selected,Not Selected,Not Selected,Not Selected,Not Selected,Not Selected,Not Selected,Not Selected,Not Selected,Not Selected,Not Selected,Not Selected,Not Selected,No,No reason ,,,,Investment,,,,,,,,,Increased awareness sessions on mental health issues,,,,,,,,,,No,No,No,,No
118985085467,Ruaraka Branch,Customer Service,Yes,Male,45-54,Yes,Yes,,,Not Selected,Work- and work-related stressors,Not Selected,Not Selected,Not Selected,Not Selected,Not Selected,Not Selected,Not Selected,Not Selected,Not Selected,Not Selected,Not Selected,Not Selected,Yes,,Personal financial management,,Retirement planning,Investment,,,,,,,,,,Money matters/Financial coaching and literacy sessions,,,,,,,,,Yes,Yes,No,,No
118985085473,Nyahururu Branch,Branch Manager,Yes,Male,35-44,Yes,No,He was away handling other duties,,Not Selected,Work- and work-related stressors,Not Selected,Not Selected,Not Selected,Not Selected,Not Selected,Not Selected,Not Selected,Not Selected,Not Selected,Not Selected,Not Selected,Not Selected,No,No issue ,,,,Investment,Financial planning,,,,,Men Cave/Women Forum,Building healthy relationships/marriages,,,Money matters/Financial coaching and literacy sessions,"Building healthy relationships at work (colleagues, team leaders, managers)",,,Urgent,Urgent,Important,Urgent,,No,No,Yes,,The organization can have forum MEN CAVE regionally
118985098149,Ongata Rongai Branch,Business Banking,Yes,Female,35-44,Yes,No,Engaged ,,"Personal challenges (career growth, education)",Not Selected,Not Selected,Gen-Z protests,Not Selected,Not Selected,Not Selected,Not Selected,Not Selected,Traumatic experiences,Not Selected,Not Selected,Not Selected,Not Selected,No,Afraid,Personal financial management,,,,,,,,,,,,Increased awareness sessions on mental health issues,Money matters/Financial coaching and literacy sessions,,,,Important,Important,Important,Important,,Yes,Yes,Yes,Same position ,No
118985114587,Bomet Branch,Universal Banker,Yes,Male,35-44,Yes,Yes,,,Not Selected,Not Selected,Work-life imbalance,Not Selected,Not Selected,Not Selected,Not Selected,Not Selected,Not Selected,Not Selected,Not Selected,Not Selected,Not Selected,Not Selected,No,,Personal financial management,,,,,,,,,,,,Increased awareness sessions on mental health issues,Money matters/Financial coaching and literacy sessions,,,,Important,Important,Not Important.,Important,,Yes,Yes,No,Na,Business expectations and targets that leads to stress
118985129841,Nyahururu Branch,Branch Manager,Yes,Male,35-44,Yes,No,He was away attending to other duties,,Not Selected,Work- and work-related stressors,Not Selected,Not Selected,Not Selected,Not Selected,Not Selected,Not Selected,Not Selected,Not Selected,Not Selected,Not Selected,Not Selected,Not Selected,No,No issue ,,,,Investment,Financial planning,,,,,Men Cave/Women Forum,Building healthy relationships/marriages,,,Money matters/Financial coaching and literacy sessions,"Building healthy relationships at work (colleagues, team leaders, managers)",,,Important,Important,,Important,,No,No,Yes,,Have the men's forum (men cave) done regionally
118985137665,Machakos Branch,Operations,Yes,Male,25-34,Yes,Yes,,None of the above,Not Selected,Not Selected,Not Selected,Not Selected,Not Selected,Not Selected,Not Selected,Not Selected,Not Selected,Not Selected,Not Selected,Not Selected,Not Selected,Not Selected,No,,,,Retirement planning,,,,,,,,,,,Money matters/Financial coaching and literacy sessions,,,,,Important,,Important,,No,No,Yes,,No suggestions
118985143779,Bishops Gate,Compliance & Legal,Yes,Female,45-54,Yes,Yes,,,"Personal challenges (career growth, education)",Not Selected,Work-life imbalance,Not Selected,Not Selected,Not Selected,Not Selected,Not Selected,Not Selected,Not Selected,Not Selected,Not Selected,Not Selected,Not Selected,No,No issue,Personal financial management,Debt management,Retirement planning,Investment,Financial planning,,,Health and well-being including lifestyle diseases,,Men Cave/Women Forum,,,,Money matters/Financial coaching and literacy sessions,,Develop a Teens program on contemporary topics,,Important,Important,Important,Important,,No,No,Yes,,No suggestions for now
118985159847,Eastleigh Branch,People and Culture,Yes,Female,35-44,Yes,Yes,,None of the above,Not Selected,Not Selected,Not Selected,Not Selected,Not Selected,Not Selected,Not Selected,Not Selected,Not Selected,Not Selected,Not Selected,Not Selected,Not Selected,Not Selected,No,,,,Retirement planning,,,,,,Dealing with addiction and related stigma,,Building healthy relationships/marriages,,,Money matters/Financial coaching and literacy sessions,"Building healthy relationships at work (colleagues, team leaders, managers)",,,Important,Important,Not Important.,Important,,Yes,Yes,Yes,,None for now
118985195953,Bishops Gate,Customer Service,Yes,Male,35-44,Yes,Yes,,,"Personal challenges (career growth, education)",Work- and work-related stressors,Work-life imbalance,Not Selected,Not Selected,Not Selected,Not Selected,Not Selected,Not Selected,Not Selected,Not Selected,Not Selected,Not Selected,Not Selected,No,No reason ,Personal financial management,,,,,,Anxiety/depression,Health and well-being including lifestyle diseases,Dealing with addiction and related stigma,,,,Increased awareness sessions on mental health issues,,"Building healthy relationships at work (colleagues, team leaders, managers)",,,Urgent,Important,Important,Important,,Yes,Yes,Yes,Average support ,
118985214854,Bishops Gate,Retail,Yes,Female,45-54,Yes,No,Had already done a checkup,,"Personal challenges (career growth, education)",Not Selected,Not Selected,Not Selected,Not Selected,Not Selected,Not Selected,Not Selected,Not Selected,Not Selected,Not Selected,Not Selected,Not Selected,Not Selected,No,Not in need ,Personal financial management,,Retirement planning,,,,,,,,,,,Money matters/Financial coaching and literacy sessions,"Building healthy relationships at work (colleagues, team leaders, managers)",,,,,,,,Yes,Yes,Yes,Can't say now,No
118985224421,Westgate,Branch Manager,Yes,Male,35-44,Yes,Yes,,None of the above,Not Selected,Not Selected,Not Selected,Not Selected,Not Selected,Not Selected,Not Selected,Not Selected,Not Selected,Not Selected,Not Selected,Not Selected,Not Selected,Not Selected,No,,,,,Investment,,,,,,,,,Increased awareness sessions on mental health issues,,,,,Important,Important,Important,Important,,No,No,Yes,More support in terms of wellness ,
118985243309,Bishops Gate,Operations,Yes,Female,35-44,Yes,No,Works from home,None of the above,Not Selected,Not Selected,Not Selected,Not Selected,Not Selected,Not Selected,Not Selected,Not Selected,Not Selected,Not Selected,Not Selected,Not Selected,Not Selected,Not Selected,No,No major issues ,,,,Investment,,,,Health and well-being including lifestyle diseases,,,,,,,,,Hybrid stuff support ,Urgent,Urgent,Urgent,Important,,No,No,Yes,Not much,
118985257976,Bishops Gate,Operations,Yes,Male,45-54,Yes,No,Works from home ,,Not Selected,Not Selected,Not Selected,Not Selected,Not Selected,Not Selected,Not Selected,Not Selected,Anxiety and depression,Not Selected,Not Selected,Not Selected,Not Selected,Not Selected,No,Had no toll free number,,,,Investment,,,Anxiety/depression,Health and well-being including lifestyle diseases,,,,,,,,,,Important,Important,Important,Important,,No,No,Yes,Health insurance to improve,No
118985846395,Bishops Gate,I.T,Yes,Male,35-44,Yes,No,He was held up with work,,Not Selected,Work- and work-related stressors,Work-life imbalance,Not Selected,Not Selected,Not Selected,Not Selected,Not Selected,Not Selected,Not Selected,Not Selected,Not Selected,Not Selected,Not Selected,No,No issue,Personal financial management,Debt management,Retirement planning,Investment,Financial planning,,,Health and well-being including lifestyle diseases,,Men Cave/Women Forum,Building healthy relationships/marriages,,,,"Building healthy relationships at work (colleagues, team leaders, managers)",,,Important,Important,Important,Urgent,,No,Yes,Yes,,no suggestions
118985850157,Bishops Gate,No answer,Yes,Female,45-54,Yes,No,She already did the same tests earlier in the month    ,None of the above,Not Selected,Not Selected,Not Selected,Not Selected,Not Selected,Not Selected,Not Selected,Not Selected,Not Selected,Not Selected,Not Selected,Not Selected,Not Selected,Not Selected,No,No issue,,,,Investment,,,Anxiety/depression,,,Men Cave/Women Forum,,,Increased awareness sessions on mental health issues,Money matters/Financial coaching and literacy sessions,,,,Important,Important,Important,Important,,No,No,Yes,,No suggestions
118985851364,Kapenguria Branch,Customer Service,Yes,Male,35-44,Yes,Yes,,,Not Selected,Work- and work-related stressors,Not Selected,Not Selected,Not Selected,Not Selected,Not Selected,Not Selected,Not Selected,Not Selected,Not Selected,Not Selected,Not Selected,Not Selected,No,HAD LAST YEAR,Personal financial management,Debt management,,,,,,,Dealing with addiction and related stigma,,,,Increased awareness sessions on mental health issues,Money matters/Financial coaching and literacy sessions,,,,Important,Important,Important,Important,,Yes,Yes,No,,MORE EMPHASIS ON DEALING WITH ADDICTION
118985852255,Bishops Gate,Technology Analyst,Yes,Male,35-44,Yes,No,He was held up with work until late,,Not Selected,Work- and work-related stressors,Work-life imbalance,Not Selected,Not Selected,Not Selected,Not Selected,Not Selected,Not Selected,Not Selected,Not Selected,Not Selected,Not Selected,Not Selected,No,No issue,Personal financial management,Debt management,Retirement planning,Investment,Financial planning,,,Health and well-being including lifestyle diseases,,Men Cave/Women Forum,Building healthy relationships/marriages,,,,"Building healthy relationships at work (colleagues, team leaders, managers)",,,Important,Important,Important,Important,,No,Yes,Yes,,No suggestions for now
118985855293,Nakuru West Branch,Operations,Yes,Male,35-44,Yes,Yes,,,Not Selected,Not Selected,Work-life imbalance,Not Selected,Not Selected,Not Selected,Not Selected,Not Selected,Not Selected,Not Selected,Not Selected,Not Selected,Not Selected,Not Selected,No,NO REASON,,,Retirement planning,,,,Anxiety/depression,Health and well-being including lifestyle diseases,Dealing with addiction and related stigma,Men Cave/Women Forum,,,Increased awareness sessions on mental health issues,Money matters/Financial coaching and literacy sessions,,,,Important,Important,Important,Important,,No,No,Yes,THE CARAVAN WAS BETTER THIS YEAR,MONEY CONVERSATIONS
118985858693,Eldoret Branch,Customer Service,Yes,Female,35-44,Yes,Yes,,,Not Selected,Not Selected,Not Selected,Not Selected,Not Selected,Not Selected,Not Selected,Not Selected,Not Selected,Traumatic experiences,Not Selected,Not Selected,Not Selected,Not Selected,No,NO REASON ,,,,Investment,Financial planning,,,,,,,Parenting and childcare,Increased awareness sessions on mental health issues,Money matters/Financial coaching and literacy sessions,,,PASTPATURM DEPRESSION,Urgent,Urgent,Important,Urgent,,Yes,Yes,Yes,Support from Wellness,more discussions on postpartum depression  
118985858919,Bishops Gate,Payment,Yes,Male,35-44,Yes,No,He works remotely (from home),,Not Selected,Work- and work-related stressors,Not Selected,Not Selected,Not Selected,Financial challenges,Not Selected,Not Selected,Not Selected,Not Selected,Not Selected,Not Selected,Not Selected,Not Selected,No,,,,Retirement planning,,,,,,,Men Cave/Women Forum,Building healthy relationships/marriages,,,,"Building healthy relationships at work (colleagues, team leaders, managers)",,,Urgent,Important,Important,Urgent,,No,No,Yes,none,no suggestions
118985863716,Market Branch,Relationship Manager,Yes,Male,25-34,No,No,busy,,"Personal challenges (career growth, education)",Work- and work-related stressors,Not Selected,Not Selected,Not Selected,Not Selected,Not Selected,Not Selected,Not Selected,Not Selected,Not Selected,Not Selected,Not Selected,Not Selected,Yes,,Personal financial management,Debt management,Retirement planning,,,,Anxiety/depression,,,Men Cave/Women Forum,,,Increased awareness sessions on mental health issues,,,,,Important,Important,Important,Important,,No,No,Yes,emphasis on work life balance,none
118985866446,Migori Branch,Operations,Yes,Male,55-64,Yes,Yes,,None of the above,Not Selected,Not Selected,Not Selected,Not Selected,Not Selected,Not Selected,Not Selected,Not Selected,Not Selected,Not Selected,Not Selected,Not Selected,Not Selected,Not Selected,No,,,,Retirement planning,,,,,,,,,,Increased awareness sessions on mental health issues,Money matters/Financial coaching and literacy sessions,"Building healthy relationships at work (colleagues, team leaders, managers)",Develop a Teens program on contemporary topics,,Important,Urgent,Not Important.,Important,,No,No,No,,No suggestions for now
118985883961,Bishops Gate,Customer Service,Yes,Female,25-34,Yes,Yes,,None of the above,Not Selected,Not Selected,Not Selected,Not Selected,Not Selected,Not Selected,Not Selected,Not Selected,Not Selected,Not Selected,Not Selected,Not Selected,Not Selected,Not Selected,No,,,,,Investment,,,,,,,,,Increased awareness sessions on mental health issues,Money matters/Financial coaching and literacy sessions,,,,,,,,,No,No,No,Na,no
118985872498,Migori Branch,Operations,Yes,Male,35-44,Yes,Yes,,,"Personal challenges (career growth, education)",Not Selected,Not Selected,Not Selected,Not Selected,Financial challenges,Not Selected,Not Selected,Not Selected,Not Selected,Not Selected,Not Selected,Not Selected,Not Selected,No,,,Debt management,,Investment,Financial planning,,,,,Men Cave/Women Forum,,,Increased awareness sessions on mental health issues,Money matters/Financial coaching and literacy sessions,,Develop a Teens program on contemporary topics,,Urgent,Important,Not Important.,Urgent,,Yes,Yes,Yes,,incorporate other sporting activities and make it wholistic   
118985893046,Westend,Collections,Yes,Female,25-34,Yes,Yes,,,Not Selected,Not Selected,Work-life imbalance,Not Selected,Not Selected,Not Selected,Not Selected,Not Selected,Not Selected,Not Selected,Not Selected,Not Selected,Not Selected,Not Selected,No,,Personal financial management,,,Investment,,,Anxiety/depression,,,,Building healthy relationships/marriages,,,,"Building healthy relationships at work (colleagues, team leaders, managers)",,,,,,,,Yes,Yes,No,,None at the moment
118985893970,Machakos Branch,Operations,Yes,Male,35-44,Yes,Yes,,,"Personal challenges (career growth, education)",Work- and work-related stressors,Not Selected,Not Selected,Not Selected,Not Selected,Not Selected,Not Selected,Not Selected,Not Selected,Not Selected,Not Selected,Not Selected,Not Selected,Yes,NO REASON,,,,Investment,Financial planning,,,Health and well-being including lifestyle diseases,,,,,Increased awareness sessions on mental health issues,Money matters/Financial coaching and literacy sessions,,,,Urgent,Important,Important,Important,,Yes,Yes,Yes,IMPROVEMENT ON PHYSICAL WELLNESS,NO
118985898765,Embu Branch,Operations,Yes,Male,35-44,Yes,Yes,,,"Personal challenges (career growth, education)",Not Selected,Not Selected,Not Selected,Not Selected,Not Selected,Not Selected,Not Selected,Not Selected,Not Selected,Not Selected,Not Selected,Not Selected,Not Selected,No,No issue,Personal financial management,,,Investment,Financial planning,,,,,Men Cave/Women Forum,,,,Money matters/Financial coaching and literacy sessions,,,,Important,Important,,Important,,No,No,Yes,,No suggestions
118985900683,Bunyala Road Branch,Universal Banker,Yes,Female,45-54,Yes,No,not in a position,,Not Selected,Not Selected,Not Selected,Not Selected,Not Selected,Not Selected,Not Selected,Not Selected,Not Selected,Not Selected,Loss and Grief,Not Selected,Not Selected,Not Selected,No,not ready,,,,,,,,,,,,,Increased awareness sessions on mental health issues,,,,,,,,,,,,,,
118985905130,ABC Place Prestige Branch,Customer Service,Yes,Female,35-44,Yes,No,HAD ALREADY DONE AN ANNUAL CHECKUP,,Not Selected,Work- and work-related stressors,Not Selected,Not Selected,Not Selected,Not Selected,Not Selected,Not Selected,Not Selected,Not Selected,Not Selected,Not Selected,Not Selected,Not Selected,Yes,,,,,,Financial planning,,,,,,,,Increased awareness sessions on mental health issues,,,,,Important,Important,Important,Important,,Yes,Yes,Yes,none,
118985907984,Kisii Branch,Customer Service,Yes,Male,25-34,Yes,Yes,,,Not Selected,Work- and work-related stressors,Not Selected,Not Selected,Not Selected,Not Selected,Not Selected,Not Selected,Not Selected,Not Selected,Not Selected,Not Selected,Not Selected,Not Selected,No,MANAGEABLE,Personal financial management,Debt management,Retirement planning,Investment,Financial planning,,,,,,,,Increased awareness sessions on mental health issues,Money matters/Financial coaching and literacy sessions,,,,Important,Important,Important,Important,,No,No,Yes,NO MAJOR IMPROVEMENT ,NO
118985916337,Bishops Gate,I.T,Yes,Male,45-54,Yes,Yes,,,Not Selected,Work- and work-related stressors,Not Selected,Not Selected,Not Selected,Financial challenges,Not Selected,Not Selected,Not Selected,Not Selected,Not Selected,Not Selected,Not Selected,Not Selected,No,aware,Personal financial management,Debt management,Retirement planning,Investment,Financial planning,,,Health and well-being including lifestyle diseases,,,,,Increased awareness sessions on mental health issues,Money matters/Financial coaching and literacy sessions,,,,Important,Important,Important,Important,,No,No,Yes,good,no
118985915671,Westend,Product manager,Yes,Male,25-34,Yes,Yes,,,Not Selected,Not Selected,Not Selected,Not Selected,Not Selected,Financial challenges,Relationship difficulties,Not Selected,Anxiety and depression,Not Selected,Not Selected,Not Selected,Not Selected,Not Selected,No,No issue,Personal financial management,,,Investment,Financial planning,,Anxiety/depression,,,,Building healthy relationships/marriages,,,Money matters/Financial coaching and literacy sessions,"Building healthy relationships at work (colleagues, team leaders, managers)",,,Urgent,,,,,No,No,Yes,Its been a long time,No suggestions
118985927178,Queensway House,Operations,Yes,Female,35-44,Yes,Yes,,,Not Selected,Not Selected,Not Selected,Not Selected,Not Selected,Financial challenges,Not Selected,Not Selected,Not Selected,Not Selected,Not Selected,Not Selected,Not Selected,Not Selected,No,No issue,,,Retirement planning,Investment,,,,,,Men Cave/Women Forum,,,,Money matters/Financial coaching and literacy sessions,"Building healthy relationships at work (colleagues, team leaders, managers)",,,Important,Important,Important,Important,,No,Yes,Yes,It's been a long period of time and cannot remember the details,No suggestions 
118985936478,Westend,Operations,Yes,Female,25-34,Yes,Yes,,None of the above,Not Selected,Not Selected,Not Selected,Not Selected,Not Selected,Not Selected,Not Selected,Not Selected,Not Selected,Not Selected,Not Selected,Not Selected,Not Selected,Not Selected,No,No issue,Personal financial management,,,Investment,Financial planning,,,Health and well-being including lifestyle diseases,,,,,,,,,,,,Important,,,No,Yes,Yes,,No suggestions for now
118985938970,Ngong Branch,Universal Banker,Yes,Female,35-44,Yes,No,on leave,,"Personal challenges (career growth, education)",Not Selected,Not Selected,Not Selected,Not Selected,Financial challenges,Not Selected,Not Selected,Not Selected,Not Selected,Not Selected,Not Selected,Not Selected,Not Selected,No,no reason,,,Retirement planning,Investment,,,,,,,,,Increased awareness sessions on mental health issues,Money matters/Financial coaching and literacy sessions,,,,,,,,,Yes,Yes,No,nA,NO
118985940134,Westend,Credit,Yes,Female,25-34,Yes,No,She was held up with work.,,Not Selected,Work- and work-related stressors,Not Selected,Not Selected,Not Selected,Not Selected,Not Selected,Not Selected,Anxiety and depression,Not Selected,Not Selected,Not Selected,Not Selected,Not Selected,No,No issue,,,,Investment,,,Anxiety/depression,,,,Building healthy relationships/marriages,,,,"Building healthy relationships at work (colleagues, team leaders, managers)",,,Important,Important,,Important,,Yes,Yes,Yes,She can't remember the details ,No suggestions
118985944311,Westend,C.D.O.,Yes,Male,25-34,Yes,No,She already did the medical checkup earlier,,Not Selected,Work- and work-related stressors,Not Selected,Not Selected,Not Selected,Financial challenges,Not Selected,Not Selected,Anxiety and depression,Not Selected,Not Selected,Not Selected,Not Selected,Not Selected,No,Yet to go for the checkup,Personal financial management,Debt management,Retirement planning,Investment,Financial planning,,Anxiety/depression,Health and well-being including lifestyle diseases,Dealing with addiction and related stigma,Men Cave/Women Forum,Building healthy relationships/marriages,Parenting and childcare,Increased awareness sessions on mental health issues,Money matters/Financial coaching and literacy sessions,"Building healthy relationships at work (colleagues, team leaders, managers)",Develop a Teens program on contemporary topics,,Important,Important,Important,Urgent,,Yes,Yes,Yes,,No suggestions
118985952727,Bishops Gate,Procurement,Yes,Female,25-34,No,Yes,,,"Personal challenges (career growth, education)",Not Selected,Not Selected,Not Selected,Not Selected,Not Selected,Not Selected,Not Selected,Not Selected,Not Selected,Not Selected,Not Selected,Not Selected,Not Selected,No,,,,,Investment,Financial planning,,,,,Men Cave/Women Forum,,,Increased awareness sessions on mental health issues,Money matters/Financial coaching and literacy sessions,,,,Important,Important,,,,No,Yes,Yes,she can't remember the details,No suggestions
118985959525,Bishops Gate,I.T,Yes,Female,35-44,Yes,No,She was away on other duties,,Not Selected,Not Selected,Work-life imbalance,Not Selected,Not Selected,Not Selected,Not Selected,Not Selected,Not Selected,Not Selected,Not Selected,Not Selected,Not Selected,Not Selected,No,No issue,Personal financial management,,Retirement planning,Investment,,,Anxiety/depression,,,Men Cave/Women Forum,,Parenting and childcare,Increased awareness sessions on mental health issues,,,,,Important,Important,Not Important.,Important,,No,Yes,Yes,,No suggestions
118985963853,Queensway House,SME,Yes,Male,35-44,Yes,Yes,,,Not Selected,Not Selected,Not Selected,Not Selected,Not Selected,Not Selected,Not Selected,Not Selected,Not Selected,Not Selected,Not Selected,Not Selected,Not Selected,Not Selected,,,,,,,,,,,,,,,,,,,,,,,,,,,,,
118985967425,Westend,Credit,Yes,Female,35-44,Yes,No,She was busy with other duties,,Not Selected,Not Selected,Work-life imbalance,Not Selected,Not Selected,Not Selected,Not Selected,Not Selected,Not Selected,Not Selected,Not Selected,Not Selected,Not Selected,Not Selected,No,No issue,,,Retirement planning,Investment,,,Anxiety/depression,,,,Building healthy relationships/marriages,Parenting and childcare,,Money matters/Financial coaching and literacy sessions,"Building healthy relationships at work (colleagues, team leaders, managers)",,,Urgent,Important,Important,Urgent,,No,No,No,,No suggestions
118985973973,Ruaraka Branch,Branch Manager,Yes,Female,35-44,Yes,No,She was away on other duties,,Not Selected,Work- and work-related stressors,Work-life imbalance,Not Selected,Not Selected,Not Selected,Not Selected,Not Selected,Not Selected,Not Selected,Not Selected,Not Selected,Not Selected,Not Selected,No,,,,Retirement planning,,,,,Health and well-being including lifestyle diseases,,,Building healthy relationships/marriages,,,Money matters/Financial coaching and literacy sessions,"Building healthy relationships at work (colleagues, team leaders, managers)",,,Important,Important,Important,Important,,No,Yes,Yes,,No suggestions
118985976176,Kitengela Plaza Branch,Universal Banker,Yes,Female,35-44,Yes,Yes,,,Not Selected,Work- and work-related stressors,Not Selected,Not Selected,Not Selected,Not Selected,Not Selected,Not Selected,Not Selected,Not Selected,Not Selected,Not Selected,Not Selected,Not Selected,No,no reason,,,,Investment,Financial planning,,Anxiety/depression,,,,,,,,,,,Important,Important,Not Important.,Important,,No,No,No,,NO
118985978811,Imara Mall,Customer Service,Yes,Male,45-54,Yes,Yes,,,Not Selected,Work- and work-related stressors,Not Selected,Not Selected,Not Selected,Financial challenges,Not Selected,Parenting challenges,Not Selected,Not Selected,Not Selected,Not Selected,Not Selected,Not Selected,No,No issue,,,Retirement planning,Investment,Financial planning,,,,,Men Cave/Women Forum,Building healthy relationships/marriages,,,,"Building healthy relationships at work (colleagues, team leaders, managers)",,,Important,Urgent,Important,Urgent,,No,Yes,Yes,,NONE FOR NOW
118985985706,Eldoret Branch,Universal Banker,Yes,Male,35-44,No,No,NOT AWARE,,Not Selected,Work- and work-related stressors,Not Selected,Not Selected,Not Selected,Not Selected,Not Selected,Not Selected,Not Selected,Not Selected,Not Selected,Not Selected,Not Selected,Not Selected,No,NOT AWARE,,,,Investment,,,,,,,,,Increased awareness sessions on mental health issues,,,,,Not Important.,Not Important.,Not Important.,Not Important.,,No,No,No,,NO
118985988414,Queensway House,Credit,Yes,Male,45-54,Yes,Yes,,,Not Selected,Not Selected,Not Selected,Not Selected,Not Selected,Financial challenges,Not Selected,Not Selected,Not Selected,Not Selected,Not Selected,Not Selected,Not Selected,Not Selected,No,,Personal financial management,,Retirement planning,,Financial planning,,Anxiety/depression,,,Men Cave/Women Forum,Building healthy relationships/marriages,Parenting and childcare,,,,,,Urgent,Important,Important,Urgent,,No,No,Yes,,No suggestions
118985993766,Kisii Branch,Business Banking,Yes,Male,35-44,Yes,No,He was away on other duties,,Not Selected,Not Selected,Work-life imbalance,Not Selected,Not Selected,Not Selected,Not Selected,Not Selected,Not Selected,Not Selected,Not Selected,Not Selected,Not Selected,Not Selected,No,,Personal financial management,Debt management,,,,,,Health and well-being including lifestyle diseases,,,,,,,,,,,Urgent,,,,No,Yes,Yes,,
118985993484,Bishops Gate,Operations,Yes,Female,25-34,Yes,No,works from home,None of the above,Not Selected,Not Selected,Not Selected,Not Selected,Not Selected,Not Selected,Not Selected,Not Selected,Not Selected,Not Selected,Not Selected,Not Selected,Not Selected,Not Selected,No,not in need,,,,,Financial planning,,,Health and well-being including lifestyle diseases,Dealing with addiction and related stigma,,,,Increased awareness sessions on mental health issues,Money matters/Financial coaching and literacy sessions,"Building healthy relationships at work (colleagues, team leaders, managers)",,,Important,Important,Important,Important,,Yes,Yes,Yes,cant remember,no
118986000772,Sarit Centre Prestige,Universal Banker,Yes,Female,35-44,Yes,Yes,,,Not Selected,Work- and work-related stressors,Work-life imbalance,Not Selected,Not Selected,Not Selected,Not Selected,Parenting challenges,Not Selected,Not Selected,Not Selected,Not Selected,Not Selected,Not Selected,No,No issue,,Debt management,,,,,Anxiety/depression,,,,Building healthy relationships/marriages,,,,"Building healthy relationships at work (colleagues, team leaders, managers)",Develop a Teens program on contemporary topics,,,Important,,,,No,No,Yes,,No suggestions
118986009535,Absa Headquarters (KE),Operations,Yes,Male,35-44,Yes,Yes,,None of the above,Not Selected,Not Selected,Not Selected,Not Selected,Not Selected,Not Selected,Not Selected,Not Selected,Not Selected,Not Selected,Not Selected,Not Selected,Not Selected,Not Selected,No,,Personal financial management,Debt management,Retirement planning,Investment,Financial planning,,,,,,,,,,,,,,,,,,,,,,
118986015630,Bishops Gate,Universal Banker,Yes,Male,55-64,No,No,,None of the above,Not Selected,Not Selected,Not Selected,Not Selected,Not Selected,Not Selected,Not Selected,Not Selected,Not Selected,Not Selected,Not Selected,Not Selected,Not Selected,Not Selected,No,retired,,,Retirement planning,,,,,,,,,,,,,,retirement,,,,,,No,No,No,,NO
118986014915,Migori Branch,Universal Banker,Yes,Female,25-34,Yes,Yes,,,"Personal challenges (career growth, education)",Not Selected,Not Selected,Not Selected,Not Selected,Not Selected,Not Selected,Not Selected,Not Selected,Not Selected,Not Selected,Not Selected,Not Selected,Not Selected,No,No issue,,Debt management,,,,,,Health and well-being including lifestyle diseases,,,,,,,,,,Urgent,Important,Urgent,Urgent,,No,Yes,Yes,It has been a long period of time,none 
118986022763,Bishops Gate,I.T,Yes,Female,35-44,No,No,She is on maternity leave,,Not Selected,Work- and work-related stressors,Work-life imbalance,Not Selected,Not Selected,Not Selected,Not Selected,Not Selected,Not Selected,Not Selected,Not Selected,Not Selected,Not Selected,Not Selected,No,No issue,,,,Investment,Financial planning,,,,,,,,,,,,,,,,,,,,,,
118986046495,Westend,Card Payment,Yes,Female,25-34,Yes,,,,Not Selected,Not Selected,Not Selected,Not Selected,Not Selected,Not Selected,Not Selected,Not Selected,Not Selected,Not Selected,Not Selected,Not Selected,Not Selected,Not Selected,,,,,,,,,,,,,,,,,,,,,,,,,,,,,
118986044961,Meru Branch,Universal Banker,Yes,Male,35-44,Yes,Yes,,,Not Selected,Work- and work-related stressors,Work-life imbalance,Not Selected,Not Selected,Not Selected,Not Selected,Not Selected,Not Selected,Not Selected,Not Selected,Not Selected,Not Selected,Not Selected,No,NO REASON,,,,Investment,,,,Health and well-being including lifestyle diseases,,,,,Increased awareness sessions on mental health issues,,,,,Important,Important,Important,Important,,Yes,Yes,Yes,OKAY,NO
118986048278,Bishops Gate,Operations,Yes,Female,35-44,Yes,Yes,,,Not Selected,Work- and work-related stressors,Not Selected,Not Selected,Not Selected,Financial challenges,Not Selected,Not Selected,Not Selected,Not Selected,Not Selected,Not Selected,Not Selected,Not Selected,No,no reason,,,,Investment,,,,,,,,,Increased awareness sessions on mental health issues,,,,,Important,Important,Important,Important,,Yes,No,Yes,takes time to see changes,more emphasis on mental health
118986064710,Bishops Gate,Collections,Yes,Male,25-34,Yes,Yes,,,Not Selected,Not Selected,Not Selected,Not Selected,Not Selected,Not Selected,Relationship difficulties,Not Selected,Not Selected,Not Selected,Not Selected,Not Selected,Not Selected,Not Selected,No,No issue that requires counselling,,,Retirement planning,,,,,,,,,,,,"Building healthy relationships at work (colleagues, team leaders, managers)",,,,Important,,,,Yes,Yes,No,,No suggestions for now
118986072731,Bishops Gate,Operations,Yes,Female,35-44,Yes,Yes,,None of the above,Not Selected,Not Selected,Not Selected,Not Selected,Not Selected,Not Selected,Not Selected,Not Selected,Not Selected,Not Selected,Not Selected,Not Selected,Not Selected,Not Selected,No,,Personal financial management,,,Investment,Financial planning,,,,,,,Parenting and childcare,Increased awareness sessions on mental health issues,Money matters/Financial coaching and literacy sessions,"Building healthy relationships at work (colleagues, team leaders, managers)",,,,,,,,No,No,Yes,no major observation,no
118986080897,Kitale Branch,Universal Banker,Yes,Female,35-44,Yes,Yes,,,Not Selected,Work- and work-related stressors,Work-life imbalance,Not Selected,Not Selected,Financial challenges,Not Selected,Not Selected,Not Selected,Traumatic experiences,Not Selected,Not Selected,Not Selected,Not Selected,Yes,,Personal financial management,Debt management,Retirement planning,Investment,Financial planning,,,,,,,,Increased awareness sessions on mental health issues,Money matters/Financial coaching and literacy sessions,,,,Important,Important,Important,Important,,No,Yes,Yes,CANT REMEMBER ,NO
118986076739,Asset Management,Markets,Yes,Female,25-34,Yes,Yes,,None of the above,Not Selected,Not Selected,Not Selected,Not Selected,Not Selected,Not Selected,Not Selected,Not Selected,Not Selected,Not Selected,Not Selected,Not Selected,Not Selected,Not Selected,No,,Personal financial management,,,,Financial planning,,,,,,Building healthy relationships/marriages,,,,"Building healthy relationships at work (colleagues, team leaders, managers)",,,Urgent,,,Urgent,,Yes,Yes,No,,No suggestions
118986097713,Bungoma Branch,SME,Yes,Male,25-34,Yes,Yes,,,Not Selected,Not Selected,Not Selected,Not Selected,Not Selected,Financial challenges,Not Selected,Not Selected,Not Selected,Not Selected,Not Selected,Not Selected,Not Selected,Not Selected,No,No issue ,Personal financial management,Debt management,,Investment,,,,Health and well-being including lifestyle diseases,,,,,Increased awareness sessions on mental health issues,Money matters/Financial coaching and literacy sessions,,,,,,,Urgent,,No,Yes,No,,No suggestions
118986101627,Bishops Gate,I.T,Yes,Male,25-34,Yes,No,He was held up with work,,Not Selected,Work- and work-related stressors,Not Selected,Not Selected,Not Selected,Not Selected,Not Selected,Not Selected,Not Selected,Not Selected,Not Selected,Not Selected,Not Selected,Not Selected,No,,,,,Investment,,,Anxiety/depression,,,,,,,,,,,Urgent,Urgent,Important,Important,,No,No,Yes,,no suggestions
118986114742,Bishops Gate,Card Operations,Yes,Male,35-44,Yes,Yes,,,Not Selected,Not Selected,Not Selected,Not Selected,Not Selected,Financial challenges,Not Selected,Not Selected,Not Selected,Not Selected,Not Selected,Not Selected,Not Selected,Not Selected,No,,,,Retirement planning,Investment,,,,Health and well-being including lifestyle diseases,,Men Cave/Women Forum,,Parenting and childcare,,Money matters/Financial coaching and literacy sessions,,,,,Important,,,,Yes,Yes,Yes,,kindly send the questionnaire to employees before hand to make it easy and quick  
118986731516,Kapsabet Branch,Universal Banker,Yes,Female,25-34,Yes,Yes,,,Not Selected,Not Selected,Not Selected,Not Selected,Marital issues,Financial challenges,Not Selected,Parenting challenges,Not Selected,Not Selected,Not Selected,Not Selected,Not Selected,Not Selected,No,She is in need support of counselling support  ,,,,Investment,Financial planning,,,,,,,,,Money matters/Financial coaching and literacy sessions,,,,Important,Important,Important,Important,,,,,,
118986733576,Bishops Gate,I.T,Yes,Male,25-34,Yes,Yes,,,Not Selected,Not Selected,Work-life imbalance,Not Selected,Not Selected,Not Selected,Not Selected,Not Selected,Not Selected,Not Selected,Not Selected,Not Selected,Not Selected,Not Selected,No,No issue,,Debt management,,,,,,,,,,,,Money matters/Financial coaching and literacy sessions,,,,Urgent,Important,Important,Important,,No,No,Yes,Can't remember the details,No suggestions
118986742476,Karatina Branch - Kenya,SME,Yes,Female,35-44,Yes,Yes,,None of the above,Not Selected,Not Selected,Not Selected,Not Selected,Not Selected,Not Selected,Not Selected,Not Selected,Not Selected,Not Selected,Not Selected,Not Selected,Not Selected,Not Selected,No,No issue,,,Retirement planning,Investment,,,,,,Men Cave/Women Forum,Building healthy relationships/marriages,,,,"Building healthy relationships at work (colleagues, team leaders, managers)",,,,Urgent,,,,Yes,Yes,Yes,The same observation,None for now
118986745178,Bishops Gate,Sales,Yes,Female,35-44,Yes,No,She already did the medical checkup,,Not Selected,Not Selected,Work-life imbalance,Not Selected,Not Selected,Not Selected,Not Selected,Not Selected,Not Selected,Not Selected,Loss and Grief,Not Selected,Not Selected,Not Selected,No,No issue,,,,Investment,,,Anxiety/depression,,,,Building healthy relationships/marriages,,,,"Building healthy relationships at work (colleagues, team leaders, managers)",,,Important,Important,Important,Important,,Yes,Yes,No,,None at the moment
118986750875,Bishops Gate,Team Leader,Yes,Female,45-54,Yes,No,She works from home   she did not get time to do the checkup ,,Not Selected,Not Selected,Work-life imbalance,Not Selected,Not Selected,Not Selected,Not Selected,Not Selected,Not Selected,Not Selected,Loss and Grief,Not Selected,Not Selected,Not Selected,No,,,,,Investment,,,,Health and well-being including lifestyle diseases,,,,,,Money matters/Financial coaching and literacy sessions,,,,Important,Important,Important,Important,,No,Yes,Yes,,NO suggestions
118986755215,Westend,payroll/Human capital,Yes,Male,45-54,Yes,No,He was busy with other duties,None of the above,Not Selected,Not Selected,Not Selected,Not Selected,Not Selected,Not Selected,Not Selected,Not Selected,Not Selected,Not Selected,Not Selected,Not Selected,Not Selected,Not Selected,No,No issue,Personal financial management,Debt management,Retirement planning,Investment,Financial planning,,,,,Men Cave/Women Forum,,,,,,,,,Important,,,,No,Yes,Yes,,No suggestions
118986756844,Sarit Centre Prestige,Universal Banker,Yes,Female,45-54,Yes,No,She was in the hospital for her routine checkup  ,,Not Selected,Not Selected,Work-life imbalance,Not Selected,Not Selected,Not Selected,Not Selected,Not Selected,Not Selected,Not Selected,Not Selected,Not Selected,Not Selected,Not Selected,No,,,Debt management,,Investment,,,,,,Men Cave/Women Forum,Building healthy relationships/marriages,,,,"Building healthy relationships at work (colleagues, team leaders, managers)",Develop a Teens program on contemporary topics,,Important,Important,Important,Important,,No,Yes,Yes,,No suggestions
118986766231,Bishops Gate,Payments,Yes,Male,35-44,Yes,Yes,,,Not Selected,Not Selected,Not Selected,Not Selected,Marital issues,Not Selected,Not Selected,Not Selected,Not Selected,Not Selected,Not Selected,Not Selected,Not Selected,Not Selected,Yes,,,,,Investment,Financial planning,,,,,,,Parenting and childcare,,Money matters/Financial coaching and literacy sessions,"Building healthy relationships at work (colleagues, team leaders, managers)",Develop a Teens program on contemporary topics,,Urgent,Important,Important,Urgent,,No,Yes,,, no suggestions
118986768626,Bishops Gate,Fraud,Yes,Male,45-54,Yes,No,He did not get the time because he works from home,,Not Selected,Work- and work-related stressors,Work-life imbalance,Not Selected,Not Selected,Not Selected,Not Selected,Not Selected,Not Selected,Not Selected,Not Selected,Not Selected,Not Selected,Not Selected,No,,,,Retirement planning,,,,,Health and well-being including lifestyle diseases,,,,,,,,,,Important,Important,Important,Important,,No,Yes,Yes,,No suggestions
118986795594,Naivasha Branch,Customer Service,Yes,Female,35-44,Yes,Yes,,None of the above,Not Selected,Not Selected,Not Selected,Not Selected,Not Selected,Not Selected,Not Selected,Not Selected,Not Selected,Not Selected,Not Selected,Not Selected,Not Selected,Not Selected,No,NOT IN NEED,,,Retirement planning,,,,,,,,,Parenting and childcare,,,,,,,,,,,No,No,No,,NO
118986797328,Queensway House,Business Banking,Yes,Male,35-44,Yes,No,,,Not Selected,Work- and work-related stressors,Not Selected,Not Selected,Not Selected,Not Selected,Not Selected,Not Selected,Not Selected,Not Selected,Not Selected,Not Selected,Not Selected,Not Selected,No,NO REASON,,,Retirement planning,,,,,,,,,,Increased awareness sessions on mental health issues,,,,,Urgent,Urgent,Not Important.,Urgent,,No,No,Yes,NONE,NO
118986801124,Queensway House,Customer Service,Yes,Male,35-44,Yes,No,not away,,Not Selected,Not Selected,Work-life imbalance,Not Selected,Not Selected,Not Selected,Not Selected,Not Selected,Not Selected,Not Selected,Not Selected,Not Selected,Not Selected,Not Selected,Yes,,Personal financial management,,,,,,,Health and well-being including lifestyle diseases,,,,,Increased awareness sessions on mental health issues,,,,,Urgent,Important,Important,Important,,Yes,Yes,Yes,MORE CARE ON WELLNESS ,NONE
118986805401,Bishops Gate,Customer Service,Yes,Male,35-44,Yes,Yes,,None of the above,Not Selected,Not Selected,Not Selected,Not Selected,Not Selected,Not Selected,Not Selected,Not Selected,Not Selected,Not Selected,Not Selected,Not Selected,Not Selected,Not Selected,No,,,Debt management,,Investment,Financial planning,,,Health and well-being including lifestyle diseases,,,,,,,,,,Important,Important,Urgent,Important,,No,No,No,,NO
118986812351,Limuru Branch,Operations,Yes,Male,35-44,Yes,Yes,,,Not Selected,Work- and work-related stressors,Not Selected,Not Selected,Not Selected,Not Selected,Not Selected,Not Selected,Not Selected,Not Selected,Not Selected,Not Selected,Not Selected,Not Selected,No,No reason,,,Retirement planning,,,,,Health and well-being including lifestyle diseases,,,,,Increased awareness sessions on mental health issues,,,,,Important,Urgent,Not Important.,Important,,Yes,Yes,Yes,cant remember,none
118986825825,Digo Road Branch,Operations,Yes,Male,45-54,Yes,Yes,,,Not Selected,Not Selected,Work-life imbalance,Not Selected,Not Selected,Not Selected,Not Selected,Not Selected,Not Selected,Not Selected,Not Selected,Not Selected,Not Selected,Not Selected,No,NO REASON ,,,Retirement planning,,,,,,,,,,Increased awareness sessions on mental health issues,,,,,Important,Important,Important,Important,,No,No,Yes,Not keen ,No
118986828352,Bishops Gate,Operations,Yes,Male,35-44,Yes,No,forgot,,"Personal challenges (career growth, education)",Not Selected,Work-life imbalance,Not Selected,Not Selected,Not Selected,Not Selected,Not Selected,Not Selected,Not Selected,Not Selected,Not Selected,Not Selected,Not Selected,No,no reason,,,Retirement planning,,,,,,,,,Parenting and childcare,,,,,,Important,Important,Important,Important,,Yes,Yes,Yes,Positives,no
118986832084,Bishops Gate,Bancassurance,Yes,Female,45-54,Yes,Yes,,,"Personal challenges (career growth, education)",Work- and work-related stressors,Work-life imbalance,Not Selected,Not Selected,Not Selected,Not Selected,Not Selected,Not Selected,Not Selected,Not Selected,Not Selected,Not Selected,Not Selected,No,WILLING TO TRY,Personal financial management,Debt management,,,,,,Health and well-being including lifestyle diseases,,,,,,Money matters/Financial coaching and literacy sessions,,,,Important,Important,Important,Important,,Yes,Yes,Yes,MORE POSITIVES,NONE
118986838312,Kisumu Branch,COO,Yes,Male,45-54,Yes,Yes,,,Not Selected,Work- and work-related stressors,Work-life imbalance,Not Selected,Not Selected,Not Selected,Not Selected,Not Selected,Not Selected,Not Selected,Not Selected,Not Selected,Not Selected,Not Selected,No,"NOT AWARE, WILLING TO TRY",Personal financial management,,,,,,,Health and well-being including lifestyle diseases,,,,,Increased awareness sessions on mental health issues,,"Building healthy relationships at work (colleagues, team leaders, managers)",,,Urgent,Urgent,Urgent,Urgent,,Yes,Yes,Yes,support from employer,no
118986843514,Bishops Gate,COO,Yes,Female,35-44,Yes,No,Missed the appointment,None of the above,Not Selected,Not Selected,Not Selected,Not Selected,Not Selected,Not Selected,Not Selected,Not Selected,Not Selected,Not Selected,Not Selected,Not Selected,Not Selected,Not Selected,No,Willing to try,,,Retirement planning,,Financial planning,,,,,,,Parenting and childcare,Increased awareness sessions on mental health issues,Money matters/Financial coaching and literacy sessions,,Develop a Teens program on contemporary topics,retirement planning,Important,Important,Important,Important,,Yes,Yes,Yes,great support ,Develop a program for their dependents 
118986864026,Bishops Gate,CSO,Yes,Female,35-44,Yes,No,not around,,Not Selected,Not Selected,Not Selected,Not Selected,Not Selected,Not Selected,Not Selected,Not Selected,Not Selected,Not Selected,Not Selected,Not Selected,Not Selected,Health issues,Yes,did not know,,,Retirement planning,Investment,Financial planning,,,Health and well-being including lifestyle diseases,,Men Cave/Women Forum,,Parenting and childcare,,,"Building healthy relationships at work (colleagues, team leaders, managers)",Develop a Teens program on contemporary topics,,Urgent,Urgent,Important,Important,,Yes,Yes,Yes,support for clients with health issues,more conversations on 
118986870164,Queensway House,Relationship Manager,Yes,Male,35-44,Yes,No,busy,,Not Selected,Not Selected,Not Selected,Not Selected,Not Selected,Not Selected,Not Selected,Not Selected,Not Selected,Traumatic experiences,Loss and Grief,Not Selected,Not Selected,Not Selected,No,managed,Personal financial management,,,Investment,,,,,,,,,Increased awareness sessions on mental health issues,,,,,Important,Urgent,Important,Important,,Yes,Yes,Yes,enhanced wellness awareness,no
118986879624,Westend,Human Resource (HR) department,Yes,Female,35-44,Yes,Yes,,,Not Selected,Not Selected,Not Selected,Not Selected,Not Selected,Not Selected,Not Selected,Not Selected,Not Selected,Not Selected,Loss and Grief,Not Selected,Not Selected,Not Selected,No,,,,Retirement planning,,,,,,,,,Parenting and childcare,,,,Develop a Teens program on contemporary topics,,Important,Important,Not Important.,Important,,Yes,Yes,Yes,,No suggestions for now
118986883551,Nyali Branch,Relationship Manager,Yes,Female,25-34,Yes,No,,None of the above,Not Selected,Not Selected,Not Selected,Not Selected,Not Selected,Not Selected,Not Selected,Not Selected,Not Selected,Not Selected,Not Selected,Not Selected,Not Selected,Not Selected,No,,,,,Investment,Financial planning,,,,,,Building healthy relationships/marriages,,,,"Building healthy relationships at work (colleagues, team leaders, managers)",,,Important,Important,Important,Important,,No,Yes,Yes,it's been a long time since the last survey,no suggestions
118986898334,Thika Road Mall,Business Banking,Yes,Female,35-44,Yes,Yes,,,Not Selected,Work- and work-related stressors,Work-life imbalance,Not Selected,Not Selected,Not Selected,Not Selected,Not Selected,Not Selected,Not Selected,Not Selected,Not Selected,Not Selected,Not Selected,No,managing well,Personal financial management,,,,Financial planning,,,Health and well-being including lifestyle diseases,,,,,Increased awareness sessions on mental health issues,,,,,Important,Important,Important,Urgent,,Yes,Yes,Yes,great support,none
118986903393,Machakos Branch,Sales,Yes,Male,35-44,Yes,Yes,,,Not Selected,Work- and work-related stressors,Not Selected,Not Selected,Not Selected,Financial challenges,Not Selected,Not Selected,Not Selected,Not Selected,Not Selected,Not Selected,Not Selected,Not Selected,No,WAS ABOUT TO MAKE THE CALL,,,,,Financial planning,,,,,,,,Increased awareness sessions on mental health issues,Money matters/Financial coaching and literacy sessions,,,,Important,Important,Important,Important,,Yes,Yes,No,,NO
118986900368,Westend,Credit,Yes,Female,25-34,Yes,No,on leave,,Not Selected,Not Selected,Work-life imbalance,Not Selected,Not Selected,Financial challenges,Not Selected,Not Selected,Not Selected,Not Selected,Loss and Grief,Not Selected,Not Selected,Not Selected,Yes,,,,,Investment,Financial planning,,Anxiety/depression,,,,,,,,,,,Important,Important,Important,Important,,No,No,Yes,,Allocate enough time and counsellors for sessions especially for those who prefer Saturday as their day for getting counselling support  
118986909352,Nkrumah Road Branch,Sales,Yes,Male,45-54,Yes,Yes,,,Not Selected,Work- and work-related stressors,Not Selected,Not Selected,Not Selected,Not Selected,Not Selected,Not Selected,Not Selected,Not Selected,Not Selected,Not Selected,Not Selected,Not Selected,No,OKAY,,,,Investment,,,Anxiety/depression,,,,,,,,,,,Not Important.,Not Important.,Not Important.,Not Important.,,No,No,Yes,CANT MENTION RIGHT NOW,NO
118986912514,Absa Plaza,Operations,Yes,Male,45-54,Yes,No,already had the check ups,,Not Selected,Work- and work-related stressors,Not Selected,Not Selected,Not Selected,Not Selected,Not Selected,Not Selected,Not Selected,Not Selected,Not Selected,Not Selected,Not Selected,Not Selected,No,,,,Retirement planning,,,,,,,,,,Increased awareness sessions on mental health issues,Money matters/Financial coaching and literacy sessions,,,,Important,Urgent,Important,Important,,No,No,Yes,none,no
118986910670,Westend,Relationship Manager,Yes,Female,25-34,Yes,No,Was on leave,,Not Selected,Not Selected,Work-life imbalance,Not Selected,Not Selected,Not Selected,Not Selected,Not Selected,Not Selected,Not Selected,Not Selected,Not Selected,Not Selected,Not Selected,No,,,,,Investment,,,,,,,,,,Money matters/Financial coaching and literacy sessions,,,,Important,Important,Important,Urgent,,Yes,Yes,Yes,,
118986922512,Bishops Gate,Customer Service,Yes,Female,35-44,No,No,did not feel it was private,,Not Selected,Not Selected,Not Selected,Not Selected,Not Selected,Not Selected,Not Selected,Not Selected,Not Selected,Not Selected,Loss and Grief,Not Selected,Not Selected,Not Selected,No,has a personal therapist,,,,Investment,Financial planning,,,,,,,,Increased awareness sessions on mental health issues,,"Building healthy relationships at work (colleagues, team leaders, managers)",,,Urgent,Urgent,Important,Urgent,,Yes,Yes,Yes,lack of group therapy incase of loss of colleagues,group therapy
118986942483,Ngong Branch,Customer Service,Yes,Male,35-44,Yes,Yes,,,Not Selected,Not Selected,Not Selected,Gen-Z protests,Not Selected,Not Selected,Not Selected,Not Selected,Not Selected,Not Selected,Not Selected,Not Selected,Not Selected,Not Selected,Yes,,,Debt management,,Investment,,,,Health and well-being including lifestyle diseases,,,,,,,,,,Urgent,Urgent,Urgent,Urgent,,Yes,Yes,Yes,SERVICES ARE GOOD,scheduling a  time to call.
118986946940,Bishops Gate,Corporate Banking,Yes,Female,25-34,Yes,No,not around ,,Not Selected,Work- and work-related stressors,Work-life imbalance,Not Selected,Not Selected,Financial challenges,Not Selected,Not Selected,Not Selected,Not Selected,Not Selected,Not Selected,Not Selected,Not Selected,Yes,,Personal financial management,Debt management,Retirement planning,Investment,Financial planning,,,,,,,,Increased awareness sessions on mental health issues,Money matters/Financial coaching and literacy sessions,,Develop a Teens program on contemporary topics,,Important,Urgent,Important,,,Yes,Yes,Yes,SUPPORT,OKAY
118986954691,Queensway House,Retail,Yes,Female,35-44,Yes,Yes,,,Not Selected,Not Selected,Work-life imbalance,Not Selected,Not Selected,Not Selected,Not Selected,Not Selected,Not Selected,Not Selected,Not Selected,Not Selected,Not Selected,Not Selected,Yes,,Personal financial management,,,,,,,Health and well-being including lifestyle diseases,,,,,Increased awareness sessions on mental health issues,Money matters/Financial coaching and literacy sessions,,,,,,,,,Yes,Yes,Yes,,NO
118986958099,Premier Flagship,Operations,Yes,Male,35-44,Yes,Yes,,,Not Selected,Work- and work-related stressors,Not Selected,Not Selected,Not Selected,Not Selected,Not Selected,Not Selected,Not Selected,Not Selected,Not Selected,Not Selected,Not Selected,Not Selected,No,MANAGEABLE,Personal financial management,,,,,,,Health and well-being including lifestyle diseases,,,,,Increased awareness sessions on mental health issues,,,,,Urgent,Urgent,Important,Important,,No,No,No,,NO
118987012702,Sarit Centre Prestige,Operations,Yes,Male,35-44,Yes,Yes,,,Not Selected,Work- and work-related stressors,Work-life imbalance,Not Selected,Not Selected,Not Selected,Not Selected,Not Selected,Not Selected,Not Selected,Not Selected,Not Selected,Not Selected,Not Selected,No,NOT IN NEED,,,,Investment,Financial planning,,,Health and well-being including lifestyle diseases,,,,Parenting and childcare,Increased awareness sessions on mental health issues,Money matters/Financial coaching and literacy sessions,,,,,,,,,Yes,Yes,Yes,IMPROVEMENT AND SUPPORT,NO
118987036660,Bishops Gate,COO,Yes,Male,35-44,Yes,No,not around,,Not Selected,Not Selected,Not Selected,Gen-Z protests,Not Selected,Not Selected,Not Selected,Not Selected,Not Selected,Not Selected,Not Selected,Not Selected,Not Selected,Not Selected,No,no reason,,,Retirement planning,Investment,,,,Health and well-being including lifestyle diseases,,,,Parenting and childcare,Increased awareness sessions on mental health issues,Money matters/Financial coaching and literacy sessions,,,,Important,Important,Important,,,Yes,Yes,Yes,NO MAJOR ISSUES,NO
118987048718,Kitale Branch,Customer Service,Yes,Male,25-34,Yes,Yes,,None of the above,Not Selected,Not Selected,Not Selected,Not Selected,Not Selected,Not Selected,Not Selected,Not Selected,Not Selected,Not Selected,Not Selected,Not Selected,Not Selected,Not Selected,No,,,Debt management,Retirement planning,,,,,,,,,,Increased awareness sessions on mental health issues,Money matters/Financial coaching and literacy sessions,,,,,,,,,No,No,No,,NO
118987073911,Bishops Gate,Risk,Yes,Female,25-34,No,No,busy,,Not Selected,Work- and work-related stressors,Not Selected,Not Selected,Not Selected,Not Selected,Not Selected,Not Selected,Not Selected,Not Selected,Not Selected,Not Selected,Not Selected,Not Selected,Yes,,,,,,,,,,,,,,,Money matters/Financial coaching and literacy sessions,,,,,,,,,Yes,Yes,Yes,makor support interms of support from employer,no
118987084684,Bishops Gate,Operations,Yes,Female,35-44,Yes,Yes,,,Not Selected,Work- and work-related stressors,Not Selected,Not Selected,Not Selected,Not Selected,Not Selected,Not Selected,Not Selected,Not Selected,Not Selected,Not Selected,Not Selected,Not Selected,Yes,,,,,Investment,,,,Health and well-being including lifestyle diseases,,,,,Increased awareness sessions on mental health issues,Money matters/Financial coaching and literacy sessions,,,,Urgent,Urgent,Important,Urgent,,Yes,Yes,Yes,NEEDS MORE SUPPORT FROM THE EMPLOYER IN REGARDS TO WORKLOAD,MORE PHYSICAL ACTIVITIES
118985851031,Bishops Gate,Operations,Yes,Male,45-54,Yes,Yes,,,Not Selected,Not Selected,Not Selected,Not Selected,Not Selected,Not Selected,Not Selected,Not Selected,Not Selected,Traumatic experiences,Not Selected,Not Selected,Not Selected,Not Selected,Yes,,Personal financial management,Debt management,Retirement planning,Investment,Financial planning,,Anxiety/depression,Health and well-being including lifestyle diseases,,,,,Increased awareness sessions on mental health issues,,,,,Important,Important,Important,Important,,Yes,Yes,No,,No
